甘露园中街,50
四道口路,50
文华东路,50
阜盛大街,-1
东冉北街,50
中关村南一条,30
东四环南路,90
大外廊营胡同,-1
太平庄中街,50
G7,130
文化胡同,-1
南八宝胡同,30
天宫路,50
太舟坞桥,30
中京畿道,50
Chukuying Hutong,-1
南纬路南巷 (nánwěi lù nán xiàng),30
西直门北大街,50
西苑操场路,50
高家坡路,30
冠城南园东侧路,30
中东路,50
魏东路,50
海淀南路,50
六里桥,130
4th Ring Road,90
京新高速西二旗桥,130
甘雨胡同,50
大木仓胡同,50
永泰庄路,50
北太平路,-1
兴房大街,50
陶然亭路,50
花园胡同,-1
科怡路,50
软件园南街,50
慈慧胡同,30
三元里街,30
奥体中路,-1
东兴隆街,50
宏康路,50
城北街,50
方庄南路,-1
岔口请右行，经盘景轩，上点将台,-1
鹫峰北路,-1
青年路,50
西煤厂胡同,-1
灯市口西街,50
东铁营桥,90
南丰路,50
永定门西滨河路,90
梨园路 (líyuán lù),50
前半壁街,30
娇子胡同,-1
城子大街,50
金丝胡同,-1
德华里,-1
横穿铁路,-1
福祥胡同 ,-1
凉水河路,50
建国门桥,70
德茂桥,90
槐柏树街,50
惠力路,30
东柏街,50
颐和园路,50
外馆斜街,50
柳林路,30
科创十二街,50
方家胡同,-1
公园北环路,-1
新民路,-1
Nanmofang Rd.,-1
团结湖中路,-1
知春路,50
太平街,50
Beilu Caoyuan Hutong,-1
东直门外大街,-1
龙岗路,50
肉市街,30
东滨河路,-1
木樨地,30
小草厂胡同,30
棕树二条,-1
马家堡路,50
Airport Expressway,130
前肖家胡同,-1
朝阳北路 Chaoyang Beilu,-1
广渠门桥,70
北极阁头条,30
八角桥,90
安贞路,50
金宝街东南角辅助路,-1
金台路,-1
北新平胡同,30
芦求路,-1
栗周路,30
西魏胡同,-1
新农街,50
小区内路线,-1
隆华路,50
红领巾桥,50
科创九街,50
新张南路,50
九米路,-1
六圈路,30
育慧东路,50
小八道湾胡同,-1
东四南大街,50
高丽营南桥,50
白纸坊西街,50
黑龙潭路,-1
Beiguanfang Hutong,-1
陶然桥,-1
卢沟桥北路,30
阜成路,50
拥军路,30
西苑桥,-1
交道口北二条,-1
紫竹院南路,50
京密路,90
Zhufang Lu,50
北兵马司胡同 ,-1
房琉路,50
Xiaoying Lu,50
东花市大街,50
北辰路,50
金台北街,30
钟楼北桥,90
六铺炕一巷,30
延寿街,-1
景园北街,50
古城路,30
Shuangyuan Qiao,130
环枫树岭路线,-1
工人体育场东路,-1
莲花河东侧路,30
七号路,30
南湖中园二条,50
北池子大街,50
白家疃西路,50
东升南路,50
旌勇里,30
板桥二条,-1
岳各庄北桥,90
白米仓胡同,-1
北京-拉萨高速公路,130
三里屯东二街,30
草厂四条,-1
旧鼓楼外大街,-1
甜水街,-1
工人体育场北路,50
射击场路,50
东板桥街,-1
京原路,90
左家庄南斜街,30
皂君庙路,-1
琉璃寺胡同,-1
下庄北桥,-1
京通快速道路,130
Songzhuang Lu,50
春华路,-1
安宁家园东路,30
什邡小街,30
香饵胡同,30
迎宾桥,-1
红大路,50
永兴达桥,-1
志新东路,-1
Xiaoheihu Hutong,-1
定慧南桥,90
安定门西滨河路,30
粮食店街,30
三道栅栏胡同,-1
兴旺路,70
行知路,30
上河沿路,30
四季青路,30
十八里店环岛,50
地安门内大街,-1
清苑北街,-1
西直门南小街,30
天竺大街,50
金蝉西街,30
猴子爬,-1
益泽路,30
站前街,30
芦宋路,50
新东路,50
六合三条,-1
宋梁路,70
农展馆北路,50
西花厅胡同,-1
采源路,50
Pizza Plus Seating Area,-1
大苑村桥,130
兴贸一街,50
西苑北桥,-1
东环南路,-1
十里堡路,30
西六环,130
Longtan Rd,50
Houfeng Lu,-1
恭俭胡同,-1
万达桥,-1
Jiudaowan Zhong Xiang Hutong,-1
车公庄北里中路,50
通胡大街,50
小红门桥,90
通顺路,50
大乘巷,30
Paoju Ertiao,-1
上庄家园西路,30
洋桥南滨河路,50
北京站东街,70
西长安街,70
北兴路,-1
云居胡同,-1
永翔北路,50
湿井胡同,-1
鼓楼东大街,-1
永丰西路,-1
富丰路,-1
垡头东街,30
北环路,50
右安南桥,90
鸿博路,-1
贵园中路,50
三里屯西六街,30
大纱帽胡同,30
上庄路,50
南四环东路,50
永丰路,-1
临河里路,50
祥云路,30
承泽园路,30
大茶叶胡同,-1
京藏高速,130
月坛西街,30
景山西街,50
珠市口西大街,70
沙塘南巷,30
育盛街,50
报房胡同,-1
先农坛前街,50
北土城东路,50
前赵家楼胡同,30
罗家胡同,30
求知路,30
海运仓胡同,30
迎宾东路,50
健安西路,30
东羊管胡同,30
门楼胡同,-1
Tienliao Hutong,-1
天辰东路,50
汽车博物馆西路,30
义达里,30
吕营东环路,30
鲁谷大街,-1
卧龙东路,30
水车胡同,-1
右安门外大街,-1
京开高速,130
温北路,50
看丹桥,90
广顺桥,90
旧鼓楼大街,-1
丽泽桥,90
后马厂胡同,-1
国图桥,-1
翻过可至盘山公路,-1
园博大道,-1
小黄庄北街,30
同济中路,50
科创五街,-1
望园路,50
油漆作胡同,-1
魏西路,50
崔府夹道,30
兴华大街,70
沙子口中路,30
A口,-1
Y610,-1
小江胡同,30
朝外北街,50
红寺桥,90
朝阳门南大街,90
内环西路,30
四道口北街,30
芳星路,30
马甸南路,30
沙阳路,-1
后广平胡同,50
西苑医院路,30
油坊胡同,30
黄村西大街,50
玉带桥,-1
成寿寺中路,50
秀峰寺路,30
尚家楼路,50
杨庄路,50
大灰厂东路,50
广场东侧路,70
柏林胡同,-1
刘家窑桥,90
龙潭东路,50
北岗子街 Beigangzijie,-1
规划四路,50
左安门桥,-1
大红门路,50
东华门大街,50
双营路,50
军博西路,50
芳园南街,30
德胜西里,30
西直门南大街,50
旧宫东路,-1
石板房南路,-1
碧水庄园,-1
Shazikou Rd,50
融商六路,50
Qingta Xilu,-1
会城门东路,30
朝阳公园西路,30
景泰东路 Jingtai dong lu,30
通惠寺街,30
东三环南路,90
屏翠东路,50
樊羊路,50
环三路,30
建安街,50
定阜街,30
东管头,30
爱民二巷,30
近春路,-1
小石桥胡同,30
地盛南街,50
永泰庄北路,50
火药局胡同,30
清源北路,50
通汇路,50
利泽中二路,50
体育场路,50
真武庙路二条,30
高芹路,-1
小力胡同,-1
大郊亭中街,30
长巷五条 Changxiang Wutiao,-1
台湖大街,50
石榴庄路,50
张郭庄南路,30
寿比胡同 ,-1
大学夹道,-1
魏家胡同,-1
后细瓦胡同,-1
周家庄路,50
科创七街,50
荣昌西街,-1
软件园四号路,50
天北路,-1
北五村小区路,50
金西路,50
崇文门西河沿,50
上地十街,50
北京-塘沽公路,130
沙子口路,50
九棵树中路 (jiǔkēshù zhōng lù),50
北新桥二条,-1
首都机场高速公路,130
八里桥,-1
Qingxiu Xiang,-1
真武庙路,30
顺白路,70
Jian'an Xijie,30
大菊胡同,-1
天河西路,50
东大桥路,-1
枯柳树桥,130
南湖北路,50
朱家胡同,-1
北展北街,30
吴家场路,30
泰河一街,30
田村山南路,-1
中路,30
无名路,-1
嘉创路,50
兴光三街,30
信息北路,50
方砖厂胡同,-1
前屯路,50
西红门南桥,90
金桐东路,30
史各庄主干道,30
朱岗路,50
后英房胡同,30
慈寿寺桥,50
Qikeshu Bridge,90
望园东路,50
福缘门路,30
小羊宜宾胡同,30
永定路,50
潭柘寺隧道,90
回龙观东大街,50
车公庄大街,70
莲怡园东路,30
定泗路,50
励骏酒店内部路,-1
民族小学东侧路,30
Daxiangfeng Hutong,-1
西二旗西路,50
地方路2号桥,-1
香山第一防火道,-1
石雀胡同,-1
东三环北路 No.Ring Road,90
九龙山路,30
小半截胡同,-1
石园南大街,50
马家堡东路,-1
大井桥,-1
金顶路,50
景恒街,30
融商七路,50
怡乐北街 (yílè běijiē),30
三里河北街,30
入口,30
良乡中路,-1
流水巷,-1
增光路,50
帘子库胡同,30
永昌南路,50
金顶北街,50
黑芝麻胡同,-1
贡院西街,50
施家胡同,-1
阜荣街,50
华威西里,30
煤市街,-1
龙禧三街,50
北长街,50
西二旗南路,50
干面胡同,-1
科创十六街,50
前柳林桥,130
鲁瞳桥,70
潭王路,50
荣华南路,-1
前海北沿,30
四元桥,90
古城北路,50
Yushu Alley,-1
柏儒西街,30
教子胡同,50
安立路,50
牌坊村路,50
警备东路,30
广渠门外大街,50
小红门路,30
红坊路,50
镇国寺北路 Zhenguosi beilu,50
京良桥,90
滨海胡同,-1
环二路,30
东北旺中路,50
利泽西街,50
顺平南线,70
站前路,30
平顶山脊,-1
来广营东路,50
Huguosi Dayuan,-1
奥林东路 (àolín dōng lù),70
毛纺路,50
上地七街,-1
东黄城根北街,30
果子胡同,30
星光路,70
石景山路,50
魏新大街,50
板井路,50
沙窝街,30
西铁匠胡同,50
长巷三条,-1
Tanghua Alley,-1
甜水园东街,30
沙窝桥,90
游泳场北路,30
正大南路,50
杨庄大街,50
Jian'an Xilu,30
长春桥,50
严正街,30
耀武胡同,-1
东厅胡同 Dongting Hutong,-1
苏庄西街,30
北辰桥,-1
小屯西路,50
六铺炕北街,30
永泰庄东路,50
实兴北街,50
新华路,30
南钱串胡同,-1
南大红门桥,90
长兴路,-1
东打磨厂街,50
昌运宫路,-1
Jianyuan Nanlu,-1
日坛东一街,30
水碓子街,-1
延静里中街,30
苏庄桥,-1
瀛海路,30
西罗园北路,30
彩和坊路,50
成府路,50
芦潭古道,-1
科创十七街,-1
王皮胡同,-1
激情穿越线,-1
故城东路,50
白盆窑,50
石头胡同,-1
Guanghe Rd,30
航站楼联络线,-1
黑窑厂街,30
G7辅路,50
化石营东巷,-1
太平路,50
常青路,50
南中轴路,70
凤渠路,50
东直门北中街,30
广成街,30
北总布胡同,30
德胜门东大街,90
丹棱街,50
槐房西路,-1
武圣路,50
昆明湖东路,50
大石河2号桥,70
南新平胡同,30
稻香湖路,50
Jiaomen Lu,50
荣华路南环岛,-1
紫安路,50
丰贤中路,50
云岗路,-1
Huangyi Lu,-1
龙跃街,30
glodon_level_1,-1
天华西路,50
交道口东大街,-1
果园环岛,50
八角路,30
宏达中路,50
城内街,30
北马庄桥,-1
广安门车站西街,50
红井胡同,50
玉隆路,30
永昌中路,50
安贞桥,50
北礼士路,50
大高力庄路 (dàgāolìzhuāng lù),50
大窦路,-1
Shimencun Lu,30
烂缦胡同,30
左家庄桥,130
Xiqing Lu,-1
三台山路,70
东四十二条,-1
河泊厂胡同 Hebochang Hutong,30
京昆高速,130
后圆恩寺胡同,-1
钱粮胡同,-1
福宏同乐胡同,-1
Hongtudian Hutong,-1
河泊厂北巷 Hebochang bei xiang,30
中关村创业大街,-1
京新高速北清桥,130
汤立路,30
健身道,-1
徐宋路,50
团结湖北三条,-1
常青园路,50
白米斜街,-1
Wanfeng Lu,-1
三台路,50
文昌东路,-1
宫门前街,50
柏树胡同,30
静安西街,-1
后沟胡同,30
礼士胡同,-1
望京北路,50
辅仁路,-1
三虎桥北路,50
北太平桥,90
Wenzhang Alley,30
黄陈路,30
金蝉中路,30
广渠路,-1
邮通街,30
车站路,50
西直门外大街辅路,50
府前西街,-1
广安门北街,50
科创四街,50
An Hua Street,50
文体路,30
银河南街,50
Xinhua Dajie  新华大街,-1
瓜田路,30
福田生活区一路,30
满井桥,-1
东斜街,30
莲宝路,50
长巷三条 Changxiang Santiao,-1
清河中街,50
潘家胡同 (pānjiā hútong),-1
万柳华府南街,30
科慧大道,50
立水桥北路,50
甘井胡同,30
南礼士路,50
西扬威胡同,30
四季青桥,90
王府井南口东通道,-1
雪池胡同,-1
良庄西街,30
吉安所右巷,-1
唐家岭路,30
公益东桥,90
和平里东街,50
京沈路,90
沙河大桥,130
新兴桥,90
铜铁厂胡同,-1
板桥头条,-1
保福寺桥,-1
大庆-广州高速公路,130
后纱络胡同,30
Beiqianchuan Hutong,-1
巴沟路,-1
厂洼西街,30
欣美街,50
莲玉桥,70
东四六条,-1
古城小街,30
花枝胡同,-1
梨园北街,50
定泗桥,-1
卢沟桥南路,70
广顺北大街,50
柳巷,30
民族园西路,-1
政协路,30
文华路,50
Qinghe Donglu,-1
安河桥大街,-1
警备西路,30
大红罗厂街,50
秋实路,30
顺密路,70
榭湖桥,-1
GUanghuali,30
利泽中一路,50
北新华街,50
八角南路,30
星规路,50
京周路,70
新太平胡同,-1
兴海路,50
老年休闲线,-1
莲芳桥,70
中关村北二条,30
清华东路,-1
科创十街,50
前门2号通道,-1
西交民巷,50
长政北街,30
天华北街,50
林业大学北路,50
定福庄北街 (dìngfúzhuāng běi jiē),30
樱花园,-1
小天竺路,50
Houfeng Qiao,-1
文化园西路,-1
南半截胡同,30
南火扇胡同,-1
箭亭桥,90
阳八路,50
复兴门内大街,70
清华西路,-1
工体街,30
东营房胡同,30
八一厂路,30
兴良环岛,70
什锦花园胡同,-1
利泽中街,50
朝阳门北大街,90
大栅栏西街,-1
拱辰大街,50
宛平城城墙,-1
贡院头条,30
广莲路,30
前门3号通道,-1
红楼东巷,30
二龙闸路,50
美术馆东街,50
科创街,-1
前英子胡同,-1
牡丹园北路,30
焦沙环岛,50
阳照胡同,30
大瓦窑桥,-1
雕塑园中街,50
廊房头条,30
生命科学园到史各庄小路,-1
金奖胡同,-1
Laiguangying Bridge,90
软件园2号路,50
中滩村北一街,50
阎周路,-1
白家疃路,50
纱络胡同,-1
吉安所北巷,-1
模式口东里,30
呼家楼北街,-1
万盛南街 (wànshèng nán jiē),50
天宝北街,50
德胜门外大街,50
Jiangtaicun Lu,50
鲜鱼口街,50
蒲芳路,50
Jian'guo Lu,30
Daheihu Hutong,-1
笔杆胡同 Bigan Hutong,-1
二七剧场路,30
京津唐高速,130
西环路,50
景泰路,50
大华路,30
南线阁街,50
东华门内石桥,-1
红山桥,90
大红门桥,90
西砖胡同,-1
刘家窑路,30
金河路,50
绣漪桥,-1
大栅栏商业街,-1
Y709,50
榆树馆桥,70
南平街,50
水担路,-1
西环中路,-1
金蝉南路,50
珠市口东大街,70
京福路,90
下店路,-1
新街口四条,-1
白石新桥,-1
富丰桥,90
紫草坞北桥,-1
东风桥,90
东四西大街,50
板桥三条,-1
铁营胡同,-1
石佛营西路,50
金桐西路,50
留学路,30
新街口二条,-1
双桥路,50
卢沟新桥,70
光泽胡同,-1
兴贸二街,50
皮库胡同,30
合欢北街,50
前海西街,50
丰盛胡同,30
回南路,-1
南礼士路头条,30
博兴二路,50
嘉园路,-1
立水桥公园南门,-1
DongBa South 1st Street,30
崇文门外大街,70
北京-港澳高速公路,130
铺陈市胡同,30
福泽路,-1
定慧桥,70
Luxi Lu,50
顶银胡同,-1
细管胡同,-1
前门西大街,70
高空脚踏车,-1
西王佐北桥,130
看丹路,50
白纸坊东街,50
团结巷,-1
久敬庄路,50
经海二路,50
汾州胡同,-1
蔡家楼胡同,30
丽泽路,50
太子峪环岛,50
西辛庄路,-1
体育场东街,50
文昌西路,-1
东冠英胡同,30
学堂路,-1
草厂七条,-1
前海东沿,30
管委路,30
京石高速公路,130
后赵家楼胡同,30
鲁坨路,-1
玉桥东路,30
石园东路,50
万泉河路,50
泰河路,-1
老山东小街,50
中心三路,30
Malang Hutong,-1
实业大街,50
育慧南路,50
广德北巷,30
朝阳门外大街,-1
西红门北环路,50
一亩园东路,30
针织路,50
西冉北街,-1
金榆路,-1
八大处路,50
东花市西街,30
力源里北街,30
树村西路,-1
箭厂胡同,-1
田各庄路,50
西四环中路,50
七圣南路,30
西二旗中路,50
海淀东三街,30
高教园中街,50
苛罗坨隧道,90
东四五条,-1
和平西桥,90
前门东路,-1
团结湖南路,30
小井桥,130
阜石路,70
西黄村桥,50
东北城角联络线,130
东不压桥胡同,-1
羊坊店西路,50
冷泉桥,50
屏翠西路,50
绿茵欢歌,-1
万寿寺路,50
福源路,-1
地泽路,50
怡乐中街 (yílè zhōngjiē),30
小武基桥,-1
大红门东桥,90
同仁东路,30
阜安西路,50
白纸坊胡同,-1
黄徐路,-1
祈年大街,50
东绒线胡同,-1
六郎庄桥,90
跳伞观光塔广场,-1
香山路,50
苏家坨西路,30
西二号路,-1
西便门外大街,50
安宁庄东路,50
树村路,50
河荫西路,50
黄平路,30
文昌大道,50
燕东路,50
大甜水井胡同,30
广场西侧路,70
育知东路,50
展春二桥,50
恒惠西路,50
嵩祝院北巷,-1
美术馆后街,50
西黄城根北街,50
鲁谷路,-1
Tanggong Alley,-1
什邡街,30
怡乐中路 (yílè zhōng lù),50
衙门口桥,90
远大南路,30
兴华中街,-1
龙泉寺北路,30
双峪路,50
彩虹城社区道路,-1
南四环西路,50
山老胡同,30
北太平庄路,-1
西大望路,50
Lady Street,-1
惠新东街,50
西中胡同,-1
海户路,50
断虹桥,-1
西罗园南里 Xiluoyuan nanli,30
王庄路 (wángzhuāng lù),50
惠新东桥,90
北新桥三条,-1
樱花小街,30
Bao Fang Hu Tong,-1
G6辅路,50
宝珠子胡同,30
文化园东路,-1
弘燕路,50
东中街,30
Shunsha Lu,70
祥瑞街,50
六合胡同,-1
太阳宫北街,50
芦上桥,130
厂桥胡同,30
光明路,-1
beizhanhouhu,30
XiaoChengXiang,30
海淀东一街,30
G4辅路,50
feng dan li she lu,-1
十七孔桥,-1
中关村二桥,50
海淀路,30
后帽胡同,-1
京港澳高速公路,130
建国门北大街,90
北大街,30
朝阳无限路,-1
泰河二街,50
米粮库胡同,-1
北窑上桥,130
槐房北路,50
南苑西路,30
北官厅胡同,30
灯草胡同,-1
东枪厂胡同,-1
二七厂路,50
京通通燕联络线高速公路,130
莲宝中路,30
弘通巷,30
棕树头条,-1
纳福胡同,-1
海淀西街,30
垡头路,-1
肖家河桥,50
永顺南街,30
翠湖北路,50
车公庄北街,50
开阳桥,90
玉泉山路,50
朝阳路,50
上庄中路,30
东四十三条,-1
中关村北二街,30
Nangangzijie,30
Jiayuan Lu,-1
安化北里 Anhua bei li,30
菊儿胡同,-1
好汉坡,-1
燕京北街,30
朝阳门北小街,-1
彩和坊西小街,30
云风路,-1
学院路,50
天宁寺桥,70
太平庄中一街,50
爱民一巷,30
Xihua Ting Hutong,-1
郭公庄路,50
建清园小区环路,30
亮果厂胡同,30
前井胡同,-1
金蝉小街,30
大席胡同,-1
西安街,30
东四十四条,-1
Lingdang Hutong,-1
聂各庄西路,-1
拱辰北大街,-1
买卖街,50
正阳门西地下通道,-1
黄木厂路,30
仓夹道,30
永澄南路,50
软件园2号路二期,50
长泽南街,30
烟袋斜街,-1
长桥,-1
方园南街,-1
黑陈路,50
建国门内大街,70
雍和宫桥,90
九棵树西路,-1
八颗杨南街,30
交道口北三条,-1
玉桥中路,50
天富街,50
Y005,-1
Y004,-1
小白顺胡同,-1
雅安路,30
Y001,-1
庑殿璐,50
北四条,30
布巷子胡同,30
西壁营胡同,-1
北京-上海高速公路,130
东单北大街,50
小郭庄,30
西环南路,-1
杨闸环岛,90
平房桥,90
时代花园南路,50
南池子大街,50
东便门桥,-1
地安门外大街,70
西四北六条,-1
百万庄大街,-1
莲花池西路,70
银泉路,30
复兴门北大街,50
兵部洼胡同,50
新街口南大街,-1
文慧桥,-1
丰台东路,50
Xindong Lu,-1
青河路 (Qīnghé lù),-1
嘉和路 Jiahe lu,50
翠微路,30
东口袋胡同,-1
崇文门西大街,70
荣昌东街,-1
Fangzhuang Donglu,-1
老山东街,50
白蜡大道,30
雍和宫大街,-1
鸦儿胡同,-1
金星桥,130
手帕口桥,50
软件园西路,50
故宫西门外,-1
南菜园街,50
机场西路,50
铁路跨线桥,70
西单北大街,-1
东交民巷,30
清源东路,70
宣武门西大街,70
Shanqianju Hutong,-1
房山北大街,50
永祥西巷,-1
Shilong Xilu,50
康营东路,50
凤凰岭路,-1
八角西街,50
南磨房路,-1
北新仓胡同,30
銮庆胡同,-1
景华北街,30
日坛北路,-1
翠湖路,30
东直门北大街,50
杨庄路 (yángzhuāng lù),50
畅春园路,30
桃条胡同,-1
东苇路,50
圣水嘉名南侧路,50
Cuzhang Hutong,-1
人民大学北路,30
樱花园东街,50
双羊路,50
恒惠东路,50
弘善胡同,-1
大兴隆胡同,-1
立身路,-1
前车胡同,-1
上地八街,50
排子胡同,-1
杏花东路,30
鼓楼西大街,-1
永定门外大街,50
运成街,50
新开胡同,-1
东直门外小街,30
西平街,50
高碑店路,50
大觉寺路,50
农科院西路,30
小院西巷,-1
白纸坊桥,90
同成街,50
刘庄子路,30
花园巷,-1
永外车站路,50
蔡家胡同,-1
无名道路,30
永引渠南路,-1
四元西桥,-1
永华路,50
前马厂胡同,-1
大屯路,50
清林路,50
善缘街,50
新都路,30
手帕口南街,50
羊坊店东路,30
南三环西路,90
辛寺胡同,-1
林萃桥,90
华远街,50
志新桥,90
松树街,30
常乐路,30
马甸西路,30
Chunze Lu,30
宏昌路,50
庆丰路,50
糖房大院,-1
昆明湖南路,50
东壁营胡同,-1
中关村东路,50
六里屯南路,50
交道口北头条,-1
西八里庄路,30
彰化南路,30
煤渣胡同,30
金港国际赛车场,-1
京哈高速公路,130
西二旗东二路,50
阀东桥,130
Qiangan Hutong,-1
内务部街,-1
文学馆路,50
景山前街,-1
卫星桥,-1
国家体育场北路,50
万柳西路,30
育德胡同,-1
苇坑胡同,-1
隆福寺街,30
三里屯路,50
北土城西路,50
文慧园南路,30
廊房三条,-1
Huangmuchang Lu,50
11,70
大柳树路,50
四路通路 Silutong lu,30
08广场,-1
广安路,50
望京西路,50
体育馆西路,30
群星路,30
分钟寺桥,-1
中关村三桥,50
胜古北路,30
东安街,30
金沟河桥,90
拱辰南大街,50
天宝西路,50
红军营东路,50
北青云路,30
西海西沿,-1
门框胡同,30
良园二路,50
Houtiejiang Alley,-1
Jiaomen Nanlu,50
石碑胡同,50
东坝路,50
六合头条,-1
学院胡同,30
民丰胡同,50
Dayu Hutong,30
学清苑小区北路,30
南新园东路,50
银河东街,50
莲芳东桥,70
Guanghuali,30
学府树中街,30
右外斜街,30
北苑东路 (běiyuàn dōng lù),50
广宁伯街,-1
真武庙路三条,30
郡王府广场,-1
红莲南路,50
金苑路,50
朝阳门南小街,-1
丰台南路,50
紫园南路,-1
阜成门南大街,50
赵堂子胡同,30
化工路,-1
雅宝路,30
静安东街,50
北五环,90
志新北里,-1
聂各庄东路,50
正阳桥,-1
太平桥路,50
高白路,-1
博林路,50
上清桥,130
体育场南路,-1
建材城中路,50
真武庙路四条,50
西打磨厂街,-1
昊天东路,30
Shunsitiao,30
5th Ring Road,90
东长安街,70
五棵松桥,90
大杨家胡同,-1
广安门北滨河路,90
太平庄中二街,50
田府村路 (tiánfǔcūn lù),50
学院桥,50
青年北路,30
育芳园北路,30
南芦草原胡同,-1
大金丝胡同,-1
骑河楼北巷,30
亦兴北路,50
地泽北街,50
科技大道,50
大中安胡同,50
龙翔路,-1
四楼巷,-1
口小路,50
东河沿路,30
看丹南路,-1
蓝靛厂中路,30
科创一街,50
八家北路,-1
鼎成路,50
园景胡同,-1
铁医路,30
温榆河大桥,130
永安路,50
小营西路,50
天坛东路,70
Dingyin Hutong,-1
永恒胡同,-1
博兴七路,30
富华路,-1
纪家庙路,50
Qiantiejiang Hutong,-1
前孙公园胡同,-1
团结湖北五条,50
蓑衣胡同,-1
西海东沿,-1
裕华路,50
玉虹桥,-1
石园北大街,50
王庄路,50
三元西桥,90
北沙滩桥,130
西利市营胡同 Xilishiying Hutong,30
东经路 (dōngjīng lù),30
老营房路,30
科创十四街,50
樱桃三条,30
厂洼东一街,30
馆中路,-1
金盏桥,130
永泽北路,50
西四北五条,-1
麦子店西街,30
光明桥,50
Jingxian Bridge,90
营盘沟路,30
顺航路,50
王府井大街 (Wángfǔ jǐng Dàjiē),50
荣华中路,-1
双柳巷,-1
东总布胡同,30
留题迹胡同,-1
稻香湖桥,130
三元桥,90
苹果园大街,50
Guangqu Lu,-1
阳马路,50
陕西巷,-1
物流二街,50
大羊坊北桥,90
奥林东路,70
厢黄旗路,30
南弓匠营胡同,30
上地二街,50
长青园路,30
张庄桥,130
北京-哈尔滨公路,130
垡头街,-1
航天桥,70
丰茂路,30
北沟沿胡同,-1
成仪路,50
垡头桥,130
大院胡同,-1
隆庆街,50
W. Guanghe Rd,50
关东店一巷,-1
北坞村路,50
大新开胡同,-1
南吉祥胡同,-1
百花深处,-1
永兴路,50
金鱼池街,30
大峪南路,-1
木樨园桥,50
红楼南巷,30
双寺胡同,-1
东方东路,30
至善路,-1
沙滩北街,30
;顺沙路,-1
北京-酸枣岭高速公路,130
培英胡同,-1
兴业街,50
宝盛路,50
前营胡同 Qianying Hutong,30
欣雅街,30
五环,90
万柳桥,90
椿树馆街,30
北京-哈尔滨高速公路,130
花园东路,50
平台桥,-1
南草厂街,50
Guanghe Lu,30
莺房胡同,30
西平园胡同 (xī píngyuán hútong),30
千灵山桥,130
豆腐池胡同,-1
百子湾路,30
永安东里,50
真武庙路头条,30
鲁谷桥,90
王佐桥,130
温泉东里中街,30
草岚子胡同,30
海淀大街,50
群力胡同,-1
丰茂北路,30
宏业路,50
三海子东路,-1
东直门南小街,-1
Fengzhuyuan Beilu,50
西便门内大街,50
小铜井胡同,-1
二巷,-1
海鹰路,30
万芳桥,90
榴乡路,50
东沙河桥,50
香乐胡同 Xiangle Hutong,-1
五景桥,-1
府右街,50
青龙桥东街,30
方庄桥,90
Wenchang Alley,30
田村路,50
弘燕桥,90
燕莎东侧路,30
幸福村中路,30
联慧路,30
柳桥,-1
永大路,30
博兴五路,-1
Jiuxianqiao Lu,-1
创业路,50
万泉河桥,90
融商三路,30
博兴西路,-1
四惠桥,130
前门西后河沿街,-1
Lazhu Hutong,30
团结湖路,50
冷泉东路,50
五四大街,-1
南宫路,50
B口,-1
温南路,70
紫元立交桥,70
San Li Tun Back Street,30
前门6号通道,-1
稻香湖西路,-1
Dajinsi Hutong,-1
西翠路,50
茂林居西路,50
艺华胡同,50
草厂八条,-1
贾家胡同 (jiǎjiā hútong),-1
京师路,-1
黄杉木店路,50
草场胡同,-1
莲花池南路,30
方庄环岛,50
芙蓉北路,50
大钟寺东路,50
西苑路,50
姜庄路,50
得丰东巷,-1
金宝街,-1
画眉山路,30
潭柘寺环岛,70
南礼士路二条,30
北翔凤胡同,50
百望山北路,50
护国寺东巷,-1
冷泉路,50
首都机场路,50
练桥,-1
Jingkai Expressway,130
广平大街,50
六郎庄路,30
上地东路,50
玉林西路,50
王村路,50
中环西路,30
东廊下胡同,-1
西三环北路,50
回龙观桥,-1
胭脂胡同,-1
科学园南里西街,30
学清路,50
孝友胡同,-1
红居斜街,30
国祥胡同,-1
金沟河路,50
二里庄南口,-1
东四头条,30
武定侯街,50
西五环,90
民族小学北侧路,30
南五环,90
蓝靛厂东路,-1
幸福街,50
港沟街,-1
大半截胡同,-1
新街口东街,50
高里掌路,50
梁家园北胡同,-1
Zoudi Rd,-1
北草厂胡同,50
天辰西路,50
温榆河绿道昌平段,-1
三里屯东街,30
二龙路西街,50
泉宗北路,30
玉带河东街,50
崇文门内大街,-1
玉虹北街,50
经海一路,-1
登山健身线,-1
6th Ring Road,130
云景南大街 (yúnjǐng nán dàjiē),50
月坛南街,50
安宁庄后街,30
太平庄南路,50
泥洼路,30
京新高速,130
房山站路,30
景华街,30
凤凰岭南路,30
嵩祝院西巷,-1
上地四街,50
良乡东路,-1
姚家园路,50
798 Donglu,-1
温榆桥,130
三井胡同,-1
西四环北路,50
富有路,50
太平庄中路 (tàipíngzhuāng zhōnglù),50
复兴门南大街,90
Beigongda Lu,50
炮局胡同,-1
日坛东二街,30
大齐家胡同,-1
悦秀路,30
月坛南桥,90
通惠北路,50
北京南站路,50
培智胡同,-1
十八里店南桥,90
机场第二高速,130
甘雨桥,30
联想桥,90
望花路,50
Mo Shi Kou Street,50
东安街头条,30
玉泉营桥,90
宝产胡同,-1
地盛东路,50
闹市口大街,-1
宏达南路,50
小翔凤胡同,-1
顺源街,50
云景东路 (yúnjǐng dōng lù),50
首都机场辅路,50
大慧寺北路,30
Beiqiaowan Jie,30
于圣路,50
北四环中路,50
溪阳中路,50
笤帚胡同,-1
神路街,30
兴光二街,30
大慧寺路,50
茂林居东路,50
中关村大街,70
北洼东路,-1
五道街,-1
高教园南三街,50
龙潭路,50
船板胡同,30
裕民路,50
高梁桥路,50
朱各庄路,50
功德寺桥,90
地盛西路,50
莲石东路,90
小菊胡同,-1
军民团结路,30
枣林前街,50
西直门桥,70
定安路,50
香山南路,50
航丰路,30
建国门外大街,70
中心一路,30
国贸桥,90
滨河路,50
同济南路,50
Xizhaosi Str,50
西枪厂胡同,-1
二拨子桥,-1
梅市口东路,50
毡子胡同,-1
中关村南一街,30
Shunliutiao,30
燕家胡同,-1
同庆街,50
新风北街,30
高碑店桥,130
双桥东路,50
上地五街,50
周口店路,70
蒲黄榆五巷,-1
北三环中路_michlle,50
十八里店桥,130
三里河路,50
影泉路,30
七圣路,30
碧湖居南路,-1
史西路,-1
韩家胡同,-1
炮局头条,-1
罗庄中路,-1
东花市北街,30
校场三条,-1
琉璃井东街,30
东扬威街,30
马连洼北路,50
竹园中街,50
站西路,50
盒子胡同,-1
志新路,50
北蜂窝中路,30
南坞桥,90
校场五条,30
南长街,50
红南路,-1
八角东街,50
林萃路,50
aa,30
五道营胡同,-1
大石桥胡同,-1
香江大道,-1
西廊下胡同,-1
大力胡同,-1
余家胡同,-1
纬三路,-1
安平巷,-1
建华南路,50
航空胡同,-1
沙井胡同 ,-1
建材城西路,50
阜成门内北街,-1
永旺路,50
通惠河北路,50
蓟门里北路,30
模式口大街,50
丰台梨园桥,130
百子湾南二路,50
成寿寺路,70
5,30
颐和园西门路,50
民族大学南路,30
龙林路,50
西厅胡同 Xiting Hutong,-1
Beijing Green Belt,-1
首都体育馆南路,50
砂石厂路,50
多福巷,-1
西顶路,30
紫竹桥,50
白虎涧路,-1
光辉桥,70
大帽胡同,-1
崇文门东大街,50
时代花园东街,50
金街南路,-1
芳群路,30
台头村路,50
农展桥,-1
西四北七条,-1
大慧寺西一街,30
后海北沿,30
天荣路,50
云趣园三区,30
琉璃井路,30
安宁庄前街,50
人民村路,30
大羊宜宾胡同,30
秀水北街,30
雕塑园南街,50
东四九条,-1
大觉胡同,-1
前广平胡同,-1
德胜门北桥,-1
教育街,30
通朝大街 (tōngcháo dàjiē),50
宣武门外大街,70
上地东二路,50
塔院东街,30
航天城一桥,130
大石虎胡同,-1
粉子胡同,-1
复兴门外大街,70
三眼井胡同,-1
新华北路,-1
西马各庄北街,50
Fangfei Lu,30
双榆树三街,30
横一条,50
燕京桥,-1
地泽南街,50
酒仙桥南路,50
贵园北路,50
成慧路,30
Xinhua Lu,30
Dongtiejiang Alley,30
清琴路,50
和平里中街,30
丰北桥,90
Wulutong Str,30
和平里北街,50
竹园东街,50
蒲黄榆路,70
丰管路,50
安定门东大街,50
展览馆路,50
从涧沟去大觉寺,-1
中关村北一街,30
秦老胡同 ,-1
亮马桥,50
南宫滨河路,50
紫荆路,-1
岳各庄桥,90
抬头巷,-1
好汉坡--防火道,-1
民安街,50
桦皮厂胡同,30
南湖南路,50
Xinglong Jie,30
Dahongmen Lu,50
华威南路,-1
通惠河北路 Tōnghuì hé Nth Rd,50
北安河路,50
柳芳北街,-1
石门营环岛,70
中山南大街,50
谢家胡同,-1
白家疃东路,50
Gulouwai Dajie,-1
北辰西桥,-1
万丰路,-1
南横西街,50
庑殿路,50
琉璃厂,30
通马路,-1
大灰厂路,-1
龙江路,50
大耳胡同,-1
沙锅村北桥,130
旧忠路,50
Chaochou Hutong,30
S. Chaowai Str,50
草厂头条,-1
五塔寺路,30
果北桥,130
亮甲店桥,50
盛芳胡同,-1
三里河南六巷南侧路,30
望京街,90
博兴八路,50
龙锦一街,30
东化路,-1
Dahongmen Xilu,50
大兴胡同,-1
大石碑胡同,-1
沿铁路无名道路,30
工人体育场南路,50
宣武门内大街,70
平安胡同,30
前毛家湾,30
福宫路,50
二里庄,-1
莲花池东路,50
乐育路,-1
Jin Ding North Road,30
双旗杆西路,50
上斜街,-1
卧龙岗桥,130
E.Hetaoyuan Str,30
学院南路,50
金顶南路,50
小新开胡同,-1
景泰桥,90
妙峰古道,-1
宏泰西街,50
大望桥,130
德贤路,50
北环西路,50
门头村路,-1
民族家园东路,30
青年沟路,50
顺平路,70
航安北路,50
天宝中街,50
双林南路,50
朝阳体育中心西路,50
运河圆路,30
秀水街,30
东坝中路,50
新华北路 (xīnhuā běi lù),50
北苑桥 (běiyuàn qiáo),-1
清河桥,130
慧忠路,50
大翔凤胡同,-1
四环胡同,30
Qixiang Rd,50
碧云寺路,50
西绒线胡同,50
友谊路,-1
西九号路,-1
北三环东路,50
黄亭子路,-1
劲松桥,90
6,-1
盆儿胡同,30
铁路栏杆缺口,-1
地安门西大街,70
立水桥西路 (lìshuǐ qiáo xī lù),30
张仪村路,-1
朱茅胡同,-1
玉渊潭南路,50
Huagong Bridge,90
育新花园西路,30
光华路,50
华亭西路,30
阜通西大街,50
良三路,70
东厂胡同,30
定慧北桥,90
廊房二条,-1
右安门桥,90
日坛路,50
Jing'er Hutong,-1
东埠头路,-1
中和街,50
景园南街,50
吉百利路,50
辟才胡同,-1
Sanlitun Dongsijie,-1
茶儿胡同,-1
兴亦路,-1
明光路,30
安定门西大街,50
西晓市街,-1
东厂北巷,30
朝阳旺角内部路,30
骑和楼南巷,30
大鹁鸽胡同,30
复兴门桥,70
周家巷桥,130
古城西街,30
芦井路,50
柳林馆路,50
双会桥,130
岳各庄东路,50
吉祥寺桥,130
科学园南里东街,30
5th Ring road,90
莲桥,-1
朱房路,50
岳各庄南桥,90
岗山路,50
左安门内大街,50
广渠门南滨河路,90
静淑苑路,30
西直门外南路,50
京通快速,130
官园桥,90
北皋桥,-1
朝阳北路 Chaoyang Bei lu,-1
窑洼湖桥,-1
Tielu Alley,-1
中关村一桥,70
新苑街,50
南湾子胡同,-1
Jiangtai Lu,50
规划一路,50
广安东桥,70
香河园南路,50
北花市大街,-1
倒座庙北路,30
二经路,50
葛宇路,30
古城东街,30
龙域西一路,50
二纬路,-1
北京站街,-1
芳草地北巷,30
师大北路,50
平安里西大街,70
灯市口北巷,30
莲怡园北路,30
安乐林路,50
大酱坊胡同,-1
宏丰西路,30
三元东桥,90
鼓楼外大街,50
天府路,50
北火扇胡同,-1
东双贝子坟路,30
新文化街,30
双榆树一街,30
清华路,-1
后半壁街,30
北新胡同,-1
远大路,50
红土店胡同,-1
漷马路,70
鹊桥,-1
白桥大街,50
东福寿里,-1
铸钟胡同,-1
蓝靛厂南路,50
厢黄旗东路,50
簸罗仓胡同,-1
玉带河西街,50
东大街,-1
南苑路,90
Wenjia Jie,30
横七条,30
东三环北路,50
炒豆胡同,-1
东环路,50
长政南街,30
东北路,-1
熙春路,-1
华威桥,90
朝外南街,50
丰户营路,30
巨山路,50
小酱坊胡同,-1
Xishengxiang,30
新大仓胡同,-1
东旧帘子胡同,-1
先晓胡同,30
滨河北路,50
丰富胡同,-1
成方街,30
法华寺路,30
张自忠路,70
吉市口路,50
昊天大街,70
西绦胡同,-1
北京站西街,70
黄寺大街,30
南三环东路,50
天华东路,50
新中街,30
宫门口三条,-1
房窑路,50
小羊坊南街,50
辛勤胡同,-1
培育胡同,-1
安定门外大街,-1
蓟门桥,50
贝家花园路,30
曙光西路,50
东直门内大街,-1
酸枣岭桥,130
黄土店南路西口,30
西四北二条,-1
天桥南大街,70
水口子街,30
南口袋胡同,30
会城门桥,70
长巷头条,-1
青风巷,-1
宫门口四条,-1
裕民中路,-1
北坞嘉园北小街,50
新康街,30
北辰东路,50
高井路,50
北官园胡同,-1
罗儿胡同,-1
定福庄东街 (dìngfúzhuāng dōng jiē),30
大运村路,50
东五环,90
梅所屯路,-1
银河大街,50
地盛北街,50
797 Lu,-1
大格巷,-1
惠新西街,50
Tiyuguan Lu,-1
荷花市场,-1
新顺北大街,50
贡院二条,30
鲁班胡同,30
北四环西路,50
安宁庄中街,30
便民街,30
西坝河路,50
西二旗大街,-1
Caochangheng Hutong,-1
小黄庄路,30
顺三条,30
陈家营东路,-1
永定门内大街,70
西海北沿,30
朝阳门内大街,50
锦绣街,50
域清街,50
稻香园桥,90
史各庄桥,-1
Taijichang Santiao,30
Renmincun Lu,50
燕莎桥,90
太平桥西路,30
宏福东路,50
W. Hetaoyuan Str,30
西直门内大街,-1
金果胡同,30
宣武门东大街,70
大方家胡同,30
望京塔至四平亭,-1
东直门南大街,50
广安门南滨河路,90
樱桃二条,30
左安门西街,50
东中胡同,-1
樱桃斜街,-1
东四环北路,90
双清路,50
察院胡同,30
小外廊营胡同,-1
吕营西环路,30
健安东路,30
立汤路,50
大黄庄桥,90
金星路,-1
霞公府街,30
海淀北一街,30
月坛北小街,30
东四十一条,-1
前罗圈胡同,-1
苹果园路,50
明光东路,30
双井桥,90
长安园路,-1
新岚大厦北路,50
Shunbai Lu,50
Xinglong Xijie,30
文慧园西路,30
六铺炕南街,30
台基厂大街,50
驹子房路,50
望京桥,90
丰益桥,90
花家地街,50
北锣鼓巷,-1
万泉庄桥,90
安华路,30
建国路,90
溪阳东路,50
白云路,-1
和义西里,30
Xiaowuji Lu,30
小月河西侧道,-1
Shunwutiao,30
东吉祥胡同,-1
华章路,50
东四七条,-1
科学园南里中街,30
建国门南大街,90
小天竺一街,50
西四北四条,-1
中山北大街,50
zs,30
路庄桥,130
和平里西街,-1
北极阁胡同,30
红楼西巷,30
新街口三条,-1
Wanhong Lu,50
大井胡同,30
织染局胡同,-1
禄长街,30
沙河桥,130
马连洼西路,30
康华路,50
广阳西路,50
香河园南路;香河园西街,50
清河大桥,130
大宏巷,-1
刘海胡同,-1
小武基路,50
水岸中街,50
丰裕路,50
徒山门街,-1
吕营大街,50
羊坊店路,-1
桃杨路,30
奥林西路,-1
魏家村南路,50
Zaojia Lu,30
好景胡同,-1
丹陛桥,-1
古城南路,30
Pener Hutong,30
unkonw,-1
Canzheng Hutong,30
红军营南路,50
弘燕东路,50
北纬路,50
晋元庄路,50
前门东大街,70
明光桥,-1
爱民街,30
草桥东路,50
护国寺西巷,-1
古城西路,30
万柳东路,50
金港南路,50
小雅宝胡同,-1
国盛胡同,30
欣宁街,50
东绦胡同,30
拐棒胡同,-1
闵航路,30
白广路,50
六铺炕街,50
东单三条,50
景山后街,50
北五环路上清桥,90
东直门内北顺城街,-1
南官房胡同,-1
北堤桥,-1
农科一路,30
长青路,-1
京良快速路,90
北苑东路,50
红山口桥,50
下安路,-1
育幼胡同,50
利泽东二路,50
香河园南街,50
南颂年胡同,-1
Wenchang Hutong,50
安定门桥,-1
Shuizhang Hutong,-1
草厂三条,50
西总部胡同,30
青年湖南街,50
酒仙桥北路,50
望泉桥,130
新苑路,30
三不老胡同,-1
板桥胡同,-1
富强路,50
湖光中街,50
草厂五条,-1
安定门内大街,-1
来广营西路,50
牛街四条,50
马泉营西路,-1
宋庄路,50
林萃东路,30
长辛店大街,50
南纬路,50
松榆南路,-1
前海南沿,30
科创二街,50
广安门内大街,50
远大西路,30
体育馆路,-1
南花市大街,-1
柴棒胡同,-1
长巷四条,-1
定福黄庄到半壁店,30
东坝中街,50
广安门南街,50
小市口胡同,30
凉水河一街,-1
小茶叶胡同,-1
西马坊路,30
未名北路,30
西潞南大街,50
博兴一路,50
徐尹路,-1
银锭桥,30
兴业大街,50
Xingfu Yicun 4th Alley,-1
右安门西滨河路,50
南苑东路,90
光华桥,90
林校北路,70
外交部街,30
Beixiange Str,50
吉安所左巷,-1
农展馆南路,50
北四环东路,90
东土城路,50
民和路,50
普合二桥,-1
中心二路,30
梁家园胡同,30
界湖桥,-1
东关南街,50
西二旗北路,50
后毛家湾,-1
经海六路,50
茶棚路,50
南新仓桥,-1
丰润中路,50
新鲜胡同,30
万丰桥,90
北辰西路,50
荣华北路,-1
温阳路;北清路,-1
石各庄路,50
尚勤胡同,-1
上地九街,-1
Xiaojing Nanlu,30
经网路,50
旧忠桥,90
石丰桥,90
Donghuangchengmennan Street,-1
后海夹道,-1
通惠路 Tōnghuì Rd,50
延年胡同,-1
博兴六路,30
双林东路,30
广顺南大街,-1
Laiguangying Bridge; 5th Ring road,90
商场南巷,-1
荣京东街,-1
梨园南街,50
苛罗坨隧道东二桥,90
月牙胡同,-1
无名小路,-1
西三环中路,50
富强胡同,30
梧桐路,50
科技路,50
方庄路,-1
苏州街,50
新风街,30
西便门东街,50
广宁路,50
兴华路,30
时代花园北路,50
岭南路,30
爱民三巷,30
西安门大街,50
Bamboo Alley to the Garden,-1
中胜巷,-1
蟹岛西路,-1
马驹桥,-1
上地南路,50
智德北巷,30
Shuanglong Lu,-1
Hebochang Nanxiang,30
后池西街,30
Binhe Lu,-1
右安门西街,50
顺沙路,70
东环中路,-1
上地七街环岛,-1
元兴夹道,-1
盘山公路,-1
苏州桥,90
北官房胡同,-1
积水潭桥,90
海淀公园路,50
十八里店北桥,90
安宁庄西路,50
正义路,30
天龙西里 Tianlong xi li,30
学校路,30
校场头条,-1
Shangzhuang Donglu,-1
中关村南三街,50
肖村桥,90
蒲方路,50
环魏东路,50
小营东路,50
西便门桥,70
阜成路南二街,30
东门仓胡同,50
兴政南巷,30
分司厅胡同,-1
玉蜓桥,70
府前中街,-1
碧峰胡同,-1
车道沟南路,30
西兴隆街,50
中直路,50
新顺南大街,50
金鱼池中街,-1
洛平路,-1
东黄城根南街,-1
牡丹园东街,30
霄云桥,90
黄亦路,-1
博大路,-1
担下路,-1
半壁桥,-1
人民大学南路,30
新凤河路,50
骑河楼街,30
草桥,50
潭峪路,50
燕房路,50
朝阳门桥,-1
Xihengmen Hutong,30
中关村南四街,50
上地西路,-1
本司胡同,-1
小取灯胡同,30
大钟寺北路,30
Jingjin Expressway,130
农大南路,50
北营房中街,50
沙滩后街,30
安翔桥,-1
东堂子胡同,30
测试道路名,-1
东羊路（建设中）,50
北苑路,50
798 Lu,-1
白云桥,70
东晓市街,-1
赵锥子胡同,-1
安华桥,50
双新桥,90
万泉庄路,50
新大陆,30
国兴胡同,-1
康泽路,30
六合二条,-1
工大桥,50
锦丰路,30
府学胡同,-1
Sanlitun Dongsanjie,-1
紫竹院路,50
Fengzhuyuan Nanlu,30
后海南沿,30
戏楼胡同,-1
古城南街,50
北林银杏大道,30
小街桥,90
五老胡同,30
志新西路,50
甜水园中街,30
东松树胡同,-1
关东店北街,30
长椿街,-1
前鼓楼苑胡同,-1
南新华街,70
银锭桥胡同,-1
小江胡同 Xiaojiang Hutong,30
大件路,70
新街口头条,-1
草厂九条,-1
小屯路,50
北农路,50
安定路,50
安翔路,30
花家地东路,50
玲珑路,-1
货运北路,50
北马路,30
东利市营胡同 Donglishiying Hutong,-1
姚家胡同,-1
西井路,50
东环北路,-1
魏公村路,50
南斜街,30
民族园路,-1
大庆-广州高速公路;北京市六环绕城环线高速公路,130
西杨茅胡同,-1
西四北八条,-1
球宝市街,30
崇辛庄桥,-1
北京-京通快速,130
北极阁三条,30
校场二条,-1
云庵桥,-1
东四北大街,50
取灯胡同,-1
永泰庄西路,50
马坊中路,30
金蝉北路,30
魏北路,-1
石桥东巷,-1
双旗杆路,30
苹果园南路,50
仓南胡同,30
利泽西二路,30
羊皮市胡同,-1
南锣鼓巷,-1
王府井大街,50
体育场西街,50
安宁庄西三条,30
朝阳北路,50
板厂胡同,-1
人大会堂西路,50
依山路,50
新街口外大街,50
新岚大厦西路,50
邻枫路,30
朝体中心东侧路,50
C口,-1
八步口胡同,30
Beixin Bridge,-1
望和桥,130
马家堡中路,-1
阜成路北二街,30
兴海二街,-1
基杨路,50
立水桥东一路,50
新街口北大街,-1
天宝南街,50
佟麟阁路,30
Xidanshoupa Hutong,-1
粉房琉璃街 (fěnfáng liúlí jiē),-1
安翔北路,50
宏欣路,30
双安西桥,-1
鲁谷南路,50
杏坛路,50
右安门内大街,-1
机场北街,50
北沙河桥,130
校尉胡同,50
三惠桥,130
龙海路,50
上地三街,50
永定门西街,50
平沿路,30
景盛北三街,50
法华寺街,50
鼓楼桥,90
北苑南路,50
开阳里三街,30
远大中路,30
广安门桥,70
Tiyuguan Xilu,30
将台路,50
后厂村路,-1
京石高速公路辅路,50
劲松路,-1
东新帘子胡同,-1
新康路,50
永昌北路,50
翠园西街,50
万柳华府北街,30
官房大院,-1
八角北路,50
科创十五街,50
科创十三街,50
南宫南路,-1
北湖渠桥,130
宏庙胡同,30
教场口街,50
科荟路 (kēhuì lù),-1
苏庄大街,-1
永庆胡同,30
阜成门北大街,50
5楼楼梯,-1
Xianhai Nanyan,30
七井胡同,-1
新建宫门路,50
太舟坞路,30
豆瓣胡同,50
Baimi Beixiang,-1
东下庄路,30
龙背村路,30
篱笆房路,30
马连道北路,50
义宾街,30
Fangyuan Xilu,-1
航天桥环岛,50
来广营桥,-1
利泽东街,50
地泽东街,50
蓝晴路,30
小营北路,50
信息路,-1
太平庄东一街,50
鸭子桥路,50
漆园路,-1
栗园路,50
开拓路,50
管庄路,50
中毛家湾,-1
阜通东大街,50
北沙河中路,-1
苏庄东街,50
新壁街,30
丰贤东路,50
北辛安路,50
铁东路,30
东大路,-1
南小市口街,50
永康胡同,30
六元桥,130
民主北街,30
菜园街,50
兴盛街,50
松榆北路,50
双桥,130
富强西路,50
西坝河东路,50
八棵杨中街,30
具服台,-1
Zhong Lao Hu Tong,30
西五号路,-1
酒仙桥路,-1
车道沟桥,50
文慧园北路,30
澎湃桥,-1
西镇江胡同,30
宏福西路,50
科荟桥,-1
金顶街,50
青风夹道,-1
欣华大街,70
上地六街,50
109国道,90
北洼西街,30
规划二路,50
恩济西街,30
中关村北大街,70
车公庄南街,50
中关村南路,50
卧佛寺路,-1
六号路,30
三座桥胡同,-1
Sanlitun Zhongjie,-1
四通桥,90
泉宗路,30
下庄南桥,50
水簸箕胡同,30
正觉胡同,-1
花家地南街,50
工人体育场西路,50
阜成门桥,-1
朝外市场街 (cháowàishíchǎng Jiē),50
八号路,30
东高房胡同,-1
泰河三街,30
永安西里,30
月泉路,50
三虎桥南路,50
东三环中路,50
马家堡路 Majiabao lu,-1
园路,-1
小月河西路,50
西局东街,30
东直门外斜街,50
东城根,30
东直门北小街,-1
云水路,-1
Nanyuan Lu,90
西红门桥,130
黑泉路,50
北宫桥,130
北环东路,50
旱河路,50
丰台北路,50
东四十条桥,-1
紫园北路,-1
怡乐南街 (yílè nán jiē),50
葡萄嘴环岛,-1
芳古路,50
五环(Wuyuan Bridge),90
枣园路,50
顺八条,50
Xiju Nanlu,30
日新路,-1
普合一桥,-1
十里河桥,90
广安胡同,50
大成路,-1
十字坡街,30
吉市口东路,50
东四四条,-1
樱花园西街,-1
半壁街,30
祁家豁子街,30
兴华胡同,-1
闹市口北街,-1
中老胡同,30
航平西路,50
万善桥,-1
天秀桥,30
南新园中路,50
黄化门街,-1
鹞儿胡同,-1
小拐棒胡同,-1
三家店-新望京防火道,-1
育慧北路,30
展春园西路,50
楼台桥,130
康健胡同,-1
金鱼胡同,-1
焦沙路,50
Songyu Beijie,-1
温阳路,50
东四五条胡同,-1
广渠门北滨河路,50
南宫迎宾路,50
闵庄路,50
大瓦窑中路,50
石佛营路,-1
前柺棒胡同,-1
洋桥,90
赵公口桥,90
Houxiaojing Hutong,-1
棕树斜街,-1
西土城路,50
规划五路,50
郎家胡同,30
朝阳公园南路,50
永顺路,30
右堤路,50
环城西大街,-1
德胜门西大街,50
左家庄西路,30
厂洼中路,30
海鑫北路,50
和平东桥,90
广泽路,50
潘家园路,50
大鲁店北路,50
西福寿里,-1
中门寺街,50
后八家路,50
Wuyuan Bridge,90
双榆树北路,50
德胜门东滨河路,30
Jin Ding East Road,30
黑山扈路,50
东花市东街,30
永泰中路,50
车公庄西路,70
公园北路,50
武圣北路,-1
皂君庙东路,30
东四三条,-1
远通桥,90
羊房胡同,-1
地盛中路,50
西罗园路,30
软件园二期,50
Zhonglou Wan Hutong,-1
魏公街,30
科星西路,30
兵马司胡同,-1
南沙滩路,30
四方桥,-1
大屯北路,50
李天路,50
龙头井街,-1
猴石崖 Monkey Cliff,-1
菜户营南路,50
大佛寺东街,30
东直门桥,-1
火器营桥,50
棉花胡同,-1
南河沿大街,50
小关西后街,30
文津街,-1
大方胡同,30
兴源路,50
兴海三街,50
仓上街,50
朝阳公园路,50
羊头岗路,50
冰窖胡同,30
鲁谷东街,50
校场四条,-1
五福里,30
北口袋胡同,-1
立水桥,50
凤凰岭北路,30
海户屯路,50
砖塔胡同,-1
帅府园胡同,30
宝钞胡同,-1
梅市口路,50
福怡苑北小街 Fuyiyuan North Street,-1
国防桥,-1
西四环南路,50
手帕口北街,50
育群胡同,-1
科丰桥,90
永顺北街,30
大多福巷,-1
东棉花胡同 ,-1
温泉路,50
草厂十条,50
通惠南路,50
兴政街,50
小营桥,130
晋元桥,90
龙禧二街,50
近园路,30
?家胡同,-1
东煤厂胡同,-1
京新高速上地桥,130
龙泰路,50
东四十条,70
香河园路,90
Lian Feng Hutong,-1
千福巷,30
七贤村路,30
景山东街,50
昆明湖路,50
西黄城根南街,50
高粱桥斜街,50
安苑路,50
慧忠北路,50
中国农业大学,30
北湖渠路,-1
广安门外大街,70
南营房胡同,30
石各庄桥,130
程庄路,30
亦庄桥,90
文化西路,50
西直门外大街,50
Babao Hutong,-1
赵登禹路,-1
北展桥,50
万寿桥,90
校尉营胡同,-1
Dinggfuzhuang Lu,30
永引渠北路,-1
赵府街,-1
静园路,-1
永定门东滨河路,90
为公桥,90
Da Gou Xiang,30
107国道,90
牛街,-1
东太平胡同,30
八颗杨北街,30
笑祖北路,30
回民营桥,130
莲花河南街,30
紫草坞桥,130
融商四路,30
万柳中路,50
南沙窝桥,70
金家村桥,70
开阳路,50
八里庄路,30
后海西沿,30
万红路,50
西四北大街,-1
前炒面胡同,-1
公益桥,90
前门大街,70
团城路,50
古塔北路,50
东北旺西路,50
张台路,50
菜市口大街,70
南雁路,70
桐梓胡同,-1
后屯路,50
马家堡西路,50
劲松南路,50
石板胡同 Shiban Hutong,30
日坛东路,50
交道口南大街,-1
前圆恩寺胡同,-1
右安门东街,50
新桥南大街,50
正阳大街,-1
泉宗南路,30
西四北头条,-1
回南北路,50
德外桥,130
国家体育场南路,50
博兴路,-1
荣京西街,-1
颁赏胡同,-1
蓝靛厂西路,30
Ludian Beilu,-1
交通大学路,50
蓝靛厂路,30
Caochang Beixiang,-1
银闸胡同,30
湖光北街,50
双榆树二街,30
建材城东路,50
东花市中街,30
北三环西路,50
兴化路,30
马朱路,-1
南坛子胡同,30
Xiaoxiguan Hutong,-1
芳园西街,50
新华西街,-1
高粱桥路,-1
晋元西桥,70
西环北路,-1
航安路,50
六铺炕二巷,30
潘庄东路,30
经海七路,50
城南街,50
东花厅胡同,-1
龙塘路,70
花园路,50
灵境胡同,50
景阳胡同,-1
后罗圈胡同,-1
龙域中街,50
石园大街,50
Fenyang Lu,50
芦花路,50
Canzheng Alley,30
和义东里,30
Rongxian Hutong,-1
南三里屯路,50
杨梅竹斜街,-1
中关村南大街,70
关东店二巷,-1
长智路,30
文新南街,50
松园西路,50
金台西路,50
荷清路,-1
Wuji Lu,50
康庄路,50
马甸桥,50
团河路,50
恒富中街,30
二龙路,30
京广桥,90
阡儿胡同,-1
小红罗厂胡同,30
演乐胡同,-1
庆丰胡同,-1
西松树胡同,-1
体育场北路,50
广渠门内大街,50
广阳中路,-1
Hei Chen Road,50
白云观街,30
培新街,30
天泽路,50
七里庄路,30
汪芝麻胡同,-1
民族大学西路,30
宫门口头条,-1
星火路,30
Underground Tunnel,-1
外交部,-1
出口,30
西经路,30
Pingfang Bridge,90
朝阳公园桥,90
机场货运路,50
健康桥,-1
大羊毛胡同,30
莲花胡同,30
康定街,50
石担路,-1
鲁谷西街,50
明德路,-1
天宝东路,50
Dingju Hutong,-1
柳荫街,30
弘善东路,50
西院道路,30
天通中苑东门,-1
卢沟桥,-1
新发地北桥,130
南线里,30
百强大道,30
铁影壁胡同,-1
博兴十路,30
东安福胡同,-1
草厂二条,-1
正福寺路,50
南顶路,50
小椿树胡同,-1
软件园三号路,50
白水洼路,30
太平仓胡同,30
安德里北街,30
经贸部通道,-1
采石北路,50
京原西路,50
景华南街,30
石桥胡同,-1
博兴十一路,30
东四八条,-1
日新路 (rìxīn lù),50
光明胡同,-1
科创十一街,50
燕南路,-1
湖景东路,50
五爱屯东街,30
Ferry to Jade Island,-1
金顶山路,50
香江北路,50
骡马市大街,50
西花市大街,50
开阳里一街,30
通惠河滨河南路 Tōnghuì hé bīnhé Sth Rd,50
百万庄南街,50
荣华桥,90
安宁庄路,50
远大东路,30
香河园西街,50
Xiaojinsi Hutong,-1
华丰胡同,-1
羊角灯胡同,-1
西四南大街,-1
清华南路,-1
苏家坨东路,30
龙域中路,50
外环西路,30
新源南路,-1
健翔桥,90
大羊坊桥,90
Shimendong Lu,30
南横东街,50
慧景路,30
太阳宫中路,50
太平庄北街,50
花园北路,-1
温泉桥,-1
清源路,70
通州北关桥,130
小营路,50
丰台西路,-1
北京-平谷高速公路,130
朱房北一街,30
来广营北路,-1
故宫东门外,-1
圣化寺路,30
Toufa Alley,-1
东马路,-1
宏达北路,50
民主北街 Minzhu beijie,30
三里河东路,-1
枯柳树环岛,90
首都机场北线高速公路,130
育知西路,50
草原胡同,-1
Xiaotangfang Hutong,30
通惠河南路,30
富国街,-1
百子湾桥,90
香泉环岛,-1
博兴胡同,-1
宫门口二条,-1
京昆路,70
亮马桥路,-1
丰体南路,90
大拐棒胡同,-1
景阳东街,50
田村东路,50
校园西路,30
厂洼街,30
国子监街,30
星火西路,-1
藕芽胡同,-1
Qiuja Hutong,-1
凤凰亭路,50
麦子店街,50
华远西街,30
长泽北街,30
苛罗坨隧道西二桥,90
北洼路,50
护国寺街,30
革新南路,50
华威路,50
建华路,50
大红门东前街,30
滨河中路,50
景观大道,-1
辛庄桥,130
翠屏西路 (cuìpíng xī lù),50
鹫峰园内盘山公路,-1
西北旺大桥,50
桥东街,50
潘家园桥,50
输入胡同,50
左家庄西街,30
大石作胡同,-1
交大东路,50
恒惠路,-1
采石路,50
香厂路,30
景园街,50
地泽西街,50
彰化路,50
科创三街,50
大泥湾路,30
北河沿大街,50
北蜂窝,30
右安门东滨河路,90
Dufuchi Hutong,-1
南板桥胡同,-1
藏经馆胡同,-1
永嘉北路,50
民族家园中路,50
东马坊路,30
团结湖北路,30
中核路,30
天宝中路,50
德胜门内大街,-1
恩济东街,30
拂林路,30
车辇店胡同,-1
甘露胡同,-1
Dongba Lu,50
科学院南路,50
安慧桥,50
京津塘高速公路,130
西什库大街,50
航管南路,50
X210,-1
辅大路,50
天贵街,50
花园东巷,-1
金顶西街,-1
龙旺庄西路,-1
月坛北街,50
三庙街,30
四海桥,90
Xinglong Zhongjie,30
天华街,50
良乡西路,-1
永定门桥,50
香泉桥,90
羊肉胡同,-1
翠花街,30
安德路,50
明光西路,30
西罗园北路 Xi Luoyuan beilu,30
嘉创一路,-1
青塔胡同,-1
凉水河二街,30
复兴门北顺城街,30
灯市口大街,50
古城大街,50
月坛北桥,90
翠花胡同,-1
中关村广场步行街,-1
军温路,70
东六环,130
虎坊路,50
宏福路,50
京拉路,70
汽车博物馆东路,30
南三环中路,90
长庚桥,-1
大江胡同,30
圆明园西路,50
天秀路,30
南门仓胡同,30
双桥西路,-1
西坝河南路,50
青河路,50
798 Xilu,-1
武功卫胡同,50
贵园南路,50
朱长路,-1
东四环中路,50
芳草地西街,30
康泉路,30
龙锦二街,50
香炉营头条,50
兴隆中街,-1
香椿胡同,30
大井西桥,-1
石桥,-1
西三旗桥,130
蓝靛厂北路,50
葆台路,50
卧龙岗隧道,130
台阶,-1
北三环中路,50
规划三路,50
秀水东街,30
西四北三条,-1
白家楼桥,-1
长虹路,-1
丽园路,50
学知桥,-1
昊天西路,50
前公用胡同,-1
科荟路,-1
六环,130
望桥,-1
北蜂窝路,50
横二条,30
平房路,50
真武庙六里,30
西老胡同,30
闵庄南路,50
房山东大街,-1
宛平桥,130
一经路,50
太阳宫南街,50
千年登山古道,-1
阜成门内大街,-1
天坛路,50
Xiaojuer Hutong,-1
仰山路,30
国英胡同,30
玉泉路,50
大后仓胡同,30
万福巷,-1
煤厂街,50
青塔西路,50
霄云路,-1
帽儿胡同,-1
来广营大桥,130
机场南路,50
钟楼湾胡同,-1
呼家楼西里南街,30
花乡桥,90
兆丰街,30
小区内部路,-1
育知路,50
地安门东大街,70
天水路,-1
望园北路,50
府前东街,-1
果园路,50
阜成路北三街,30
海淀桥,90
Qingnian Lu,50
京开高速辅路,50
永引桥,90
科荟南路,50
手帕口西街,30
西四东大街,-1
中山西街,-1
大瓦窑西二街,30
大阮府胡同,30
左安路,50
博兴三路,-1
Lianfeng Alley,30
西杨坨桥,130
幸福大街,-1
科院北一街,30
五爱屯西街,30
北新桥头条,-1
王佐胡同,-1
左家庄东街,50
新源西里东街,30
经海三路,50
西口袋胡同,-1
前门西河沿街,30
史家胡同,30
西草场街,-1
小石碑胡同,-1
延静里西街,30
Dongming Alley,-1
Linxi Stream Scenic Spot,-1
交林夹道,30
大六部口街,30
右安路,30
回龙观西大街,50
芳城路,30
正白旗路,-1
北清路,50
广场南路,-1
健德桥,130
开阳里西巷,30
Chaoyang Beilu,-1
七北路,70
春秀路,30
藏家桥胡同,-1
海淀中街,50
东北旺南路,30
杏石口路,70
玉石胡同,30
亮甲店路,50
南站幸福路,50
京洲北街,30
顺平辅线,50
胡同,-1
永澄北路,50
长巷二条,-1
复兴路,50
魏各庄路,30
马甸路,30
东官房胡同,30
北郊农场桥,-1
卧龙环岛,70
黄良路,70
双安东桥,-1
左安门西滨河路,90
板章胡同,-1
长春桥路,50
中华精印谷,-1
丰华苑西街,30
秀水南街,30
曙光花园中路,50
永嘉南路,50
京洲南路,30
顺四条,30
西三环南路,50
安定门东滨河路,30
菜户营桥,90
潘家园东路,50
中绦胡同,30
Jian'an Donglu,30
大郊亭桥,90
古道寻踪线,-1
文慧园路,50
万源街,50
护仓胡同,-1
协作胡同,-1
新桥大街,50
窑平路,50
京良路,-1
永生巷 Yongsheng xiang,-1
南深沟胡同,-1
新华南路 (xīnhuā nán lù),50
马甸东路,30
晨曦路,-1
Anping Xiang,-1
辛店路,50
定福庄西街 (dìngfúzhuāng xī jiē),30
北河胡同,30
杨庄东街,50
百沙路,50
茂林居北侧路,30
东旺胡同,-1
福州馆街,30
玉峰路,30
北京西站南路,50
冰窖口胡同,50
军庄路,70
六环路,130
雨儿胡同 ,-1
Jishikou Batiao,30
珠朝街,-1
Langfa East Bridge,90
科普探秘游,-1
科创六街,50
永安里中街,50
清苑路,50
南桥湾街,-1
紫芳路,50
Jinglou Hutong,-1
苏家坨路,30
金融大街,50
常润路,30
新德街,30
Wanhong Xilu,50
薛家湾胡同,-1
受水河胡同,30
开阳里二街,30
角门北路,50
经海路,-1
贡院东街,30
南新园西路,50
炭儿胡同,-1
学府树北街,30
酒仙桥中路,30
草厂六条,-1
青年南路,50
西堂子胡同,30
王平村落穿行路线,-1
花园桥,90
乐道巷,-1
堂子胡同,30
甘井胡同 Ganjing Hutong,30
亦兴南路,50
测试一下创建道路,50
百顺胡同,-1
禄米仓,30
张采路,70
运河西大街 (yùnhé xī dàjiē),50
西小口路,50
长廊,-1
科兴路,50
西三条,-1
东四二条,-1
双坡路,50
大羊坊路,50
掌扇胡同,-1
万寿路,50
槐房路,30
河荫中路,50
正觉夹道,-1
Tiantan Donglu,70
太平桥大街,50
金顶东街,30
铁树斜街,-1
南蜂窝路,50
黑山扈桥,-1
宝盖胡同,-1
光彩路,-1
大窦桥,70
净土胡同,-1
大草厂胡同,30
卢沟桥路,50
前帽胡同,-1
闵西桥,90
晨光街,30
八里庄桥,50
经海五路,50
阜成门外大街,70
同济北路,50
永泽南路,50
公益西桥,90
西羊管胡同,30
西杨坨南桥,130
水衙沟路,30
大白顺胡同,-1
仰山桥,90
永定门东街,50
灵光胡同,-1
Laoqianggen,-1
航空桥,50
北京科技大学北门,-1
Y003,-1
丰葆路,50
东北旺路,50
法源寺后街,-1
腊竹胡同,-1
杨家园路,30
Luhua Lu,50
小院胡同,-1
科创八街,50
多宝路,-1
