敦化路,50
汇通路,30
广粤支路,30
北中路,30
南栅西路,50
建国中路,-1
广西南路,30
交暨路,50
淞兴路,30
林恒路,50
华和大街,30
东沙虹港路,30
园辉路,30
丹桂路,50
人民大道,50
镇坪路,50
中强路,50
福建北路,30
北门路,50
恒翔路,-1
局门路,50
东横浜路,30
茜昆路,30
汇成路,50
柳林路,30
公路,-1
瑞浦路五灶港桥,30
高安路,-1
韩城路,30
长美路,-1
云顺路,70
日滨路,30
长清路,50
建虹路高架 Hongyu Elevated Road,90
嘉唐公路,50
丰庄路,50
邢家桥北路,30
永登路,30
老沪太路,30
高斯路,50
新兴南路,-1
远志大道,-1
共青路,50
团结北路,30
开平路,-1
凤古公路,50
安澜路,50
香光路,30
春荣路,30
谢卫路,50
大连西路,70
朱泾人民路,50
荷塘路,30
新四平公路,70
绿苑路,30
玉佳支路,30
南泉北路,50
中央大道,50
灵岩路,30
新闸路,50
台北西路,30
紫薇路 187 弄,-1
芙蓉江路,-1
中环南路,70
海防路,50
银泽路,50
江玮路,30
新家园路,50
外环东路,130
居安路,30
陈南路,30
林绿路,50
瑞金南路,-1
丰宝路,30
盈朱路,50
百草西路,-1
西一路,30
白城南路,50
红松路,50
外灘隧道,70
行知路,50
宣化路 151 弄,30
沙岗路,30
中市西路,50
华盛路,30
亚太路,50
大华三路,50
方斜路,30
叶茂路,-1
川银路,30
玉麦路,30
长江四路,30
西闸路,-1
华夏一路,30
古方路,50
迎宾中路,50
三甲路,30
团青公路 ,70
阳达路,-1
周祝公路,50
永丰路,50
宝成桥,-1
胶州路 319 弄,-1
淞桥东路,30
镇宁路 405 弄,30
渭中路,30
龙高路,-1
枫杨路,-1
丰谷路,30
花木路,-1
塘桥路,30
西安路,30
鹤芳路,-1
扁鹊路,-1
天潼路,30
文工路,50
三灶路 351 弄,30
吴家浜路,30
武定路,50
茂林路,30
向化公路,50
霜竹公路,50
上虞路,50
淮虹路,50
向东中心路,30
辰花路,-1
铜仁路,30
公园路,30
胶州路,-1
高潮路,50
常德路,-1
三达支路,30
沪常高速,130
华东路,70
广联路,30
徐南路 Xunan Road,50
军工路,70
蓝宝石路,30
茹水路,30
体育场路,-1
中康路,50
乌镇路,50
繁兴路,30
国定支路,30
加创路,-1
温宿路,50
中沟路,30
十八港路,50
抚顺路,30
长宁支路,30
万步路,50
安西路,30
迎熏路,30
纪念路,50
延安西路,70
嘉怡路,-1
贡山路,50
华申路,50
金山路,50
共富路,30
上林路,30
金阳东路,70
泰山路,-1
祥科路,30
绥一路,30
洋泾镇路,30
红松路 81 弄,30
北杨公路,-1
妙境路,-1
海鸣路,30
栋梁大道,-1
林浦路,50
塔新路,50
蕰川路,70
梅花桩,-1
邱家湾,-1
西引路,50
荣乐中路,70
官家路,50
浙江中路,50
南港公路,50
万航渡路 676 弄,30
延安西路 1448 弄,30
金丰路,50
辛西路,50
宁安路,30
春业路,30
虎林路,30
千阳南路,-1
惠南南门路,30
星宝街,30
奉浦大道,-1
江山路,50
云山路,-1
六支弄,-1
丹凤路,30
神池路,-1
北翠路,50
桥岗路,30
齐恒路,30
招远路,30
九杜路,-1
吕三路,30
星光路,50
金昌路,50
襄阳北路,30
杨高北路/外高桥保税区,-1
海泉路,50
吴杨东路,30
凯力路,30
鹽碼頭街,30
宜君路,30
顾曹公路,50
夏阳路,-1
康士路,-1
康定东路,30
平湖大道,-1
康业路,50
江苏路 35 弄,30
民晏路,30
徐民路 XuMin Road,50
东育路,50
正茂路,-1
Stratford,-1
鹿城路,50
圣祥西路,70
仙乐路,50
宜山路地道,90
復興東路隧道 (下層),-1
秋霞路,30
黄浦路,30
松蒸公路,70
大川公路,-1
光复西路,50
汉阴路,-1
德平路,30
浦申路,30
川环东路,30
真北支路,30
新农路,50
虹漕南路,-1
延吉中路,50
玉华路,50
恭城路,30
安东路,-1
中泾路,30
花园石桥路,30
绿林路,30
养石公路2,50
塘后支路,30
丰收路,30
迎宾西路,50
建新大街,50
秦皇岛路,50
秀园路,-1
明珠路,-1
漕东支路,30
柿子湾路,30
工农北路,30
宋园路,-1
蔡伦支路,30
新伦路,30
Ziyue Rd.,50
绿杨路,-1
华容路,30
中山二路,50
汉浦路,50
水坊路,30
浦晓南路,30
延安东路,70
文体路,30
高邮路,30
园外路,30
成功路,50
王家宅路,30
真南路,70
九江公路,50
国庆路,30
密山路,30
白云渡路,50
遵义南路,50
高平路,50
扬华路,50
紫光路,50
安宁路88弄,-1
明月路,30
沥红路,-1
花木北路,30
七浦路,30
庄良公路,50
孙桥路 558 弄,30
南门路,30
聚华路,30
文翔路,-1
北阳北路,30
云间路,-1
淞滨路,30
中四公路,50
中山北一路/逸仙路,-1
联农路,30
中港路,50
三友路,30
高和路,-1
申嘉湖高速,130
松汇东路,70
汶水路,70
林荫新路,50
洪山路,30
新市南路,50
新潮路,30
辰塔路,-1
石龙路 279 弄,-1
南桥·环城西路,-1
沪闵路辅路,-1
宋家路,-1
临春路,30
陕西北路,50
加太路,30
桂花路,-1
納米路,30
西环路,-1
景泰路,30
耀元路,30
宣化路,-1
江川路,-1
友谊新路,30
交通西路,30
海凌路,50
乍全线,-1
川黄路,-1
红临路,-1
兆南路,30
长发路,50
广泉路,50
伊犁南路,50
哈密路,50
光华大道,-1
临汾路,50
院士路,50
朱平公路,-1
广南路,50
双阳支路,30
莲园路,50
云东路,50
新凯路,50
农翔路,50
韶嘉路,30
苏召路,30
滇池路,30
柳州路,30
莘谭路,30
晨阳路,-1
万枫东路,-1
养正路,30
秀浦路,70
榕桥路,30
韩钱路,30
尚义桥,-1
十六铺停车场,-1
金杨路,50
真大路,30
南湖大道,70
龙兴路,-1
中山北二路,70
叶校路,-1
莲花南路 Lian Hua Road (South),-1
兴远路,50
城东路 759 弄,30
田林东路,50
富特西二路,30
民区路,30
延长路,50
富荣公路,50
世博馆路,50
庭安路,50
洲海路,50
新马路,30
鹤友路,-1
杭州湾大桥北接线,130
黑山路,50
淞桥西路,30
开封路,30
纬四路,30
春东路,30
沙市一路,30
兴业路,50
万德路,30
王家嘴角街,30
天主堂街,30
新园路,30
两港大道,90
细林路,50
爱校路(樱花大道),-1
普育西路,30
杨柳青路,50
新工北路,50
文安路,30
川桥路,50
迁虹路,-1
沿江路,30
柏庐南路,70
龙柏支路,-1
外浜街,50
光明路,-1
高岛路,50
泰康路,30
金明路,30
官平路,50
宣夏路,30
文和街,30
海江一路,30
人民路隧道,-1
天柱山路,30
新镇路,50
华江路,-1
昌林路,30
兴桂路,50
东方大道,70
上海火车站南广场,-1
赵高公路,50
秀洲大道,-1
芙蓉花路,30
龙吟路,-1
昌平路 984 弄,30
二号路,30
亭隆街,30
祁南路,30
盛泽路,30
金昌西路,70
天竺路,-1
淞良路,50
金钻路,30
太阳山路,30
黄浦江中路,90
澳尼路,50
龙华中路,-1
安汾路,30
国和路,50
亭青街,-1
规二路,30
澄湾路,50
川大路,50
河南中路,30
平黎公路,50
龙坡路,30
环城东路,50
东佳路,30
广富林东路,-1
金一东路,-1
临江路,30
水丰路,30
陈中路,30
黄泥沟路,30
天鹏街,30
北石路,-1
龙临路,30
新民支路,30
友明路,30
胜利街,30
兴新路,50
双柏路,50
航南公路,70
通协路,-1
杨思路,50
富特中路,50
银环路,30
银翔路,-1
星兰街,50
菜阳路,30
七莘路,70
Jiu Gan Gong Lu,30
中下塘街,30
富乐路,30
南溪东路 ,-1
航定路,30
永恒路,30
罗桥路,-1
聚贤路,30
草高支路,30
墨玉路,-1
柏庐路,70
威斯路,30
浦星公路,70
沪南公路,70
杨家沟路,30
茹塘路,50
林赵路,50
廊下新风路,-1
佘新路,50
体育南路,-1
申沔路,-1
伟都路,30
江桥·申江路,30
新华路569弄,30
春中路 28 弄,30
江西北路,30
仁爱路,50
莘建支路,30
文诚路,50
御秀路,-1
新华路 590 弄,30
风筝路,-1
建中路 3 弄,30
城西南路,30
云桥路,30
洪庙路,50
上南路 3651 弄,30
兴平三路,50
堡兴路,-1
启迅路,30
花衣街,30
园照路,30
南明路,50
五联路,50
方竹路,30
纳贤路,-1
零陵北路,30
星富街,30
陆家嘴环岛,-1
发祥路,30
苇城南路,-1
明珠塔路,30
秣陵路,30
宣怀大道,30
龙镇路,30
达尔文路,50
曹家弄,30
桐晚路,30
绥宁路,50
虹梅路步行街,-1
酒店用品街,30
万金南路,50
海口路,50
万安街,30
居家桥路,30
盛业路,50
马家宅路,-1
西宝兴路,50
昭化路,30
龙舟路,50
积玉水廊,-1
富泽路,50
颛兴东路,-1
华亭路,50
松辰公路,-1
泉口路,50
济三路,-1
棕榈路,50
日月东路,-1
普惠路,50
安仁街,30
朱增禄,50
唐龙路 18 弄,30
原平路,50
三新北路,-1
河曲路,30
乐山路,30
龙翔路,50
凯达路,30
西藏路,30
香规路,50
白华路,30
世纪大道,70
酬勤公路,50
田旺路,30
北宝兴路,50
乌鲁木齐南路,50
新嘉路,30
盐朝公路,50
召泰路,-1
裕德路,30
阳澄湖大道,-1
乐园路,30
小路,-1
博士路,50
金运路,50
环龙路,30
南京东路,50
延安高架路Yan'an,90
加工路,-1
西林街,30
光明街,-1
北海宁路,30
石泉东路,30
南施街,-1
钱明东路,50
芸香路,-1
金辽路,30
江航路,30
武定西路 1398 弄,30
三河路,30
东集路,30
友诚路,30
农工商大道,50
钱仓路,30
川北公路,-1
光启路,30
懿德路,50
星中路,30
智星路,50
东亚路,50
星宝东街,30
宝盛路,30
上海长江隧道,130
合庆服务区,-1
港澳路,50
德州路,30
沙经路,30
环镇北路,-1
乐都支路,50
东沈浒路,30
正大街,-1
静修路,30
江桥路,30
机场大道,-1
秋兴路,-1
万镇路,50
零陵路 250 弄,-1
善新公路,-1
大宁路,50
瓶北路,30
紫月路,50
公兴路,30
曹黎路,50
航新路,50
孙塘路,-1
殷军路,30
老太平弄,30
杨思西路,50
董家渡路,-1
东滩大道,50
金园二路,-1
福民街,30
叶兴路 - Yexing Road,-1
宁波路,30
新渔东路,30
耀华支路,30
西街,30
内环高架路 Inner Ring Road,90
打浦路隧道,-1
红松东路,50
沂林路,30
天通庵路,50
申嘉湖高速 Shenjiahu Expressway,130
金平路,50
田东路,50
新润路,50
种德桥路,30
顺义路,30
同乙路,-1
南汇路,30
西新桥路,50
李塔街,50
新兴一路,50
星都街,50
万安路,30
洞庭湖南路,-1
庆滨路,30
新城西路,30
前京大道,50
政旦东路,30
红园路,30
老虹井路,30
沪宜公路,70
华宁路 3826 弄,-1
番禺路 209 弄,30
正源路,50
蕴藻南路,30
淞发路,50
西林南路,-1
黄陂南路,50
仙业路,50
民府路,30
中津桥路,50
西江湾路,30
浦雪路,30
玉田路,50
环岛路,-1
老白石路,-1
川安路,30
碧云路,30
宝铭路,-1
红棉路,-1
文乐路,30
白杨路,50
乌镇路桥,50
景雅路,50
新丰支二路,-1
沪东路,30
广兰路,50
龙溪路,50
蓝天支路,30
香楠路,-1
锦林小道,-1
栖霞路,30
头桥中路,50
金沙江路桥,-1
沪松路,50
蕰川公路,70
株州路,30
望园路,50
金工路,30
亭九路,50
富贵东路,30
曲阜西路,30
惠民路,50
西民立路,30
惠园路,50
银都西路,-1
永吉路,30
新南西路,70
苏虹中路,-1
富达路,50
外滩停车场出口,-1
东方路,50
景观支路,-1
周园路,50
外白渡桥,70
南昌路,-1
秀圣路,30
亭知路,50
新华北路,-1
养石公路,50
宁桥路,30
景东路,30
沪太公路 Hutai Hwy.,-1
牌楼路,30
团结南路,30
崇明路,30
南下塘街,30
吴中东路,50
保德路,-1
申南七路,-1
彩云路,-1
炎虹路,30
唯新路,50
临平路,-1
松雪街,30
松浦二桥,130
松林路,30
东仓南路,-1
遵义路,50
九江路,30
绿城路,50
广夏路,30
通港公路,70
联谊路,30
平度路,50
富城路,30
港阳路,-1
之根路,50
扬明路,50
恒西路,30
伟业路,-1
草港公路,-1
樱花东路,-1
安化路,30
高东一路,30
东林路,30
金飞路,50
吉亚路,30
毛家弄,30
广平公路,-1
场联路,30
西塘路,30
柳江街,30
浩歌路,-1
安虹路,-1
三角街,30
启圣公路,-1
番禺路 222 弄 50 支弄,30
薛玉路,50
龙恒路,30
城路桥,130
瑞金二路,-1
杰科路,-1
新工南路,50
华兴路,30
小道,-1
孙建路,-1
安研路,30
嘉金高速,130
山连路,-1
日晖东路,-1
八支弄,-1
向东路,50
段墅路,50
爱都路,30
淞行路,30
文师街,30
康居路,50
新茸路,50
倚天路,-1
中漕路,30
解放东路,50
万新公路,50
泰安路,30
龙恒东路,-1
易富路,-1
唯亭大桥,130
民建路,30
安远路,-1
古猗园路,50
北华路,30
真光路 962 弄,-1
胜朗路,30
环枫东路,50
宾南路,-1
梅陇路,50
歇浦路,50
基隆路,50
龙居路,30
洁兴路,50
曹安路,70
大港公路,50
青岗路,30
茸北路,50
日月路,-1
九曲桥广场,-1
北吴路俞塘河桥,-1
杜鹃路,30
奉金路,-1
浦阳路,30
东交通路,30
园丰路,30
黎明路,30
川南奉公路 ChuanNanFeng Highway,70
柳青路,30
永南路,50
宁国路,70
富特西三路,50
卫清东路,50
武东路,50
石龙路,-1
园林东路,-1
松吉路,50
鞠通路,-1
清溪路,30
Jiuxing Road,-1
兴竹路,30
友东路,50
桂林东街,30
吴淞路,70
永清路,30
严桥路,30
强新路,50
引水路,-1
云水路,50
浙江路桥,50
银峰路,50
诸光路,50
灵竹路,50
宣中路,50
善通公路,-1
联群路,50
安家路,30
扬泰路,-1
康桥东路 1258 弄,-1
经三路,30
同三路,-1
徐泾.育才路,50
山西南路,30
景联路,30
亚钢路,30
富阳路,30
福臻路,-1
申北二路,-1
政澄路,30
铁城路,-1
广西北路,30
西库公路,50
光星路,50
热河路,30
湖山路,50
长江南路,-1
洞泾路,50
长宁路 396 弄,30
漕盈路,-1
彭浦路,30
肖南路,-1
车安路,50
航塘路,50
政云路,30
宜川路,50
泖塘公路,50
名商路,30
吴变大道,50
芳草路,-1
银珠路,30
新环西路,50
古园神道,30
牌楼西路,30
沪松公路,70
施园路,50
乍浦路桥,30
政民路,30
行南公路 880 弄,-1
老陈海公路,50
万达广场,-1
金沙江路,-1
兴北路,50
嘉陵路,30
竹行码头街,30
赵家桥路,30
蔑竹路,30
绿苑支路,30
新丰路,30
清河路,50
合兴西路,-1
西虬江桥,-1
张衡路,70
沈括路,-1
环东一路,50
青澄路,-1
山丰路,-1
金闸路,50
德宏路,50
惠平路,30
华石路,30
零陵路,50
康沈公路,30
南侨菜场路,50
连富路,-1
富春江东路,50
崇明南路,30
飞沪路,-1
工农南路,30
加江路,-1
永颂路,30
品柿路,30
九溇路,50
永春中路,50
苗圃路,30
万航渡路 858 弄,30
新和路,50
岭南路,50
东林街,30
新浏河大桥,70
康杉路,30
思源南路,30
纬二路,30
潘泾路,30
潘垫南路,-1
位育路,30
牌楼东路,50
云里桥,-1
宝南路,30
淞宝路,-1
白杨支路,-1
周安路,50
友情路,30
人民广场地下停车场,-1
新风南路,50
景星路,30
义王路,30
城丰路,30
云南中路,30
云深路,50
玫瑰西路,-1
延安高架,90
沿河泾北路,30
中山中路,50
洛川路,30
延川路,-1
武夷路,50
钦江路,30
锦安东路,30
民冬路,30
台桥路,30
巨峰路,-1
腰里路,-1
淞滨支路,30
沙河路,50
春晖路,30
银都路 (Yindu Road),-1
卫行路,30
纪秀路,50
航启路,50
大德路,30
空港七路,30
奉海公路,-1
中大街,50
塔城东路,-1
禾平路,30
复兴中路,-1
庙弄,30
仓庆路,50
小石桥路,30
扬中路,50
震川西路,-1
景宜路,50
板泉路,30
鹤沙路,30
中山东一路,70
晓会路,30
卫零路,50
西栅桥路,-1
大江路,30
华洲东路,-1
长岭路,30
公园东路,-1
翠柏路,-1
花王路,30
Y111,50
东三街路,30
Y116,50
文良街,30
闵行 · 新源路,30
东台路,30
怀德路,30
和康路,30
新中路,50
海霞路,50
Susheng Rd,-1
西营路,50
塘浦路,30
舟山路,30
创苑路,50
昭化路 615 弄,30
程家桥支路,50
国顺路,30
琴月路,-1
墨江路,30
天等路,30
启明路,30
新格路,50
闵瑞路,70
思浦路,30
周康路,30
广场,-1
Ramp to 北环快速路,-1
沈杜公路,50
华山路 1520 弄,30
西三里桥路,30
黄兴路,70
管弄,50
花溪路,30
康华路,30
普育东路,-1
济四路,-1
奉联路,-1
龙轩路,50
凌环路,30
哈尔滨路,30
云锦路,-1
襄阳南路,50
国安路,50
鼎金路,-1
玉田支路,30
荣华东道,30
朱梅路,-1
浦庭路,30
泗泾海桥,130
西华林街,50
高新河路,30
松涛环西路,-1
紫阳街,-1
正谊路,-1
松卫南路,-1
虹五路,30
安礼路,50
航都路,50
杨柳桥路,30
X119,70
利津路,30
高建路,30
松胜支路,50
学后街,30
新兴二路,50
中春路,50
徐家汇路,70
团南公路,70
海熙路,-1
春光路 100 弄,30
沿浦公路,-1
玉泉街,30
武威东路,50
富特北路,50
众安街,50
芦五公路,50
金科南路,-1
严杨路,30
文友街,30
勤勉大道,-1
白樟路,30
中环公路,-1
申长路,-1
茶陵北路,30
联水路,30
齐心路,50
求仁路,-1
安图路,30
人民塘路,50
振水路,50
彰武路,50
环庆中路,30
民和路,30
虹漕路,-1
广灵一路,-1
徐家宅路,30
华夏东路,70
新泥路,50
华兴支路,30
永春南路,50
独广公路,-1
新路,30
复兴东路隧道(下层),-1
中辉路,50
古井路,30
盐铁塘路,30
徽宁路,30
翠庭,-1
盐泥路,30
新培路,-1
兰谷路,30
向城路,50
青桐路,-1
风阳路,30
昆明路,30
航鸣路,50
康宁路,50
茸华北路,-1
缤特力路,50
虹光路,50
林贤路,50
天雄路,30
吴中路地道,90
翔封路,50
留业路,50
平型关路,50
民彝路,30
蓬莱路,30
石门二路,30
浦环路,-1
万山路,30
富特东一路,30
山花路,30
湄浦路,30
凌行路,30
新松公路,50
银欣路,30
堆栈路,-1
海伦路,50
芷江支路,50
崇明东门路,-1
南辅路,30
朱戴路桥,130
罗家村路,-1
杨泰路,30
江栀路,30
腾越路,30
茸盛路,50
金吉路,30
新南中路,70
北安路,30
金晓路,30
万荣路,30
民生北路,-1
金陵中路,50
青浦路,30
翔江公路,50
光泰路,50
公安街,30
共康路,50
罗锦路,50
体育北路,-1
塔山路,-1
周阳路,30
南阳路,30
向东环村路,30
金园三路,-1
金藏路,30
1258弄,-1
龙吴路乐道浜桥,-1
铁力路,30
万寿街,30
平福路,30
Jing Mao Lu,30
佳京路,30
东川路,-1
申北四路,30
星火公路,50
光中路,30
徐虹北路,30
香兴路,30
和盎路,50
灵感街,50
新德路,30
申立路,30
东二路,30
鲁建路,50
启良路,30
松濤街,-1
桐柏路,30
城南路,70
豫园路,-1
新庙三路,50
沈砖公路,-1
永平路,50
果园公路,30
丹徒路,30
通阳路,-1
沂南路,30
祥德路,30
东陆公路,30
东江阴街,30
九支弄,-1
进贤路,30
外青松公路,50
黄家花园路,50
赵环路,-1
粮厅路,-1
刘五公路,50
科能路,50
三林路,50
悦林大道,-1
西凌家宅路,30
瑞安路,30
管山路,50
同嘉路,30
共和新路,70
环城南路,50
启航路 Qihang Road,-1
桂林西街,30
梅岭北路,50
飞虹支路,30
虎丘路,30
河东街,50
康锦路,30
莘沥路,30
申徐二路,30
五角场隧道,70
永兴路,50
白兰路,30
迎园西路,30
南张路,30
希望路,-1
曙宏路,-1
望达路,-1
嘉实•同济新天地,-1
翡翠路,50
经五支路,-1
盐山路,30
浦电路,50
和静路 Hejing Road,50
合欢路,30
虹泉东路,50
堡港路,50
天台路,50
华腾路,50
川沙储七路,-1
宏建路,50
高桥路,-1
中山北路桥,70
沿钱公路,-1
新颖路,50
文庙路,30
王圩东路,50
沈阳路,30
卫星西路,30
公安路,30
关港路,-1
迎勋路,30
银城中路,-1
康定路,50
跃进河路,30
石门一路,-1
环镇南路,50
莘建东路,50
民强路,50
王长浜路,-1
塘泾路,30
榆中路,50
上中路隧道,90
唐沪路,30
兴寒路,50
小区道路,-1
德华路,-1
海顺路,30
马桥 · 文化路,30
西横浜路,30
海伦西路,50
金湾路,50
协和路,50
龙州路,50
四方路,30
金桥路 2552 弄,30
鹤南路,30
星升路,30
庆南路,30
校园环路,-1
民丰路,50
中街山路,50
凯进路,30
沙溪服务区,-1
博乐路,-1
望湖路,50
浦源路,50
嘉峪关路,-1
龙川北路,50
华佗路,-1
政青路,50
后港路,50
五渠路,50
伴亭路,50
武宁南路,70
新街,30
开明路,50
繁荣路,30
平武路,30
西粮库路,-1
富昌桥,30
清和路,-1
水电路,-1
通富路,-1
寺平北路,50
清任路,-1
民庆路,50
玉宇路,50
环湖北路,50
江桐南路,30
宁海西路,30
嘉松南路,70
泸定路桥,-1
天创路,-1
奉旺路,-1
临夏路,-1
花卉路,50
九星路,30
中兴路,50
卫生路,50
紫阳路,30
申南三路,30
龙阳路,70
祁连山南路,-1
姚虹路,50
樱花路,30
余庆路,-1
昆阳路,30
严民路,30
航南路,30
环城路,-1
温莎半岛,30
新陈路,-1
长江三路,30
扬豪路,50
八秀路,30
政衷路,30
四通南路,-1
古美路,30
华阳老街,50
西林北路,-1
广林路,50
扬绣路,50
申迪西路,50
康电路,50
松胜路,50
白水路,30
紫霞路,30
吴杨路,30
海徐路,30
新龙路,50
御桥路,50
曲沃路,30
国江路,-1
杨鑫路,50
莲溪路,50
沁春路,-1
澄阳路,-1
场中路（三号桥）,70
辕门路,-1
长康路,-1
新红路,-1
新灵路,50
正原路,50
瑞丰路,30
复兴路,50
新枫高速,130
花木路 500 弄,-1
济阳路,70
龙泉路,50
梅鹤路,30
康元路,50
明中路,70
叔同路,30
海松路,30
永兴街,30
建联路,30
苏雅路,30
东方路 873 弄,-1
曹建路,30
桃源路,50
东库公路,50
临山路,30
保宁路,30
勤俭路,50
鹿吉路,30
周达路,30
延安西路 1289 弄,30
张杨北路,70
桂林路 626 弄,30
池沟路,30
嘉三路,-1
外鹹瓜路,30
四川路桥,-1
塘中路,30
周家牌路,30
双峰路,30
康意路,-1
大渡河路,-1
Hampton Street,50
合川路,30
外马路,-1
黄陵路,30
虹秀路,30
放鹤路,70
西乡路,30
华夏二路,-1
唐安路,50
西凌江路,30
东小港路,50
吉浦路,30
龙吴路金英河桥,-1
南陶浜路,50
鹏程街,30
随塘公路,-1
平溪路,30
真北路 1029 弄,-1
闵浦二桥,90
九峰路,50
陆沈路,30
永航路,30
自忠路,-1
环湖路,-1
藿香路,-1
金洲街,30
金塔路,30
场中路,70
金汤路,-1
荷丹路,30
江帆路,50
东新路,30
儒林路,-1
塔汇公路·,50
世纪大道 Century Avenue,70
高光路,50
陆家浜街,30
曹农路,50
联胜路,30
北安德路,50
广灵二路,50
景农路,-1
老真北路,30
三三公路,50
沪青平公路,70
港业路,50
邯郸路,70
国帆路,30
春林路,50
祈迁河桥,130
兴禾路,50
沪杭高速入口,130
凌高路,30
冠军路,50
五四公路,50
港鼎路,-1
九华路,50
界浦路,50
连亮路,-1
伊宁路,50
长顺路,30
真大路 1 弄,30
塘园路,50
山富西路,-1
延吉西路,50
祁连山南路桥,-1
长春路,30
小桃园街,30
春延路,30
航头路,-1
江川东路,50
景彩路,30
汇中路,50
王黎公路,50
葫芦湾路,30
关山路,30
景洪路,30
向荣路,50
天雪路,-1
广粤路,50
颛建路,30
新同心路,30
翰林路,-1
团青公路,70
瑞虹路,50
奎照路,50
春眺路,30
霞光路,-1
闵驰二路,30
沪青平高速,130
李村路,30
女贞路,-1
建南街,50
塘东路,30
盛新东路,50
福佑路,30
军民路,50
新源路步行街,-1
汇荣路,-1
闸南路,-1
迎宾六路,30
泖晨公路,-1
伯士路,-1
同普路,-1
嘉善路,30
翔殷路隧道/民星路,-1
大木桥路,50
东街新路,-1
申迪南路,50
迎宾东路,50
星吉路,30
山西北路,30
两港西大道,70
江协路,30
申光路,-1
历城路,30
锦安西路,30
乐都路,-1
航飞路,-1
茅台路,50
池河路,30
前进路,50
河南北路,30
嘉前路,30
同乐路,30
华江公路1号桥,-1
昌吉东路,50
明城路,50
通阁路,30
惠南 • 梅花路,30
白城路,50
结城路,50
度假区高架路,90
南环路,-1
兴福利路,50
富兴路,-1
同济高架路,90
南期昌路,-1
佳高路,30
沿沪大道,-1
春申路 3799 弄,30
临潭路,30
金都路,30
锦西路,50
徐家宅支路,30
龙吴路俞塘河桥,70
明港路,-1
季景北路,30
三庄路,-1
航亭环路,50
康梧路,-1
民京路,30
刘场路,50
沪闵高架路,90
联梅路,50
漕宝路,70
申南五路,-1
岳阳路,-1
上钢路,30
江兴东路,-1
普济路,-1
岚皋路,-1
蒲汇塘路,30
高青西路,50
群英路,30
澄浏中路,-1
锡太公路,70
潮枫路,50
亭文街,50
云雾山路,30
博华路,-1
思贤路,70
铁谊路,-1
海农公路,-1
BeiQing Highway,70
隆德路,30
伴亭东路,50
清流环一路,50
绿环路,50
东昌路,-1
广纪路,30
崧泽大道,70
亭虹街,30
假日广场,-1
申江路,70
梅川路 999 弄,30
恒仁路,50
古北路,50
杨思 • 新村路,30
放鹤洲路 Fanghezhou Rd,-1
滨江道,30
闸航路,50
烟雨路,30
嘉黄路桥,130
元明路,30
东海一路,30
浦涛路,30
科意路,50
广通路,50
远景路,50
凉州路,30
卫亭路,50
北苏州路,30
环北二路,50
临源街,-1
东大公路,90
江田东路,50
常和路,30
军民路 232 弄,30
金沙路,30
芳春路,-1
黄金城道,30
yes,30
吉字盘路,50
环路,-1
莲林路,-1
闻居路,-1
春江路,30
桂桥路,30
胡园路,50
国权北路,-1
翔川路,30
清涧路,-1
松汇中路1101弄,30
联民路,-1
新村路,-1
环区北路,50
泾南路,30
许家村路,30
太平路,30
百禄路,30
旺兴路,50
文治路,30
翔黄公路,50
平城路,50
建定路,50
桂冠路,30
弘翔路,50
陆家浜路,90
城中街,30
莱阳路,30
崇溪路,30
耀体路,50
泰联路,30
龚卢路,30
香泾路,50
新晨路,50
真光路,50
庄河路,30
乐都西路,-1
豆市街,30
扬溪路,50
龙茗路,30
飞渡路,-1
金亭路,30
宝安公路,70
金壁路,-1
长江西路,50
集海路,-1
陈翔路,30
海门路,50
政立路,70
蒸南路,-1
民约路,30
大学路,50
申兰路,50
城北路,50
东粮库路,50
张杨路,70
东新街,30
荣春路,-1
黄石路,30
安庆路,30
同生西路,-1
园林西路,30
林园路,50
元科路,30
枫桥路,30
漕东路,30
南河路,50
辰塔路横潦泾大桥,-1
东亭南路,50
银城东路,-1
益文路,30
军民公路,-1
中华路,50
川巷路Chuanxiang,30
兴国路,-1
鲁南路,-1
环洲路,30
顾唐路,-1
洪中路,-1
和丰桥,-1
金华街,30
虬江码头路,-1
雅安路,30
一二八纪念路,30
瑞意路,30
汇善路,-1
邹平路,30
御衡路,30
仙霞西路,-1
沙港一路,30
泸定路,30
华江支路,50
天山西路,70
罗兰岗,30
长兴路 Changxing Road,30
南三公里,50
奉城南街,30
北翟高架路,90
建虹路,-1
青溪路,50
张民路,30
北无锡路,30
蒙山路,50
迎宾高速 Yingbin Expressway,130
沈家弄路,30
莘朱东路,-1
新汇街,50
金口路,30
虞山北路,70
中发路,50
桃李大道,-1
韵浦路,30
安边路,-1
泰环路,30
康丰路,50
严镇路,30
朱建路,50
通州路,30
华和路,50
茸腾路,-1
孙环路 600 弄,30
会文路,30
国京路,30
华益路,-1
龙吴路,70
同济支路,30
草高公路,30
嘉涌路,-1
生物路,-1
腾冲路,30
文翔东路,-1
冰克路,30
舒兰路,30
嘉定北大街,30
上钦路,30
安成路,30
创新路,50
碧江路,50
龙华路,30
隐沙路,30
海南路,30
启东路,30
adoggie's subway,-1
普安路,50
天河路,30
龙里路,50
永盛南路,-1
双洋港桥,50
德恒路,30
安运路,30
康花路,-1
泗凤公路 Sifeng Hwy.,-1
江阴路,30
滟东路,-1
祁春路,30
上海绕城高速,130
卫星东路,30
解放西路,50
申南路,30
茂名南路,30
向民路,50
新兰路,30
中二路,50
育麟桥路,70
大慈路,50
东港路,30
王圩西路,50
香烟桥路,30
永泰路,50
长乐路,30
新成路,50
逸仙高架路,90
嘉美路,30
申徐路,30
镇中心路 (北蔡),30
园西路,50
新艳路,50
巨野路,30
湖北路,30
同二路,-1
曹南路,-1
民德路,30
剑川路,70
华铁路,50
真北路汶水路,-1
平江路,30
宁武路,30
三鲁公路,-1
西藏中路,30
锦嘉路,30
松汇中路,70
露香园路,30
上浦西路,30
南山路,30
新会路,30
上南路,70
喜泰路,30
Jiashan Market,-1
蒲淞南路,-1
桂箐路,50
古林路,30
YuanDa Lu,50
学德路,50
龙桥路,30
陇南路,-1
纵一路,50
山通路,-1
昭通路,30
北吴路,-1
安盛街,-1
国栋路,30
杜行路,30
乔松路,50
北泖泾桥,70
陆嘉南路,50
外环西路,70
贝克大街,50
梅陇西路,50
电台路,50
双辽路,30
望道路,-1
沔北路,50
凌空路,50
清源环路,30
后马路,30
牛七泾中桥,130
文定路,30
沿塘路,30
何家湾路,30
鸿音路,50
西兴公路,50
虹梅南路隧道,70
绍兴路,30
妙香路,50
同济路/上海港吴淞客运中心,-1
宜昌路,30
鲁班路,70
金瑞路,50
翔殷路隧道,90
梅岭南路,50
奉城东街,-1
永和路,30
山西路步行桥,-1
九龙路,30
中工路,50
平阳路,30
虹范路,50
陆家嘴东路,70
医学院路,30
靖宇南路,30
真南路 822 弄 521 支弄,30
丰镇路,50
洪波路,-1
北江燕路,30
新前路,30
河滨路,30
孙环路,50
静普路,30
汾阳路,-1
兴豪路,50
西横街,30
内环高架路匝道,-1
新徕路,-1
泗东路,30
锦建路,30
莘建路,30
捷达路,50
经一路（南洋西路）,30
九华山路,50
康安路,-1
日永路,-1
清波路,30
柳华路,30
松卫北路,70
城浏桥,-1
临沂北路,50
莲花南路,-1
三新街,30
环山路,50
启新路,30
国学路,30
沈浦泾路,-1
新华路,50
右岸街,30
陈功路,50
四季路,-1
延吉东路,50
崇明支路,30
亭枫公路,90
清真路,30
叶新公路,-1
银宵路,30
远东大道,130
富特南路,50
亭翔街,50
珑庭路,50
春生街,30
南塘浜路,30
S20,-1
奚阳公路,30
苏荷大街,50
海城路,30
胜辛路,-1
汉普顿庄园,30
洲变路,30
联新路,50
同港路,-1
罗浮路,30
復興東路隧道 (上層),-1
沪嘉高速,130
卫岗路,30
北新公路,-1
虹莘路,30
新北路,50
枫阳路,50
文益街,30
姚家浜路,30
小木桥路,30
秦和路,-1
荣乐西路,70
范家公路,-1
涞寅路,50
金汇工业路,-1
金沙江西路,-1
东汇路,50
海宁路,70
衡山路漕溪北路隧道,-1
唐陆公路,50
永建路,30
石泉路,50
南宁路,-1
高行 • 复兴路,30
四川北路,-1
园洲路,30
环湖南路,-1
江桐北路,30
金海路,-1
金科路,-1
枫渡路,50
都春路,30
星阳街,50
金浜路,30
绍钧桥,-1
三里路,50
石岛路,-1
火车站路,30
博云路,30
杏林街,30
虬江路,50
外滩停车场入口,-1
十支弄,-1
津行路,-1
苏嘉杭高速,130
王兴路,-1
富水路,50
车嘉路,50
Fangzhou Road,30
谈家渡路,30
江阴街,30
周家嘴路,70
南奉公路,-1
民治路,30
曹安公路9号桥,70
兴运路,30
安邬路,-1
吉镇路,-1
园恒路,30
锦宏路,-1
康乐路,30
南车站路,50
沪奉高速,-1
东余杭路,30
友云路,30
苏绣路,-1
创业路,50
富特东二路,30
平家桥路,30
青厦路,30
张家港桥,130
渡口路,30
亮秀路,30
龙漕路,70
金皖路,30
三角东街,30
梅家浜路,-1
纪翟路,50
迎宾五路,30
浦泉路,30
莘凌路,30
北港南路,30
桂果路,30
钻石路,50
沪芦高速,130
青松路,50
南大道,-1
泰兴路,30
浦三路 741 弄,30
温州路,30
北虹路,50
江场路,30
佳木斯路,50
名都路,30
展发路,-1
孙农路,-1
运澄路,50
林慧路,50
大统路,50
陈广路,50
杨甪路,-1
拱北路,30
正阳路,30
跃益路,30
新郁路 800 弄,30
长安路,30
德方路,-1
宝昌路,30
茸树路,50
淞汾线,-1
云南南路,30
八秀西路,30
都会路,50
海高公路,30
行政路,30
瑞金一路,-1
曹家浜公路,50
江汉路,30
东门路,30
富元路,50
申迪东路,50
拱乐路,30
裕民路,50
通站路,-1
沪顾路,30
三新路,30
江东路,30
百花街,30
崇启大桥,130
宏鑫路,-1
求盛路,-1
春都路,50
高阳路,50
港城路,70
沙南线,50
车站北路,50
普善横路,30
竹园西路,30
新德西路,30
五洲大道/绕城高速/浦东国际机场/崇明,-1
兴虹路,50
奇妙路,50
东垣路,-1
止园路,30
甘德路,50
林湖路,50
茸城路,50
星海街,-1
绥徳路 175 弄,30
白萱路,30
许昌路,50
横沔江路 206 弄,30
定威路,30
欣玉路,30
同泰路,30
龙华东路,-1
青村城乡路,-1
南浔路,30
定边路 377 弄,-1
潘垫东路,-1
兰城路,30
茂兴路,30
政治路,30
世界路,50
花桥分离立交桥,130
荣乐东路,70
广顺路,-1
蒸浦支路,-1
富都路,30
玉屏南路,50
浦江路,50
福庆路,30
曹安公路,70
洪殷路,30
星风路,30
金澄路,70
吴中路出口,-1
南仓街,30
中天路,50
星汉街,-1
大浦港路,30
High Street,50
天中路,30
嘉定环城路,-1
殷北路,-1
龙华西路,50
南大路,50
白玉路,-1
米泉南路,-1
元春路,30
星波街,30
中华新路,30
集善路,50
石屏路,50
平塘路,30
张家浜路,30
珠溪路,-1
会稽路,30
芦跃路,50
卫岗二路,30
汉口路,30
莲振路,-1
松潘路,30
玉佳路,30
金桥路 2622 弄,30
新扬路,50
航鹤路,-1
联达路,30
丰和路,30
中山西路,70
金门路,30
芝罘路,30
荣科路,30
外环高速,130
金园六路,-1
华秋路,30
汇文路,30
明南路,50
吉镇北路,30
前程路,-1
施惠路,50
成山路,50
胜晓路,30
欧阳路,50
园国路,50
迎园中路,30
荣华西道,30
盛石路,-1
沙霞路,30
龙柏路,-1
嘉二路,-1
友谊路,30
浏阳路,50
桂平支路,30
古浪路,-1
沪宜公路 1189 弄,-1
浦泽路,30
同丁路,-1
光华路,50
虹镇老街,30
双阳港桥,-1
西茹路,50
寺中路,-1
通波路,-1
川展路,50
苍梧路,50
济宁路,30
莘吉路,-1
马桥中街,30
申南六路,-1
Victoria Street,-1
毕升路,30
兴工路,50
体育路,50
钟兴路,50
泰谷路,30
厦门路,30
岗山路,50
归家巷,30
大华一路,30
瑞建路,30
东城路,30
仓场东路,30
蟠东路,30
金迎路,-1
紫金路,30
骊山路,30
太平南路,50
巴圣路,50
宁国南路,50
商务大道,-1
华灵路,-1
富永路,50
娄陆公路,50
美盛路,30
锦尊路,-1
方塔南路,-1
黄桦路,30
银山路,30
龙田路,30
航浦路,-1
昌平路,-1
疏影路,50
安谢路,-1
荆州路,30
航三路,50
和田路,30
中原路,30
同生东路,-1
莘福路,-1
佘山岛路,50
仓房浜路,30
申港路,-1
敦煌路,30
南亭公路,50
解放路,30
闻喜路,30
合五公路,50
金葵路,-1
Xue Tang Rd,50
祁顺路,-1
虹泉路,30
同凯路,50
同煌路,30
星北东街,30
辛耕路,30
学前街,30
剑河路,-1
长谷路,30
碧秀路,30
贞溪北路,50
东煦路,30
月亮湾路,50
金达路,-1
肇方弄,30
保定路,30
联杨路,30
曹联路,30
昌里路,50
Thames River Walk,-1
老真北支路,30
管弄路,30
三泉路,30
汇雄路,30
长青路,30
九新公路 Jiuxin Highway,-1
老道前街,30
华宁路,30
吉业路,50
赤峰路,50
联华路,30
嘉川路,30
风城路,30
Xinche hwy,70
莲花路地铁站人行地道,-1
胡家埭路,50
内环高架路,90
商园街,50
川六公路,50
梅岭支路,50
塘沽路,30
安泽路,30
长岛中路,50
海湾路,-1
科苑路,50
安悦路,-1
蟠龙路 Panlong Lu,-1
兴钟路,50
通南路,50
南青路,50
龙三路,30
南新路,30
冀桥路,30
平廊线,-1
里陆街,50
云清路,50
金鼎路,30
华发路,30
培花路,30
石龙支路,-1
军工路隧道,90
茹塘公路,50
莘砖公路,70
西静路,50
顺和路,-1
强安路,50
田园路,30
华宁路 3700 弄,-1
潮华路,30
青暮路,-1
金园四路,50
独黎公路,-1
乐秀路,-1
四平路,70
鹤立东路,30
张江路,70
界华路,30
友谊街,-1
六里庵公路,50
合肥路,-1
刘河口路,30
余姚路,50
樱桃河路,30
汇臻路,50
吕青公路,-1
河间路,30
祥凝浜路,50
泾车路,50
玉朝路,30
鹤栖路,30
梅川路,30
蝶湖东路,30
人民西路,50
义庄路,30
堡南支路,30
天灯弄,-1
南翔 • 解放街,30
华济路,50
飞虹路,30
哈瑞大街,50
嘉行公路,-1
汉阳路,50
朱中路,50
沪塘路,30
皋兰路,30
叶新支路,50
罗秀路,50
芦席路,50
焦桐街,-1
苏州中环快速路,130
立建路,30
世博村路,30
陈家宅路,30
香花桥路,30
江宁路桥,-1
优德路,50
新彭路,50
欧高路,30
龚家宅路,30
前滩大道,50
燎钦公路,50
叶张路 - Yezhang Road,-1
长沙路,30
曲阳路,70
锦州湾路,30
港兴路,50
方舟街,30
梅园路,50
罗城路,30
乌鲁木齐中路,50
句容路,30
卫门路,30
独墅湖隧道,90
港华路,-1
静宁路,-1
丰北路,-1
康鸣路,-1
云汉路,-1
漠河路,30
高陵路,-1
海州路,30
茸华路,50
南大街,30
辽源西路,50
科智路,50
西泰林路,30
罗山高架路,90
由拳路,50
凌海路,-1
剑斜街,50
银柳路,30
竹窖路桥,130
八一路,50
胶南路,30
莲池街,-1
湾巷公路,-1
南泉路,50
茸江路,50
嘉金高速 Jiajin Expressway,130
乡思东路,30
美能达路,50
宾洪路,50
天翔路,50
华徐公路,50
临新路,-1
庄家街,30
藤花路,30
景福路,30
懿行路,50
西洲路,30
夷浜路,50
金娄路,30
南桥路,30
申富路,30
苏近路,30
友宜路,-1
盘古路,30
瞿溪路,30
丰庄北路,50
恒盛路,50
商丘路,30
朝阳东路,50
老沪闵路,30
千阳路,50
泰和西路,70
青岛路,30
八字路,50
海古路,30
秋雨路,-1
Reynders Street,-1
共江路,30
杨高北路,70
陆家嘴西路,-1
伟康路,30
崇科路,30
汇源路,-1
打浦路,-1
靖海南路,30
南北高架,90
江文路,30
安智路,50
富泰路,30
运河路,30
Lakeside Walk,-1
护珀路,30
亭子路,30
黎平路,70
金桥大街,-1
明华路,50
华润路,-1
美盾路,50
东环龙路,30
龙水南路,-1
彭家公路,-1
华恒路,-1
春和路,-1
万枫西路,50
场北支路,30
双河路,-1
常嘉高速,130
上合路,-1
德川路,30
五洲路,50
九曲桥,-1
浦润路,30
杨镇路,30
上穴路,-1
唐龙路,30
新渔路,50
建设河路,-1
锦绣东路,-1
万竹路,30
曹家沟路,30
国浩路,30
拓皋路,30
东长治路319弄,-1
申北路,30
茂名北路,-1
华虹街,30
芙蓉街,50
御茶路,50
中山西路 1245 弄,30
大华二路,30
上飞大道,30
泽普路,30
张泾桥,130
千新公路,-1
大夏路,30
兆丰路,50
繁华路,50
北阳路,50
湖南路,-1
迎宾七路,30
长宁路,70
经七路,30
康宁弄,30
桃江路,-1
江东支路,50
林叶路,50
愚园支路,30
1168弄3支弄,-1
马陆立交,130
登云路,50
跨阳路,-1
新风中路,50
甪彭路,50
鑫都路,30
城公桥,-1
万航渡路,50
政熙路,30
蒲淞北路,30
九亭大街,50
国秀路,30
鹤坡路,30
南江路,50
御叶路,-1
紫苑路,-1
全州路,30
日京路,50
建新路,30
巨鹿路,30
协新路,-1
求康路,-1
真金路,30
封杨路,-1
南林路,30
西门大街,30
枣阳路,50
新腾路,50
北张家浜路,30
长山路,30
复兴东路隧道 (上层),-1
纬七路,-1
淡家浜街,50
贞溪南路,50
水城南路,50
胜竹路,-1
守仁桥街,50
锦绣路,30
居里路,-1
學院路,30
富民路,50
金潭路,50
华玉路,50
Sub Lane 45, Lane 822 Changshou Road,-1
为民路,30
滨江路,30
江学路,-1
嘉好路,30
胡曹路,50
鸿日路,-1
凌河路,30
车香路,50
凝晖路,-1
南环路高架,90
莘朱路,50
博乐南路,-1
振兴东路,30
蒙自东路,30
兰竹路,50
云南北路,30
春泉路,30
洋桥路,30
安宁路,50
华洲路,-1
淮安路,30
马鞍山西路,-1
建中桥,50
仁德路,30
报春路,50
永盛路,-1
包家桥路,50
定海路,30
华磊路,50
娄江大道,70
希雅路,30
建德路,30
老朱枫公路,50
迎乐路,-1
闵浦大桥,70
曲吴路,50
龙瑞路,50
华夏三路,30
金迈路,-1
1168弄7支弄,-1
万源南路,30
半泾园弄,30
通济路,50
民耀路,30
凌云桥,-1
西藏南路隧道,-1
博兴路,30
育婴堂路,30
诚爱路,50
法华镇路 681 弄,30
奉城西街,30
法华镇路,30
白银路,50
庆利路,30
平凉路,-1
国权东路,30
长白路,30
三泰路,30
航都南路,30
新金山路,50
安篪路,30
联阳路,-1
德园南路,-1
国济路,30
娄塘河桥,130
上海港吴淞客运中心,-1
朱吕公路,50
亭雅街,30
汝南街,30
YanGao Road,-1
万勇路,-1
爱辉路,50
耀龙路,-1
西环西二路,30
华山路,50
广州路,30
红石路,-1
腰泾公路,50
竹亭北路,-1
新桥路桥,30
浦建路,70
瓦屑支路,-1
武都路,50
经二路,30
尚博路,30
民同路,30
赵家泾路,50
陈邵路,-1
长石公路,50
厅西路,30
四支弄,-1
疏港公路,50
财茂路,50
上海东路,70
Mingyue Qingquan,50
南祝路,-1
景明路,-1
北石路 500 弄,30
许渔河桥,-1
崇景路,30
竹园路,30
玫瑰东路,30
中达路,50
东泰林路,50
盆汤弄,30
北青公路,70
富平路,30
江场西路,-1
向中路,50
胡甪路,50
水秀路,50
镇南路,50
浏华线,50
朝阳西路,50
金张公路,50
川环南路,-1
九杜路 JiuDu Road,-1
鹤韵路,-1
安龙路,30
嘉涛路,-1
宁康路,30
西环南路,30
奉粮路,-1
新二路,30
光宪路,30
富强东街,30
纪蕰路,-1
浦放路,30
中辰路,50
惠新大道,-1
乳山路,50
政仁路,30
南横街,-1
中区路,50
侯家路,30
春光路,30
金兰路,-1
张虹路,30
仙霞西路隧道,-1
浦隆路,30
佘北公路,50
西诸安浜路,30
天高路,-1
建华路,30
头桥东路,-1
金高路,50
广元路,-1
双向车行道,30
泰德大街,50
益丰路,30
车峰路,-1
强家角桥,-1
永高路,30
沧源路,50
康凌路,30
龙吴路 398 弄,-1
永德路,50
曹华路,30
文兵路,50
宋和路,-1
千步泾中桥,130
愚园东路,30
宾阳路,-1
新卫高速,130
金沙江支路,30
庆阳路,30
延长西路,50
集宁路,50
北翟路,70
申东路,-1
卫清西路,50
华阴路,30
东义路,30
安波路,50
华鹏路,-1
昌盛北路,-1
跃进路,50
周星中心路,-1
丽园路,-1
云台路,50
穿心街,30
唯胜路,-1
富特西一路,30
南浦大桥,90
兰田路,30
环庆路,50
李松路,50
西门路,30
星华公路,50
恒大路,-1
富春江西路,50
康健路,30
月城路,30
柴场中心路,-1
严丰路,30
鹏春路,30
东启航路,-1
明业路,50
常胜南路,70
宁城路,50
杨南支路,30
玉城南路,30
崇文路,-1
嘉泽路,-1
国定路,30
红牡丹路,50
澳门路 872 弄,30
外环隧道,130
云端路,-1
江南大道,50
东方一路,30
中山东二路,70
塘川路,30
通河路,30
环林东路,30
中业路,50
海安路,50
车站南路,50
广德路,30
金南街,50
虹中路,30
金槐路,-1
南安路,-1
锦乐路,-1
天目中路立交桥,70
芳甸路,-1
双山路,50
北洋泾路,30
宝庆路,-1
嘉戬公路,-1
墨玉南路,70
福宁路,30
政德东路,30
明星路,50
桃林路,50
金坛路,30
联业路,50
纬八路,-1
少年村路,30
阳城路,50
厅东街,30
殷高西路,-1
紫星路,50
北康路,30
钟慧路,30
港电路,-1
东汉阳路,50
兰溪路,50
安中路,-1
瑞和路,30
甘泉路,30
浦秀路,30
北松公路,90
民立路,50
源泉路,30
佳虹路,30
李冰路,30
高东路,30
平廊公路,-1
伽利略路,-1
平吉路,30
大场立交桥,-1
水清路出口,-1
黄埔江路,50
新南路,70
航城路,-1
国晓路,30
大亭公路,70
新开河路,-1
廊下大街,-1
吴淞开埠纪念广场,-1
古楼路,50
真朋路,30
青海路,30
方浜中路,30
迎宾二路,50
学北路,30
张学街,30
龙宇路,-1
constuction 2015-04,130
新建路,-1
华联路,30
竹柳路,-1
白牛路,50
四川南路,30
空港三路,50
民贤路,30
平圩路,50
颛卫路,30
周家渡路,30
申北五路,30
金桥路 2690 弄,30
长江一路,30
泗砖公路,-1
芷江中路,50
淡水路,30
峨山路 91 弄,-1
荣乐东路1515弄,50
浦屯路,-1
兰陵路,30
潘垫路,-1
莲安西路,-1
行德路,30
松隐大街,50
政本路,50
礼尚路,-1
卫阳南路,50
曙光路,50
长塔公路,50
星中东街,30
杭州湾跨海大桥北接线,130
医院弄,-1
东延路,-1
梁林路,50
嵊山路,50
丹棱路,30
兴业南路,50
唯华路,50
渔乐路,50
阳曲路,50
多稼路,30
城茂桥,130
金台路,30
现代大道,70
新骏北路,30
松下路,30
周东路,30
上浦路,30
顾戴路,-1
金汇南路,50
发达路,50
航瑞路,50
碧桃路,-1
东兰西路,30
临华路,-1
长岛路,50
紫乐路,30
清池路,30
安勇路,-1
永翠路,30
老成都北路,30
古桐南路,30
Xiukang Road,-1
山东南路,30
汇安路,-1
青春路,-1
瑞丽路,50
幸福路 139 弄,30
港九路,30
政化路,30
诺丁汉绿洲,30
云莲路,30
子青路,30
台中北路,30
龙耀路,-1
安福路,30
西环东路,30
勤奋路,30
台儿庄路,30
杜库路,-1
虹梅南路 126 弄,30
盐铁路,50
水闸路,30
木桥港路,30
文涵路,50
行泰路,30
高翔路,30
四元路,30
新旭路,50
新奉公路,50
御北路,-1
映雪路,50
松浦大桥,90
淞虹路,50
群裕路,30
花卉公路,50
闵松路,70
香水路,50
北环路,-1
沪杭公路,70
斜徐路,30
张江门泾桥,130
怒江北路,30
凌志路,30
交通街,-1
鸿兴路,30
太平北路,50
西二路,30
新沪路,30
马桥 · 青年路,-1
东高路,50
高西路,-1
靖宇中路,30
北绍河桥,130
呼玛路,50
华丰路,50
临洮南路,-1
广顺北路,-1
铁峰路,30
五支弄,-1
王家码头路,30
南石一路,30
中库路,50
齐和路,-1
陈家公路,-1
迎金路,-1
福利路,-1
泾惠路,30
北沿公路,-1
德林路,30
川和路,-1
松枫港路,50
惠亚路,30
建设公路,-1
宝山路,-1
平定路,30
车站支路,30
龙城路,50
车斜路,-1
唐丰路,30
金石南路,50
尚文路,30
鮮橙路,30
鹤驰路,30
丰华公路,50
马鞍山中路,-1
浦驰南路,30
宾川路,30
斜土东路,50
Ramp to 星港街,-1
杭金公路,70
华夏西路,70
惠南 • 新华路,30
通北路,50
环西一路,50
昌吉路,50
临沂路,50
朱周路桥,130
2号航站楼,-1
春蚕路,50
崧泽高架路,90
荣光路,-1
园区高架桥,90
辉河路,50
南洋泾路,50
国科路,30
Zihai Rd.,30
欧高公路,30
惠裕路,30
高科西路,50
张掖路,-1
江安路,-1
康洲街,50
云夏路,-1
嘉绣路,-1
联长路,30
祝潘公路,50
南苏州路,50
昌邑路,30
玉杨路,50
新波路,50
沈浦泾南路,-1
凌杨路,30
宣秋路,50
潮州路,-1
前进东路,-1
华茂路,30
苏桐路,-1
龙华西路591弄,30
牡丹路,30
嵩山路,70
漕宝路 1508 弄,30
水清南路,50
南奉公路 Nanfeng Highway,70
新环东路,-1
园二路,30
克东路,30
勋业路,50
贵州路,30
华绣路,-1
景乐路,-1
双辽支路,30
可乐东路,30
人民英雄纪念塔,-1
殷行路,70
新市路,30
丽水路,-1
新三路,50
桂江路,30
崇德路,30
漕东四路,30
金腾路,50
北沈路,30
蒙自路,30
惠申路,30
乡思路,30
乐林路,30
淞浦路,30
徐山路,-1
创西路,30
七莘路出口,-1
浦澳路,30
四川中路,50
江滨路,-1
博山东路,30
双庆路,30
延安高架路 Yan'an Elevated Road,90
南石二路,30
志伟路,30
顾家弄,30
前哨支路,30
华江公路3号桥,-1
永寿路,30
丰南路,-1
延寿路,50
亭盛街,50
紫堤路,-1
下沙西街,30
界龙一路,30
松良路,-1
南园路,50
淮阴路,30
绿苑路 82 弄,-1
沽源路,30
鲁桥路,30
高西中心路,30
虬泾路,50
松隐中心路,50
民乐路,50
临潼路,30
苗圃公路,-1
番禺路 222 弄,30
服务区,-1
海春路,30
沧州路,30
北吴路塘春泾桥,-1
银都路,30
胜信路,30
嘉罗公路, 162县道,50
东朱路,30
车腾路,50
曹西路,50
基地三路,-1
嘉朱公路,50
都市路,50
东海四路,30
张马路,30
江西中路,50
漕东三路,30
达山路,50
大境路,30
永秀路,30
城中路,-1
寿宁路,30
营房路,-1
封浜河路,-1
山富东路,-1
定海港路,30
望东南路,-1
胡工路,50
莘中路,30
罗阳路,30
佳桥路,30
业东路,50
恒河北路,-1
申贵路,50
万佛阁路,50
谈中路,30
茸惠路,50
定边路,50
富岩路,30
杨高南路,70
板桥东路,50
桂林路,-1
友宜支路,-1
二支弄,-1
淮海东路,-1
陈海公路 Chenhai Highway,70
建平路,30
逸仙路,70
昆山花园路,30
龙汇路,30
谷阳北路,-1
建安路,50
外环南路,130
泗泾路,30
新浏河桥,130
龙吴路5413弄,-1
岳州路,30
澳门路,30
化城路,30
查家港桥,130
石港路,50
甘肃路,30
江月路,50
龙水北路,30
华林路,30
富蕴路,-1
如元路,50
钦殿街,-1
星虹街,30
政和路,30
新港河路,30
奉柘公路,50
前进西路,-1
唐和路,-1
城西路,50
船厂路,-1
元山路,30
济南路,50
浦三路,50
青石路,30
星南路,30
金滇路,30
盛龙路,-1
迎园路,30
南石四路,30
米奇大街  Mickey Avenue,-1
牛庄路,30
柳营路,30
吴江路,30
晋城路,30
常隆路,50
三号路,50
元安路,30
南门大街,50
马厂路,30
永业路,30
海江路,30
平顺路,30
Church Street,-1
齐南北路,30
交通路,30
勤政路,-1
南湾路,50
民主东街,-1
海阳路,50
双桥路,30
三浜路,50
古北路桥,-1
丰江路,30
万灯路,-1
嘉园路,-1
漕溪路,70
三支弄,-1
渡口支路,30
川心街,50
百官街,30
泰和路,70
秀文路,30
察院弄,30
羽山路,50
御青路,-1
小澞南路,50
新闵路,-1
环镇西路,30
紫星路 Zixing Rd.,50
金都西路,50
乾溪路,30
创嘉路,50
灵石路,50
双峰北路,30
瑞德路,30
曲阜路,-1
玉门路,30
江桃路,30
新世纪大道,70
虹梅南路,70
阜新路,50
延长中路,50
中界村道,30
一支弄,-1
大连路隧道,-1
杏山路南桥,-1
广秀路,-1
益华路,-1
纬二东路,-1
齐爱路,50
洛川中路,50
芬辛路,30
沪宁高速,130
广中支路,30
季景路,30
莲花南路 Lian Hua Road,-1
紫日路,50
南姚泾桥,130
Landscape Bridge,-1
南亭公路 Nanting Highway,70
沪闵高架路出口,130
含笑路,30
凌白公路,-1
福海路,30
新泾路,50
西市街,30
周邓公路,30
合阳路,30
秀州路,-1
春光路 99 弄,30
新平街,50
仙山路,30
召楼路姚家浜桥,50
汉林路,50
沪太支路,50
北园路,50
锦昔路,50
番禺路,50
新欣东路,-1
同泰北路,30
龚华路,30
呼兰西路,50
航头服务区,-1
曹金路,50
新塍塘路,30
如皋路,30
杨高中路,70
辽宁路,30
衡山路,50
三元路,50
高集路,30
秦桥路,30
星乐路蒋家浜桥,30
栖山路,30
四新街,-1
长兴岛潘圆公路,-1
桃园路,50
前哨路,30
隆昌路,-1
泰州路,-1
旭日路,-1
广中路地道,70
华翔路,70
先锋街,30
莘南路,30
涞浪路,50
营口路,-1
呈祥路,30
水产路,50
昌达路,30
沙家街,30
苏州东路,70
堡镇中路,50
新郁路 657 弄,30
都市支路,30
马陆河桥,130
业西路,50
扬贤路,50
南丹东路,-1
尚湖大道,-1
城基路,30
新建西路,50
民春路,30
高逸路,30
锦年路,30
东泰路,50
定水路,30
长宁路 1488 弄,30
双华路,-1
新梅路,30
华漕西街,30
永丰余路,50
临御路,-1
文超路,50
永寨路,30
文浦路,-1
幸乐路,50
寿阳路,50
东大道,-1
规划六路,-1
兰花路,30
嘉定迎宾路,30
竹亭南路,-1
浙桥路,30
楚和路,-1
华展西路,-1
兰博路,50
古宜路,30
汾州路,30
花山路,30
天新路,50
文商路,50
萧月路,30
建设路,50
江桦路,50
格林路,50
莲安东路,30
衡水路,30
万历路,30
和静路,50
洪朱公路,-1
洪兴路,50
五角场,70
灵岩南路,50
哥白尼路,50
富民沙路,-1
张东路,50
横沔江路,30
黄山路,50
南洋南路,30
群益路,30
华扩路,50
彭平东路,50
陆家嘴环路地道,-1
武威路,50
潘圆公路,30
水产西路,50
上海塘路,50
苏昆太高速,130
石潭弄,30
甘河路,50
李时珍路,-1
月巷路,30
丁香路,30
永恩路,30
西交利物浦大学校园道路,30
涞亭北路,50
虹许路,70
天宝西路,30
武进路,50
迪士尼大道,-1
龙皓路,50
临平北路,50
顺德路,30
天目西路,70
三沙洪路,50
嘉罗公路,50
曲江路,30
通运支路,-1
茸平路,-1
松江人民北路,-1
定兴路,30
广中西路,70
北环快速路,130
马吉路,30
文迁路,30
中山东路,30
南曹路,50
双庙路,50
长桥街,-1
文化路,30
唯澄路,50
五星支路,30
向阳东路,30
江园路,30
苏州大道西,-1
唯康路,50
凌兆路,30
望山北路,50
城嘉桥,-1
中潭路,50
新欣西路,-1
国权后路,30
大通路,-1
秋柏路,50
迎园北路,30
乐山支路,30
十九尊,-1
仲景大道,-1
宝安路,30
苏州北站高架路,90
申滨路,-1
天目东路,-1
永安路,30
东川公路,-1
张行路,30
川沙普庆路,-1
鹏飞路,30
东栅桥路,-1
峨眉路,30
海江五路,30
嘉洲路,-1
瑞浦路,30
瑞福路,30
人民南路,50
兴平路,50
毛家园路,30
俞塘路,50
东三路,30
金穗路,30
南团公路,-1
海思路,-1
横河路,-1
安宁路26弄,-1
昌盛南路,-1
广贤路,30
宣梅路,30
政西路,30
杏山路,-1
北栅桥路,-1
吉林路,30
秀州街,50
星田街,30
樱花大道,30
杨浦大桥,90
江场三路,30
夏碧路,30
香樟路,-1
紫日路 Ziri Rd.,50
三江路,-1
学海路,30
谈家桥路,30
唯青路,50
华池路,-1
淮海西路,-1
扬富路,50
Le Chambord,-1
生产街,30
景谷东路,-1
洁雅路,30
申迪北路,50
崧泽高架路 Songze Elevated Road,90
新黄路,50
政通路,50
枫丽路,50
东新支路,30
蔡伦路,50
恒业路,30
元芳弄,30
大润发免费班车候车区,-1
盘湾里,30
兰坪路,50
新金桥路,50
扶兰路,-1
河南南路,-1
东升西路,-1
百熙路,50
向阳路,30
绿舟路,50
郊环线高速,130
锦和路,30
环庆东路,30
文采路,-1
天桥,-1
申忠路,50
龙跃路,30
东安路,50
华京路,50
三环北路,90
广延路,30
高荷路,30
中环路,90
文化街,30
福茂路,50
长桥路,30
腊梅路,-1
河滨步道,-1
振兴路,50
常熟路,-1
Kapa Lu,-1
丰海路,30
郑和中路,50
向堡公路,50
长寿路,70
寿光路,30
三牌楼路,-1
金园八路,-1
丰顺路,30
金沪路,30
后长街,30
联航路,50
仙霞西路 (Xianxia West Rd),-1
溪口路,30
寺嘴角路,30
裕丰路,-1
昌里东路,50
滨河路,50
高翔环路,30
探索路,50
中春路 4755 弄,-1
同庆街,30
交通南路,-1
长临路,-1
茸龙路,-1
钱桥路,50
宝杨路,70
华夏高架路,90
吴兴路,30
潮兴路,-1
高科中路,-1
培乐路,-1
春雷路,30
娄阳路,50
扬清路,50
西营南路,30
昆嘉路,50
长柳路,30
纬三路,30
南无锡路,30
殷高路,-1
墅沟路,50
江湾城路,50
恒通路,30
威宁路,50
鸿安路,50
新南洋路,50
松涛环南路,-1
行南公路,30
中山北一路,70
沙虹路,30
创新中路,-1
宜山路,50
东海二路,30
新牧路,50
申北一路,30
泰虹路,30
福泉北路,-1
护民路,30
钢三路,30
宝林路,30
朱泾公园路,50
威海路,-1
通裕路,30
西藏北路地道,-1
沪太路,70
东华林街,50
科农路,50
嘉安公路,70
Y126,30
班溪路,30
车阳路,-1
五里桥路,30
绕城高速,130
荣成路,30
新府路,-1
斗台街,30
拱极路,70
曹家堰路,30
中心路,30
学宫路,50
御水路,-1
城高桥,130
罗香路,30
茸阳路,50
黄杨路,30
沙直线,50
黄家路,30
山东北路,30
程家桥路,50
李家港桥,130
殷秀路,30
环桥路,50
水城路,50
陈家山路,50
肯特大街,50
东门大街,30
愚园路,-1
台中南路,30
翠钰路,30
中连路,50
柳明路,30
杭州路,30
国康路,30
勤劳路,30
迎勋北路,30
昌化路,50
浦东北路,70
归昌路,30
东绣路,30
百色支路,30
奉贤路,30
民惠路,-1
政肃路,30
高行街,30
叶张路 ,-1
丰翔路,-1
郊环线高速 Suburb Ring Expressway,130
鲁康路,50
新明路,50
虹桥机场出口,-1
京江路,30
年家浜路,30
莘松路,70
珍珠湖路,50
南溪西路 West Nanxi Rd,-1
新菜场路,30
海蓝路,50
三八河路,30
青杉路,50
卢浦大桥,90
翔黄公路 318 弄,-1
加管路,-1
杨宅路,30
中江路,50
碧波路,50
光复路,30
台北东路,30
嘉定人民街,30
康达路,30
巡道街,30
富强街,30
谷阳南路,-1
兰博陆,50
新广路,30
本溪路,50
翠竹路,50
朱行路,30
徐家弄路,30
学森路,30
圆明园路,30
金闽路,30
东葛路,70
胜秀路,30
天骄路,-1
浦业路,-1
申南一路,30
扬虹路,70
水郎街,50
通耀路,30
金石北路,50
保乐路,50
九曲路,50
惠南 • 西门路,30
光启南路,30
东大街,50
岳鹿线,50
平望街,30
金业路,30
杏林西路,30
枫香路,-1
东陆路,30
金展路,50
大道站路,-1
国政路,30
和政路,30
泗陈公路,-1
东体育会支路,30
浦康路,30
娄山关路,50
虹镇路,30
迎春路,30
宁沈路,30
五角场步行隧道,-1
先新路,70
向卫路,50
诸新路,50
云龙西路,70
沿河泾南路,30
华坪路,50
文俊路,30
华宁路 3740 弄,-1
正阳西路,50
春原路,-1
临虹路,-1
周秀路,30
卖新公路,-1
人民东路,50
影业街,30
新建中路,50
天钥桥南路,30
陆庄公路,-1
柳梁路,50
塘南路,30
航达路,30
古龙路,30
天平路,50
山海关路,30
舟乐路,-1
巴林路,30
东体育会路,30
粤秀路,30
新气象路,-1
共和路,30
杨新路,30
凯旋路,50
政益路,30
东方二路,30
法塞路,30
政法路,30
宾阳路 9 弄,30
龙马路,50
申波路,30
江龙路,30
光新路,70
延安高架路/延安东路,-1
百合路,-1
南桥·环城南路,-1
甁山街,30
黄渡 • 绿苑路,50
沔新路,30
陈春路,50
九新公路,30
武川路,50
石龙路 345 弄,-1
迎宾三路地道,-1
劳动路,30
东升东路,-1
川沙路,-1
中环东路,-1
民主街,-1
齐齐哈尔路,30
芳波路,-1
明和路,-1
西藏南路,-1
银杏路,-1
国权路,30
颛盛路,30
上中路,-1
东三里桥路,50
阳乐路,-1
清流环三路,50
广福街,-1
一号路,30
星北街,30
城大路,50
沈家公路,-1
北京东路,70
老沪宜公路,-1
莘朱路 1398 弄,30
富强路,30
海马路,-1
环林西路,30
严中路,30
东园路,50
Ring Lu road,50
真南路 822 弄 455 支弄,30
禾兴南路,50
双江路,30
康兴路,50
武宁路 900 弄,-1
桥亭路,30
Y105,30
Y101,30
北吴路吴家桥,-1
盘山路,30
太东路,70
眉州支路,30
斜土路,30
茭白园路,30
紫龙路,50
大连路,70
塔城路,-1
香港路,30
李庄环路,-1
龙门路,50
惠东路,30
汇驰路,50
中凯路,50
志丹路,30
合作路,50
林荫路,30
漕松路,-1
华加路,50
金玉路,50
龚卫路,50
上革路,30
微山路,30
南京西路,50
大康路,-1
罗山路,70
G40长兴岛服务区,-1
民有路,30
颛兴路,30
梓康路,30
福建中路,50
池月路,-1
龙东支路,30
畹町路,-1
思常路,50
兴平四路,50
华漕北街,30
凯虹路,50
新昌路,30
康林路,30
华昌北路,-1
黄浦江路,50
园泰路,30
华冈路,50
苏惠路,-1
虬江支路,30
中心街,50
新绿街,50
顾全路,-1
星州街,-1
学宫街,30
昌盛路,50
唐山路,30
星强街,30
佛阁弄,30
大芦西路,50
场东路,50
蝶湖西路,30
空港二路,30
桂江支路,30
听悦路,30
香亭路,50
创强路,50
五洲大道,90
田林路,50
劳动街,30
立跃路,30
景祥路,30
富砾路,30
沙南西路,-1
星湖街,70
恒木路,30
复兴西路,50
民壮路,30
子长路,30
南蕰藻路,50
西仓桥街,30
延平路,50
浦连路,30
双泉路,30
五丰公路,-1
南溪西路,-1
观海路,-1
区塘公路,50
共和街,30
兴平一路,50
济众路 - Jizhong Road,-1
老重庆中路,-1
树屏路,30
渭南路,30
天目中路,70
沪亭北路,50
宣镇东路,50
回业路,50
生态园路,50
航津路,-1
龙山路,50
钱明西路,50
平遥路,30
祁连山路,-1
定西路 710 弄,30
沙市二路,30
耀江路,30
龙吴路 410 弄,30
若水路,50
里双阳桥,-1
年家浜东路,30
盐仓路,30
朱泾万安街,50
镇宁路,50
沪南路,70
荷泽路,30
五福弄,30
喜泰支路,30
菜场路,50
杨新东路,30
精勤路,30
徐虹路,30
中涛路,50
临洮路,50
东长治路,-1
潘沪路,30
同利路,-1
源华路,30
金聚路,-1
电力路,-1
龙华西路 21 弄,30
仓场路,30
新义路,50
沧海路,50
金石路,-1
东横街,30
孔家木桥路,50
长寿路 518 弄,30
闵塔公路,50
常秀路,50
崮山路,30
新叶路,50
科峰路,50
泾阳路,50
新冠路,-1
康桥东路 1159 弄,-1
局门后路,-1
南桥·环城东路,-1
新许路,50
环东二路,50
秀山支路,30
新泉路,30
柏建路,30
雪野路,50
团结路,30
绥化路,30
宛平路,50
恒南路,30
水杉路,-1
西陶浜路,30
北艾路,50
虹梅路,50
乍浦路,30
绣川路,-1
洪湖路,-1
寺前街,30
庙前街,-1
东海三路,30
仓汇路,50
龙谭路,30
大统路地道,50
陈东路,30
安塞路,30
莘北路,50
京华路,50
振泾路,50
金龙新街,-1
勤富路,-1
高设路,50
放鹤路淡水河桥,70
浦明路,-1
农建路,50
辉煌路,-1
金湘路,30
新群路,50
杨莲路,30
头桥广福路,-1
众益街,50
南江燕路,30
仙安路,50
刘钰路,50
蒋家桥路,30
高泾路,-1
联星路,30
中林街,30
珠城路,30
漕廊公路,-1
贵中路,30
新蟠路,50
虹翟高架路,90
仓华路,50
内环路,90
安顺路,50
西城一路,30
虹渝高架路,90
江柳路,30
小学桥路,30
曹安公路6号桥,70
繁安路,30
华星路,50
平庄东路,-1
安亭路,30
阁老坊,-1
南乐路,50
海平路,30
御霞路,-1
辽阳路,30
川公路,30
三门路,50
博成路,30
金汇路,50
北闵路,50
甘溪路,30
向贸路,50
莘奉金高速,130
昼锦路,30
叶城路,50
潍坊路,30
航梅路,50
富长路,-1
爱特路,50
政修路,30
定澜路,50
育新路,50
陆家嘴环路,-1
罗星南路,50
浦航路,30
安平街,30
福禄街,30
龙东大道,70
梁月路,30
平庄西路,-1
松坪路,-1
南洋北路,30
建国新路,-1
东湖大道,-1
华江公路2号桥,-1
环绿路,-1
苏沪高速,130
三达路,30
芦家公路,50
城东路,-1
凯旋路桥,50
浦城路,30
安国路,30
扬州路,30
普照路,50
红宝石路,50
涞亭南路,50
海潮路,30
尹家弄,30
阳光大道,50
仙霞路,-1
东大名路,70
星塘街,-1
五甪公路,-1
牛顿路,-1
杭浦高速,130
伊敏河路,50
鞍山支路,50
枫林路,50
泽叶路,-1
蕰藻浜大桥,130
大叶公路,90
向化大街,50
南华路,30
民夏路,30
银城中路地道,-1
龙胜路,50
莲花南路南潮浜桥,-1
星东路,30
长宁路 1600 弄,30
福山路,50
永源路,30
五莲路,50
高跃路,30
朱定公路,50
乍嘉苏高速,130
妙栏路,30
万源路,30
姚虹西路,30
春中路,30
旅顺路,30
跃丰路,-1
Lane 822 Changshou Road,30
兴义路,50
新环南路,-1
青鸟路,-1
新崇南路,50
新元南路,-1
联明路,30
马五公路,50
叶家宅路,30
星乐路,30
五原路,30
清水湾路,30
兆枫路,50
国展路,30
东吴路,30
广东路,50
同丰路,30
泵站公路,-1
黄兴路/中环路,-1
钱商大街,50
丹阳路,30
国年路,30
金钟路,-1
殷高东路,-1
真光路 1058 弄,-1
宝安支路,30
九里路,30
华城路,30
航帆路,30
南桥秀南路,-1
杨源路,50
打虎山路,30
真华南路,-1
大田路,30
文竹环南路,-1
天山路,70
秀山路,50
江苏北路,70
晋元路,30
博山路,30
济一路,-1
朱金公路,-1
老浏河桥,70
四团东街,-1
蒲汇路,50
建中路,50
林天路,50
丹巴路,50
翠溪路,30
绥徳路,30
恒河中路,30
陈春东路,-1
三灶路,50
肇嘉浜路,70
爱迪生路,-1
桂巷路,30
虹古路,30
曹家街,30
顺昌路,30
郁李路,-1
金珠路,30
金易路,-1
大渡河路 1550 弄,30
国庠路,30
富安路,-1
铁杨路,-1
虹和河桥,130
民益路,70
华锦路,30
南库公路,50
德都路,30
洛场路,30
新春路,30
环科路,50
共青大道,30
五朱公路,50
庙前路,30
汉中路,50
安义路,30
瞿家廊路,30
胜利弄,-1
彩凤桥,-1
杏林东路,30
南江榉路,30
文博路,50
鳌山路,50
仓轩路,50
金川路,30
宣兰路,30
广州西路,-1
五星村道,30
亭枫高速,130
真玉路,30
南中路,50
莲花路,30
南江州路,30
金豫路,30
昭化东路,30
物化路,50
嘉四路,-1
蟠龙公路 Panlong Highway,-1
南码头支路,30
仓城东路,-1
天水路,30
体育场环路,-1
和平街,30
故居路,-1
澄波路,50
春九路,70
岚皋西路,30
香格里拉路,50
斜土支路,30
拾步街,30
百业路,-1
浦锦路,50
泰青公路,50
虹井路,50
永宁路,30
浦晓路,30
浦锦南路,50
龙川路,30
徐盈路,-1
昆山路,30
紫云西路,30
谐安路,30
鹤望路,30
袜子弄,50
天钥桥路,50
银洲街,30
方浜西路,30
美桂北路,30
Xinzhen road,50
南华街,30
鹤庆路358弄,-1
腾克路,30
叶旺公路 - Yewang Highway,-1
东沟北路,30
金发路,-1
YuanYe Lu,-1
浦悦路,30
唐明路,50
华泖路,50
四达路,30
翔乐路 220 弄,-1
中州路,30
松涛环北路,-1
日照路,30
万枫公路,-1
沪亭路,-1
川杨河路,30
金秋路,-1
博园路,-1
御山路,-1
海阳西路,30
莲中路,30
翠钰南路,30
上浜路,30
汶水东路,70
上科路,-1
裕通路,30
林海公路,70
中华园路,-1
江桥二村商业街,30
望山南路,50
瑞祥路,30
湖滨路,30
徐塘路,50
紫溪街,50
Xinxhe hwy,90
东湖路,-1
王家街,30
沪翔高速,130
新源路,50
菲拉路,30
星兰路,30
湄洲路,-1
潮中路,-1
金闻路,-1
北海路,30
金轮路,-1
顾高公路,50
长岛南路,50
泥城路,50
人民北路,-1
锦富路,-1
界龙大道,50
凌云路,30
广州东路,-1
盈港东路,70
金光路,50
亭融街,50
车业路,50
怒江路,30
海拉尔路,50
西园路,30
真北路 1101 弄,-1
凌公塘路,50
兴坊路,50
嘉松南路 Jiasong Rd. (S),70
三门支路,30
浦东南路,70
政悦路,30
大泥公路,50
小南码头路,30
景东北路,30
农机路桥,130
黄河路,50
靖宇东路,30
真陈路,50
干山路,30
孙桥路,50
1168弄5支弄,-1
青年路,-1
河滨西路,50
亭新街,30
吴中路,-1
华展东路,70
塘子泾路,30
机场东路,30
嘉善老市,-1
波阳路,30
虹中支路,30
秋岚路,30
罗宁路,30
石林路,50
黄渡 • 绿苑南路,50
滨江大道,30
方塔北路,50
横泾西路,-1
申江南路,70
胜辛路桥,130
亭中路,30
通成路,30
鲁星路,50
民雨路,30
龙腾大道,50
金鸡湖大道,70
两港公路,90
花园路,50
经五路,30
莘西路,30
东一路,30
浦华路,30
杨子江路,30
武胜路,-1
卫六路,-1
长海路,50
宝源路,30
棠浦路,30
五昆路,50
梅深路,-1
南北高架路,90
台湾路,30
朱枫公路,-1
梧州路,30
云岭东路,50
普善路,30
匡巷路,30
鹤庆路,50
梅花路,30
中旺路,50
银品路,30
富锦路,30
福州路,50
双阳北路,50
联泰路,30
景岳路,-1
世博大道,-1
高青路,30
北石皮弄,30
广庵路,50
北兴路,30
山德路,-1
六合路,30
洛川东路,50
银冬路,50
富仓路,30
东唐公路,-1
胶东路,30
锦创路,30
碧泉路,30
牧丹江路,30
西飞路,-1
众仁路,50
合宝路,30
南翔殷路,-1
临港大道,70
桂平路,50
商城路,50
金山工业区大道,-1
南天潼路,30
涞亭路,-1
同济路,70
空港八路,50
1168弄6支弄,-1
荷香路,30
前耀路,30
广中路,70
祖冲之路,50
韶嘉桥,-1
白象路,50
安拓路,30
胜竹东路,-1
种东公路,50
黄渡路,30
亭友街,30
贵阳路,30
汇江路,50
高技公路,50
闻居西路,-1
田川路,30
黑松路,30
下南路,50
鹤永路,-1
听潮路,-1
星乐路乐道浜桥,30
建国南路,50
1155弄,-1
望云路,30
东引路,50
金睦路,30
双阳路,50
沙泾港路,30
南桥·环城北路,-1
东街,30
阳澄环路,-1
拱为路,50
蓝天路,30
迎宾一路,70
江艇路,-1
东融路,30
民生路,50
松金公路,50
南京路步行街,-1
燕和路,-1
白莲泾路,50
大同公路,30
古美西路,30
古莲路,-1
雁荡路,30
亭卫南路,50
元电路,30
礼泉路,-1
慈溪路,30
叶家桥路,30
龙江路,30
爱国路,30
金粤路,-1
奉干公路,50
小闸镇街,30
甜爱路,30
沈梅东路,50
万水路,50
文宇路,50
东新民路,30
广灵四路,30
农南路,30
纬九路,-1
康亭路,50
可乐路,50
金园五路,50
科成路,50
沙港二路,30
黄家阙路,50
阳泉路,30
纬一路,30
广富林路,-1
钦州路,50
停车场,30
永康路,30
浦逸路,30
松汇西路,70
亮景路,30
平南路,30
郊环线高速;新卫高速,130
灵山路,30
绿海路,50
秀水新路,-1
新南东路,70
县东街,30
共康东路,30
建贡路,50
京浦路,30
兴安路,30
上海长江大桥,130
沪太公路,70
国货路,50
联青路,30
月罗公路,-1
浦鸥路,30
文胡路,50
冯闸路桥,-1
晨兴公路,-1
站前路,50
耀华路,70
芳芯路,-1
绿地大道,-1
兴旺路,50
枣庄路,30
龙耀路隧道,-1
乔家路,30
少年路,30
国泓路,30
柳埠路,30
宣春路,30
创智天地,-1
Y352,50
平利路,30
永乐路,30
新宝路,50
闵驰一路,30
尹山湖西路,-1
佘苑路,50
奉炮公路,-1
蓝桉路,30
同鸣路,30
柳衫路,30
金钟路 500 弄,30
翔殷支路,30
蓝殿路,-1
陶干路,50
南星路,30
密云路,50
东建路,30
民雪路,30
申嘉湖高速申嘉湖高速 Shenjiahu Expressway,130
中民路,50
南华苑路,30
联友路,50
鹤旋东路,-1
Jiuxin Hwy,30
长清北路,-1
黑山南路,50
宣竹路,30
求真路,30
绥中路,-1
密山东路,30
武宁路,70
柴家弄,30
西体育会路,-1
浦北路,50
华光路,50
厚德路,30
富杨路,30
成明路,50
大兴街,50
佳宝路,50
杨南路,30
子州路,-1
万春街,30
双溪路,50
东胜港路,-1
沪陕高速,130
浚浦局路,30
芦荡路,30
冠生园路,50
沪亭南路,-1
平东路,30
郭守敬路,50
铁山路,-1
元培路,30
玉佳西路,30
紫凤路,50
虞姬墩路,-1
凌空北路,-1
江西南路,50
凉城路,30
永杰路,30
苏家屯路,50
新建路隧道,-1
新福路,50
祁安路,-1
宝泉路,30
庆安路,30
陈行公路,50
金三支路,30
锦严路,30
古羊路,50
凝和路,30
北翟支路,50
松丘路,-1
春雅路,30
大吉路,30
桃浦路,-1
星高路,30
汉和路,30
华漕南街,30
宝秀路,30
讯建路,30
栏学路,-1
杏山路北桥,-1
鹤恒路,50
克山路,30
德堡路,50
科营路,50
扬高路,70
双流路,50
Jinliang St,30
跨龙路,-1
大华路,50
东风南路,50
江梅路,30
西藏北路,30
怡华苑路,30
金京路,50
兴仓路,50
田州路,30
玉竹路,-1
南陈路,50
吉安路,30
嘉程路,30
天宝路,30
意威路,30
芝川路,50
Jiasan Road,-1
恒丰路,30
元松路,30
龙口路,30
禾兴北路,50
济二路,-1
沈长浜街,30
延安中路,70
亭谊街,50
沪新路,30
华夏路出口,-1
鲁陈路,30
陈水关路,30
国伟路,50
东诸安浜路,-1
集发大道,30
真南路 822 弄,30
甫里廊桥,-1
富润路,-1
淞青路,30
临港路,50
石楠路,30
红枫路,30
罗星路,50
太平桥支路,30
泾标路,50
South Tianyaoqiao Road,30
沙泾路,30
金陵东路,50
香山路,30
新杨路,50
秋桂路,-1
莘东路,30
松花江路,30
漕溪北路,70
徐南路,50
长春支路,30
友谊支路,-1
眉州路,50
华阳路,-1
世纪广场,-1
淞兴西路,30
紫月路 ZiYue Rd.,50
缤纷路,50
西干路,50
宁虹路,-1
陈海公路,70
市后街,-1
水泉路,30
新跃路,30
海昌路,30
万芳路,50
枫展路,-1
江心沙路,-1
海棠路,-1
淮海中路,-1
绿湖路,-1
杨柳一街,30
淞肇路,30
军工路 516 弄,-1
槎溪路,-1
环龙桥,50
榆林路,30
博学北路,-1
华江公路,-1
金辉路,50
清峪路,-1
保屯路,30
普雄路,-1
三阳路,30
豫园老街,-1
泳耀路,50
新五公里,50
海云路,50
华中路,30
庆荣路,30
紫薇东路,-1
澄浏公路,50
溪平路,50
太原路,-1
余杭路,30
秀庄路,30
宝钱公路,-1
随塘路,30
扬和路,-1
海斯大街,50
陪昆路,50
横沥河桥,-1
丹东路,50
康桥东路 1300 弄,-1
苏虹东路,-1
富特东三路,50
五方路,30
玉阳路,30
川图路,-1
美桂南路,30
龙华西路 31 弄,30
镇西路,30
中创路,50
沉香阁路,30
嘉定南大街,30
莲塘路,50
高雄路,30
中山南二路,70
香闵路,-1
古桐路,30
唐兴路,50
新兴支路,-1
东富路,50
金园一路,-1
绿科路,-1
云阳路,30
唯盛路,50
华康路,30
紫藤路,50
紫竹路,-1
鸿尊路,50
新川路,30
塘外文化街,50
南溪东路 East Nanxi Rd,-1
新郁路,50
机场西路,30
月川路,50
翔乐路,-1
宁海东路,30
西康路,-1
西华路,30
影前路,30
国泰路,30
大胜工业园线,-1
北下塘街,30
运乐路,50
嘉西立交桥,130
鹤旋路,-1
叶家宅南路,-1
四团西街,-1
龔方路,-1
龙会街,50
瓶北路 150 弄,-1
嘉一路,-1
太仓港北疏港高速,130
油车码头街,30
潘新路,30
航川路,30
龙江河路,30
陈彷公路,-1
新环北路,50
通湖路,50
桃浦河桥,70
内江路,50
长江路隧道,-1
平兴公路,-1
高桥,30
北虹路地道,90
铜川路,50
新行路,30
望江路,50
宁夏路,-1
高境路,30
政东路,30
邮电路,50
向工路,50
淮海路,-1
力都路,-1
茸梅路,50
开鲁路,50
唐黄路,-1
七甲港路,50
国福路,30
西霞路,50
清莲路,30
西中路,-1
齐河路,30
嘉松中路,70
星友路,30
江杨南路,-1
佳乐路,30
潍坊西路,50
千汇路,50
蔷薇娄路,50
越海路,-1
幸福路,30
堡镇北路,50
靖边路,-1
金新路,30
嘉昌路,30
华夏中路,70
图们路,50
英伦路,50
大沽路,30
国定东路,30
曹安公路8号桥,70
长阳路,-1
长江路,90
金松路,30
翔殷路,70
徐浦大桥,130
武康路,-1
化工路,50
甬虹路,-1
阳川路,50
万安桥,-1
临仓街,50
新骏环路,30
宝通路,30
团城公路 Tuancheng Highway,70
钦州北路,50
曙光北路,50
莘莘路,50
八字桥路,50
民康路,30
兰嵩路,30
新乐路,50
包头路,50
会心街,-1
久茜泾桥,130
潼关路,30
武定西路,50
慈善街,30
福宁弄,30
港沿公路,50
仙居路,50
太阳路,-1
加枫路,30
元江路跨吴泾铁路桥,-1
平山路,-1
金钱公路,50
旧校场路,-1
兴平二路,50
瑞金医院路,-1
庙东路,30
西环西一路,30
嘉定东大街,50
紫华路,30
岱山路,50
听潮南路,-1
颛桥 · 南街,30
石莲街,50
山东中路,30
康桥东路,50
展业路,-1
云西路,30
娄陆大桥,50
南安德路,50
金泾大桥,70
香车路,50
水景大道,-1
中春路 4869 弄,-1
一江山路,-1
雪野二路,50
连波路,30
锦秋路,-1
长浜路,30
金苏路,30
神州路,-1
苏虹西路,-1
高科东路,-1
益江路,-1
柳园路,30
沪闵路 3458 弄,-1
中山北路,70
平成路,50
登辉环路,-1
胡家木桥路,30
南桥运河北路,50
久富路,-1
申滨南路,-1
虹桥路 1115 弄,30
普洱路 128 弄,30
宜州路,30
重庆北路,50
江宁路,-1
高东二路,30
郭巷北路,30
星光大道,50
花鸟路,50
芦恒路,50
听乐路,-1
同心路,50
赵重公路,70
北门大街,50
金耀路,-1
浏河路,30
尚义路,30
运东大道,50
星港街,70
兰州路,50
高东新路,30
康新公路,-1
真华路,50
沙洪浜路,30
仪风弄,30
富星路,50
叶车路,-1
杭桂路,30
曹杨路,70
顾北路,50
成都北路,70
中环西路,70
芬菊路,30
日樱北路,50
辽源东路,30
芋秋路,30
黄桥公路,-1
民风路,50
春归路,30
凯旋南路,30
卧龙路,-1
浙江北路,50
唯文路,50
固川路,30
勤丰路,-1
枫兰路,50
马鞍山东路,-1
衡安路,30
栽云桥,-1
泾东路,30
丰庄西路,50
上川路,50
闸西路,30
天山支路,30
新城东路,30
玉秀路,30
思源西路,30
汕头路,30
下盐公路,70
川周公路,50
青云路,30
经六路,30
申昆路,50
鹤立西路,30
召楼路,50
嘉兴路,30
环庆北路,30
兴达路,30
庙车公路,30
外郎家桥街,30
唯和路,30
玉树北路,-1
奥纳路,30
定安路,-1
香山南路,50
中華路,50
鞍山路,50
国顺东路,50
东南大道,-1
解放岛东环路,50
东华路,30
向北机耕路,50
复兴东路隧道 (下层),-1
奉城邮电路,-1
制造局路,50
旬阳路,30
虹桥路 996 弄,30
东书房路,-1
徐诚路,50
联宝路,50
淀浦河路,50
规划路,50
高泾古路,50
法拉第路,-1
上大路,50
彭丰路,50
丰记码头街,30
春晓路,-1
北江州路,30
空港一路,-1
情谊路,30
佳通路,-1
孙浦路,50
马桥东街,30
紫秀路,30
康人路,50
国宾路,30
金港路,50
园一路,30
朱旱路桥,130
育才路,50
大名路,70
鸣羊路,50
东海大桥,90
福盛路,50
呼兰路,50
西向阳河路,50
翠微街,50
新侯路,30
伟德路,30
兴新公路,-1
鹤林路,30
府村路,-1
金山大道,70
真沃路,30
豫园新路,-1
Lianmin Road,50
多伦路,30
桐柏路桥,30
世博源,-1
银河路,50
百草东路,-1
冬青路,-1
白丽路,-1
沪杭高速 Huhang Expressway,130
横桥路,50
凤凰公路,50
Jiaozhou Road 125 Long No. 5,-1
南丹路,30
人民街,30
七支弄,-1
西冈身路,-1
宣中支路,50
东江湾路,-1
民民路,30
淞南路,30
镇宁路 465 弄,30
合富公路,50
海阳路 1040 弄,30
贺阀路,30
马当路,50
普陀路,-1
和龙路,30
高木桥路,-1
黄桥中心路,50
俱进路,30
北大道,-1
康家弄,30
即墨路,30
蒙山北路,50
巨蜂路,-1
航盛路,30
祁华路,30
宝胜路,50
控江路,-1
佘天昆公路,50
虹桥路,50
高桥 • 东街,30
邢家桥南路,30
新兴北路,-1
泉临路,30
启圣路,30
叶张路,-1
成义路,50
海科路,50
Nanshi St,-1
迎宾三路,-1
济明路,30
鼎源路,-1
永嘉路,-1
康桥东路 1365 弄,-1
共泉路,30
五四支路,50
老松蒸公路,50
县府东街,50
颛乐路,30
旺敦路,30
庞杨路,30
淞沪路,70
普新路,-1
南码头路,50
车站西路,30
米泉路,-1
洪高路,30
利西路,30
建国北路,50
长逸路,30
太仓路,30
林泉街,50
成园路,30
天池路,30
嘉松北路,70
慈云街,30
外滩隧道,70
苏州绕城高速,130
新桥路,30
合作南路,50
汇美路,30
海趣路,30
东兰路,30
新港路,50
俞泾港路,30
平果路,30
汇川路,-1
蒙自西路,30
华友路,30
兴嘉路,50
靖远街,30
宝杨支路,30
东闸路,30
宣黄公路,-1
政海路,30
龙腾路,50
申郑路,30
东沙湖路,30
昆港公路,70
新阳大道,-1
丽斯花园,30
运光路,50
中桥路,30
经四路,30
浦东大道,70
关岳路,30
普育西支路,30
汾西路,30
浦驰路,30
玉环路,50
闸殷路,70
北新路,-1
地下停车场路线,30
古园大道,30
益梅路,50
中宁路,30
华春路,-1
惠南 • 北门路,50
福德路,30
滨江支路,-1
铁通路,30
成毛路,50
元江路,50
工农路,50
杨思 • 北街,-1
横浜路,30
纬六路,-1
沪闵路,70
江浦路,70
胜乐路,30
南泾堂,-1
联曹路,30
滨湖路,-1
南圩路,50
蟠中东路 Panzhong East Road,50
宁强路,30
浦宁路,30
国达路,30
延安东路隧道,70
解放中路,50
江苏路,70
虹关路,30
凯城路,30
学府路,50
望月路,70
芳华路,-1
秦关路,30
申徐一路,30
叶旺公路,-1
紫云路,30
北渔路,30
哈雷路,30
华哲路,-1
文腾路,30
同甲路,-1
繁茂路,50
定西路,50
三源路,30
金通路,-1
嘉定梅园路,50
农林路,30
申华路,-1
浦新路,50
吴家湾路,30
新苑路,30
永川路,-1
六奉公路,50
商场西路,30
亭升路,50
广北路,30
拱极东路,70
尹山湖东路,50
姚北公路,-1
环西二路,50
天虹路,30
玉树路,50
金亭公路,50
沪杭高速,130
仓桥街,50
新码头街,30
瑞阳路,30
民雷路,30
欣浪路,50
水清路,-1
秀江路,-1
鼓浪屿路,70
高宝路,50
FIX_ME,-1
人民路,50
敬南路,30
古楼公路,-1
白渡路,30
淞军路,30
西新街,30
荣福路,50
天津路,30
西姚家弄,30
莲花路出口,-1
紫东路,50
玫瑰路,-1
延庆路,30
金耀南路,-1
五星路,30
华泾路,50
万泉路,30
吉祥路,30
清水路,50
恒谐路,-1
东靖路,50
中佳路,-1
南洋西路,30
崇明大道,50
浏太公路,70
殷家浜路,30
通海路,30
联丰路,30
正义路,50
佳悦路,-1
长江二路,30
申南二路,30
人民中路,50
中科路,50
福建南路,50
永胜路,30
人和街,30
靖海路,50
练祁路,30
永和东路,50
习勤路,30
章园路,50
龙航路,50
澄江路,50
大陈路,50
老卫清路,-1
佳康路,-1
春亭路,50
康桥路,50
通波塘桥,-1
和顺路,50
鹤霞路,-1
东泉路,30
沿浦路,-1
大林路,30
园和路,-1
澄建路,30
玉兰路,30
育英路,-1
沿江高速,130
中环北路,-1
Tongqi Line,-1
民秋路,30
武昌路,30
田林路 195 弄,30
普洱路,30
学府街,-1
后滩路,30
加海路,-1
长华路,50
西里路,30
嫩江路,50
复兴东路,30
贵都路,30
停车场街,30
宝城路,50
望春花路,30
马桥西街,30
环城西路,50
工农街,30
旺乐路,30
喜泰北路,30
禾平街,50
中南路,50
延安高架路,90
云海路,50
江佳路,-1
车站东路,30
安业路,30
真北路,70
溧阳路,30
华洲北路,-1
新永安路,30
四团南街,-1
保健路,30
三八路,30
黄渡浜街,50
黎安路,50
黄金广场,-1
共祥路,-1
立澄路,30
新宅路,-1
龚丰路,50
龙海路,50
泖亭路,-1
中环路/曲阳路,-1
怒江北路 239 弄,-1
富乐支路,30
陈春公路,50
胜辛南路,-1
佳林路,30
牟平路,30
车亭公路,70
塘后路,30
同一路,-1
东四路,30
南乐路1276弄,-1
云岭西路,50
林泉路,30
塘桥新路,-1
中青路,30
花园港路,-1
锦屏路,30
Jiasi Road,-1
中环金沙江路地道,90
花家浜路,50
金雨路,30
东日路,50
南翔 • 劳动街,30
新市北路,50
安庆东路,30
春归桥,-1
梅果路,30
山阴路,50
文汇路,50
涞坊路,50
闵城路,30
陕西南路,-1
日月西路,-1
申南四路,30
郊环线高速 Suburban Ring Expressway,130
西大街,30
苇城中路,-1
晨晖路,30
河滨北路,-1
民星路,50
丹格路,30
桃贤路,50
思南路,30
朝阳河桥,-1
浩海路,50
华元路,-1
博霞路,30
川宏路,50
博学南路,-1
半淞园路,-1
靖远路,50
海波路,50
蓝村路,50
创新西路,50
彭泽路,30
星村路,30
公平路,50
卫生科路,30
政府路,30
双城路,-1
天镇路,30
东风路,50
香泉路,30
霍山路,50
鹏岳路,-1
中山南一路,70
川南奉公路,50
芷江西路,50
永福路,30
Gower Street,-1
西溪路,30
星环路,30
龙源路,-1
三航路,30
朝阳路,30
申虹路,-1
復興東路,-1
呼青路,30
金田路,30
阜康西路,-1
嘉闵高架路,90
塘外人民路,50
景谷路,50
学林路,30
龚路公路,50
崂山路,50
日樱南路,50
栖湖路,30
秀横路,-1
田黄公路,-1
梦花街,30
凯旋北路,30
姚北路,-1
浙江南路,50
强业路,50
顾三路,30
武定西路 1371 弄,30
长治路,-1
建国东路,-1
如日路,-1
沙甲路,30
沪光路,30
牯岭路,30
锦带路,30
仙霞路地道,90
景凤路,30
苗江路,-1
武德路,-1
南芦公路,70
中心广场,-1
海桐路,30
李公堤路,-1
崇教路,50
中谊路,50
松东路,50
通欣路,50
仁义大道,-1
长风1号绿地,-1
临青路,50
润虹路,50
润虹路地道,50
春西路,30
浦瑞路,30
江航南路,30
众乐路,30
清峪路 258 弄,-1
康弘路,30
层林路,50
白河路,30
金桥路,70
庙泾路,30
迎宾高速,130
大宅路,30
福泉路,30
甪里街 Luli Str,-1
宝东路,30
湖秀路,-1
江杨北路,-1
叶政路,50
陇桥路,30
盛新西路,50
西环北路,30
孙耀路,-1
柳岸路,30
永年路,30
闵行路,30
昌业路,50
东平路,30
堡镇南路,50
福兴路,50
佘北路,50
亭卫公路,70
广野路,30
中高公路,-1
航圆路,30
复兴东路隧道(上层),-1
金润路,-1
新松江路,50
爱格豪路,-1
梅州路,30
汇站街,30
茶陵路,-1
閔北路,50
健康南路,50
湛恩大道,-1
广衍路,30
华严路,30
徐乐路,-1
望亭路,30
武宣路,30
田叶路,-1
杨树浦路,70
峨山路,50
梧桐路,30
申长北路,-1
政芳路,50
东兴路,50
Oxford Street,-1
阿克苏南路,50
肇周路,50
金一路,-1
春申路,-1
广场路,50
曹家浜路,30
小黄姑塘桥,130
南六公路,70
商场南路,30
沈徐路,30
Y104,50
方窑路,30
Y457,30
盐城路,-1
武宁支路,-1
枫冠路,-1
漕宝路地道,90
华隆路,50
甜爱支路,30
雪松路,50
金都路 3679 弄,30
宜山北路,-1
东明路,30
莘浜路,30
奉浦大桥,130
和风路,50
运城路,50
清流环二路,50
东宝兴路,30
疁南街,30
小茜泾路,30
中山南路,70
园中路,50
团城公路,70
娄江南路,50
袁家宅路,-1
盘安路,50
昌乐路,50
顾新路,30
重庆南路,70
绕城高速/浦东机场/崇明,-1
建国西路,-1
康沿路,-1
锦康路,30
源深路,30
金斗路,-1
安达路,30
小河岸东路,30
场北路,-1
南洋东路,30
招商南(北)路,-1
兰风街,30
镜泊湖路,50
凤庆路,50
聚丰园路,30
蒲西路,30
南湖路 Nanhu Rd,50
乌鲁木齐北路,50
四平路隧道,70
元和路,30
真江路,30
海纳路,30
航塘公路,50
玛瑙路,30
万福路,30
东波路,50
镇南东路,50
桃浦西路,-1
百色路,50
漕宝路 1467 弄,30
浏翔公路,-1
青柏路,50
松涛路,-1
华西路,30
汇发路,-1
飞舟路,-1
北京西路,70
集慧路,50
海南西弄,30
中山路,30
海鹏路,30
新弘路,50
盛夏路,30
新界路,50
交城路,30
金海公路,-1
银行弄,-1
利民路,70
航园路,30
花园宅路,-1
古猗园南路,50
北库路,50
沭阳路,50
万航渡路 2505 弄,30
相伯路,-1
柳湖路,-1
晴雪路,30
秀沿路,30
沪金高速,130
求实路,30
新宾路,50
瓶安路,30
南门大街 70 弄,30
石湖新路,50
润兴路,50
铁岭路,50
Chelsea Street,30
港建路,-1
莫干山路,-1
子和路,-1
申旺路,30
广元西路,30
园三路,30
旧仓街,30
环城北路,50
经一路,30
新业路,-1
新疆路,30
鹤雷路,30
东门,30
廊下益民路,-1
钱鑫路,30
金家车路,50
茸兴路,-1
包头南路,50
朱旱河桥,130
蒙古路,30
唐龙路 11 弄,30
健康路,-1
嘉松北路 Jiasong Rd. (N),70
四牌楼路,30
永跃路,30
西苏州路,-1
宛平南路,-1
永盛路桥,130
五台路,30
新浦路,30
高兴路,-1
水华路,30
同丙路,-1
龙胜东路,-1
韩荡路,-1
山磊路,-1
香长路,50
仓丰路,50
惠南 • 向阳路,30
Xinyu road,50
洞庭湖北路,-1
文景路,50
花草弄,30
新生线,50
钦州南路,50
竹林路,30
华昌路,30
娄红路,-1
花园街,50
德园路,-1
施新路,50
申北三路,-1
鹤诸路,-1
亭联公路,-1
上中西路,-1
黄陂北路,50
陈川路,30
伊犁路,50
香泖路,50
紫薇路,50
市光路,30
愚园路 1203 弄,30
杨林塘大桥,130
