Giardino Giuseppe Damascelli,[['footway', -1]]
Piazza Fabrizio De Andrè,[['footway', -1], ['footway', -1]]
Via Luigi Ricchioni,[['residential', -1]]
Ponte 20 Settembre,[['secondary', '50'], ['secondary', -1], ['secondary', '30']]
Parcheggio bici e moto,[['service', '5']]
Via Domenico Turitto,[['residential', -1]]
Via Ravenna,[['residential', '50']]
Via Santo Mariano,[['residential', -1]]
Lungomare Giambattista e Pietro Starita,[['secondary', -1], ['secondary', -1], ['secondary', -1], ['secondary', -1], ['tertiary', -1], ['secondary', -1], ['secondary', -1], ['secondary', -1], ['tertiary', -1]]
Corso Cavour,[['tertiary', -1], ['secondary', -1], ['pedestrian', -1], ['residential', -1], ['secondary', -1], ['residential', -1], ['secondary', -1], ['secondary', -1], ['secondary', -1], ['secondary', -1], ['secondary', -1]]
Largo Maria Montessori,[['residential', '50']]
Via Giustino Fortunato,[['residential', -1], ['residential', -1]]
Via Nicola Cadudi,[['unclassified', -1], ['unclassified', -1], ['unclassified', -1], ['unclassified', -1]]
Via Francesco Curzio,[['residential', -1], ['residential', -1]]
Strada de Gironda,[['pedestrian', -1]]
Strada Incuria,[['pedestrian', -1], ['pedestrian', -1]]
Via Niccolò Pisani,[['residential', -1]]
Via Addis Abeba,[['residential', -1]]
Via Giuseppe Palmieri,[['residential', -1]]
Via Giuseppe Forges Davanzati,[['residential', -1]]
Lungomare 9 Maggio,[['tertiary', -1], ['tertiary', -1], ['residential', -1], ['tertiary', -1]]
Via Gioacchino Toma,[['residential', -1], ['residential', -1]]
Via Picone,[['unclassified', -1]]
Via Martiri di Marzabotto,[['unclassified', -1]]
Via Bona Sforza,[['residential', -1]]
Via Padre Pio,[['unclassified', -1]]
Via Nicola Leotta,[['residential', -1], ['residential', -1]]
Via Ruggiero Bonghi,[['residential', -1]]
Via Brennero,[['residential', -1], ['residential', -1]]
Strada Pezze del Sole,[['unclassified', -1]]
Via Cifariello,[['residential', -1]]
Ex Strada Statale 98,[['secondary', -1]]
Strada Provinciale Bari - Valenzano,[['secondary', -1]]
Strada del Torrente Balice,[['unclassified', -1], ['unclassified', -1], ['unclassified', -1], ['unclassified', -1], ['unclassified', -1], ['tertiary', -1], ['tertiary', -1]]
Via Vigili del Fuoco caduti in Servizio,[['unclassified', -1]]
Via Alfredo Oriani,[['residential', -1]]
Via dei Conciatori,[['unclassified', -1]]
Via Giandomenico Petroni,[['residential', -1]]
Lungomare Araldo di Crollalanza,[['tertiary', -1], ['secondary', -1], ['secondary', -1], ['tertiary', -1], ['secondary', -1], ['secondary', -1], ['secondary', -1]]
Piazza dei Gesuiti,[['pedestrian', -1]]
Via Zara,[['residential', -1]]
Via Enrico Pappacena,[['unclassified', -1], ['unclassified', -1]]
Strada Filioli,[['pedestrian', -1], ['pedestrian', -1], ['pedestrian', -1]]
Viale Luigi De Laurentis,[['tertiary', -1], ['tertiary', -1]]
Via Rodolfo Redi,[['unclassified', -1], ['unclassified', -1], ['unclassified', -1], ['unclassified', -1], ['unclassified', -1]]
Via Albert Einstein,[['residential', -1]]
Via Andrea Matteo Acquaviva,[['residential', -1]]
Via San Francesco alla Rena,[['residential', -1]]
Strada Amendoni,[['pedestrian', -1], ['pedestrian', -1]]
Via Tommaso Storelli,[['unclassified', -1]]
Via Massimiliano Mayer,[['residential', -1]]
Strada Crocifisso,[['unclassified', -1]]
Via Foggia,[['unclassified', -1]]
Via Madre Clelia Merloni,[['residential', -1]]
Via Michele Troisi,[['residential', -1]]
Via Venezia,[['pedestrian', -1], ['pedestrian', -1], ['pedestrian', -1]]
Piazzale Vittorio Triggiani,[['unclassified', -1], ['unclassified', -1], ['unclassified', -1], ['unclassified', -1]]
Via Buccari,[['residential', -1]]
Via Fabrizio Veniero,[['residential', '50']]
Via Brigata e Divisione Bari,[['secondary', -1], ['secondary', -1]]
Via Salvo d'Acquisto,[['tertiary', -1]]
Via Ettore Fieramosca,[['residential', -1], ['residential', -1]]
Via Repubblica napoletana,[['residential', -1]]
Via Francesco Crispi,[['tertiary', -1], ['secondary', -1], ['secondary', -1], ['secondary', -1], ['secondary', -1], ['secondary', -1], ['secondary', -1], ['tertiary', -1]]
III Traversa Nove Maggio,[['residential', -1]]
Via Vincenzo Calace,[['residential', -1]]
Via Eroi di Dogali,[['unclassified', -1]]
Via Papa Bonifacio IX,[['unclassified', -1]]
Via Ofanto,[['unclassified', -1]]
Via Salvatore Matarrese,[['unclassified', '50'], ['unclassified', -1], ['unclassified', '50']]
Via Giuseppe Albanese,[['residential', -1], ['residential', -1], ['residential', -1], ['residential', -1], ['residential', -1]]
Via dei Vasai,[['unclassified', -1]]
Via Monte Grappa,[['residential', -1]]
Via Lecce,[['unclassified', -1]]
Viale Papa Giovanni XXIII,[['secondary', -1], ['secondary', -1]]
Via Valdocco,[['residential', -1]]
Via Giovanni Modugno,[['unclassified', -1], ['unclassified', -1]]
Via Sabotino,[['residential', -1]]
Stradella Cannaruto,[['unclassified', -1], ['unclassified', -1]]
Via Dalmazia,[['residential', -1]]
Strada Statale 16 bis Adriatica,[['trunk', '90'], ['trunk', '90'], ['trunk', '90'], ['trunk', '90'], ['trunk', '90'], ['trunk', '90']]
Via Piave,[['residential', -1]]
Via Ancona,[['residential', -1]]
Via Gaetano Salvemini,[['unclassified', -1], ['unclassified', -1]]
Via Val D'Aosta,[['residential', -1]]
Corte del Dattilo,[['pedestrian', -1], ['pedestrian', -1]]
Via Pascali,[['residential', -1]]
Via Alfredo Violante,[['residential', -1]]
Via Giuseppe de Nittis,[['residential', -1]]
Via Francesco Muciaccia,[['residential', -1], ['residential', -1], ['residential', -1]]
Corte Colagualano,[['residential', -1]]
Viale John Fitzgerald Kennedy,[['tertiary', -1], ['tertiary_link', -1], ['tertiary', -1]]
Via Campania,[['residential', '50']]
Via Marche,[['residential', '50']]
Via Sigismondo Castromediano,[['residential', -1], ['residential', -1]]
Vico Federico II di Svevia,[['pedestrian', -1]]
Strada Tresca vecchia,[['pedestrian', -1], ['pedestrian', -1]]
Via Trani,[['residential', -1], ['residential', -1], ['residential', -1]]
Piazzale Vittorio Emanuele III,[['service', -1], ['secondary', -1]]
Via Nicola Bavaro,[['residential', -1]]
Largo Ignazio Chiurlia,[['pedestrian', -1]]
Via Gennaro Guevara,[['unclassified', -1]]
Via Davide Lopez,[['residential', -1]]
Viale Danubio,[['service', -1]]
Via dei Bottai,[['unclassified', -1]]
Area di sosta pre-imbarco auto,[['rest_area', -1]]
Viale Imperatore Traiano,[['residential', -1], ['residential', -1], ['residential', -1]]
Sottovia Giuseppe Filippo,[['secondary', -1], ['secondary', -1], ['secondary', -1], ['secondary', -1], ['secondary', -1], ['secondary', -1], ['secondary', -1], ['secondary', -1], ['secondary', -1], ['secondary', -1]]
Via San Nicola da Tolentino,[['unclassified', -1]]
Via Renato Dell'Andro,[['tertiary', -1], ['tertiary', -1]]
Parcheggio sotterraneo,[['service', -1], ['service', -1], ['service', -1]]
Sottopasso Giallo,[['footway', -1]]
Raccordo Giuseppe Rossi - Tondo di Carbonara,[['secondary', '50'], ['secondary', '50'], ['secondary', '50']]
Via Antonio Beatillo,[['residential', -1]]
Via Enrico Pessina,[['residential', -1]]
Piazza Urbano II,[['pedestrian', -1]]
Viale Saverio Mercadante,[['secondary', -1], ['secondary', -1]]
Via Emanuele Melisurgo,[['unclassified', -1]]
Via Luigi Milella,[['residential', -1]]
1° Privata De Angelis,[['residential', -1]]
Piazza Giuseppe Massari,[['residential', -1], ['residential', -1], ['residential', -1]]
Via Benedetto Cairoli,[['residential', -1], ['residential', -1]]
Strada Statale 96,[['primary', -1], ['primary', '60'], ['primary', '60'], ['primary', -1], ['secondary', -1], ['primary', -1]]
Via Francesco Rismondi,[['residential', -1]]
Via Dante Alighieri,[['tertiary', -1], ['tertiary', -1]]
Via Fratelli Giorgio e Michele de Vincentis,[['residential', -1]]
Salita Vito Minnuno,[['footway', -1]]
Via Mauro Amoruso,[['unclassified', -1], ['unclassified', -1]]
Via Cardinale Ciasca,[['unclassified', -1]]
Largo San Sabino,[['residential', -1], ['residential', -1], ['residential', -1], ['residential', -1], ['pedestrian', -1]]
Via Giuseppe Re David,[['residential', -1]]
Via dei Mille,[['residential', -1], ['residential', -1]]
Via Riccardo Zandonai,[['residential', -1]]
Via Giuseppe Suppa,[['residential', -1]]
Corso Vittorio Veneto,[['secondary', -1], ['residential', -1], ['residential', -1], ['residential', -1], ['residential', -1]]
Via Nicola De Gemmis,[['unclassified', -1]]
Via dei Tornitori,[['unclassified', -1]]
Strada San Totaro,[['pedestrian', -1]]
Via Nicola Ruffo,[['unclassified', -1], ['unclassified', -1], ['unclassified', -1], ['unclassified', -1]]
Via Umberto Zanotti Bianco,[['residential', -1]]
Via Francesco Pascazio,[['unclassified', -1]]
Via Monfalcone,[['residential', -1]]
Via Giovanni Colella,[['unclassified', -1]]
Via Circonvallazione,[['tertiary', -1]]
Piazzale Mater Ecclesiae,[['unclassified', -1], ['unclassified', -1], ['footway', -1]]
Via Arturo Santoro,[['residential', -1]]
Modugno - Carbonara,[['secondary_link', -1], ['secondary_link', -1]]
Via Boemondo,[['pedestrian', -1]]
Parallela Peucetia,[['unclassified', -1]]
Via dei Lilium,[['unclassified', -1]]
Via Giovanni Candura,[['residential', -1], ['residential', -1], ['residential', -1]]
Via Domenico Cimarosa,[['residential', -1]]
Viale delle Murge,[['unclassified', -1], ['unclassified', -1], ['unclassified', -1]]
Via Domenico Mandragora,[['residential', -1]]
Via Conte Giusso,[['unclassified', -1], ['unclassified', -1], ['unclassified', -1]]
Viale Japigia,[['secondary', -1]]
Via Sparano da Bari,[['pedestrian', -1], ['pedestrian', -1], ['pedestrian', -1]]
Via Pitagora,[['unclassified', -1]]
Via Giuseppe Prezzolini,[['unclassified', -1]]
Via dei Marmisti,[['unclassified', -1]]
Parco dell'Amore,[['service', -1], ['service', -1], ['service', -1], ['service', -1]]
Via Pacifico Mazzoni,[['residential', -1]]
Via Barletta,[['residential', -1]]
Via Timavo,[['residential', -1], ['residential', -1]]
Via Raffaele d'Addosio,[['residential', -1]]
Via Giovanni Gentile,[['secondary', -1], ['secondary', -1], ['secondary', -1]]
Via Stefano Jacini,[['secondary', -1], ['secondary', -1]]
Via Indipendenza,[['residential', -1]]
Via Massaua,[['residential', -1]]
Via Francesco Martino,[['tertiary', -1]]
Via Santa Teresa delle Donne,[['pedestrian', -1], ['pedestrian', -1]]
Via Roma,[['tertiary', -1], ['tertiary', -1], ['tertiary', -1]]
Viale del Concilio Vaticano II,[['residential', -1], ['residential', -1], ['residential', -1], ['residential', -1], ['residential', -1]]
Via Monsignor Francesco Nitti,[['residential', -1]]
Parcheggio - Politecnico di Bari,[['service', -1]]
Via Valona,[['residential', -1]]
Via Manfredi Azzarita,[['unclassified', -1]]
Via Gaetano Latilla,[['residential', -1]]
Via Alberto Sordi,[['residential', -1], ['residential', -1]]
Via Niccolo Pizzoli,[['residential', -1], ['tertiary', -1]]
Viale Caduti di Nannsiriya,[['unclassified', -1]]
Via Benedetto Petrone,[['unclassified', -1], ['residential', -1]]
Strada Tresca,[['pedestrian', -1]]
Strada Santa Maria del Buon Consiglio,[['pedestrian', -1], ['pedestrian', -1], ['pedestrian', -1]]
Via Re Giuseppe David,[['residential', -1]]
Via Orazio Comes,[['residential', -1]]
Strada Palazzo dell'Intendenza,[['pedestrian', -1]]
Via Latina,[['residential', '50']]
Vico La trulla,[['pedestrian', -1]]
Via Luigi Einaudi,[['tertiary', -1], ['tertiary', -1]]
Via dei Caduti Partigiani,[['unclassified', -1]]
Via Monte Nevoso,[['residential', -1]]
Strada Casamassimi,[['pedestrian', -1]]
Via Natale Loiacono,[['unclassified', -1], ['unclassified', -1]]
Corte Lamberti,[['pedestrian', -1]]
Via Verona,[['residential', -1]]
Via Ascianghi,[['unclassified', -1]]
Via Veneto,[['residential', -1]]
Corso Italia,[['residential', -1], ['tertiary', -1], ['tertiary', -1], ['residential', -1], ['residential', -1]]
Via Giuseppe Solarino,[['secondary', -1], ['secondary', -1], ['secondary', -1], ['secondary', -1], ['secondary', -1], ['secondary', -1], ['secondary', -1], ['secondary', -1], ['secondary', -1], ['secondary', -1]]
Via Floriano Ludwig,[['secondary', '50'], ['unclassified', '50'], ['unclassified', -1], ['unclassified', -1]]
Via Carabiniere Giovanni del Conte,[['secondary', -1]]
Largo Adua,[['residential', -1], ['residential', -1]]
Via Pasquale Romito,[['unclassified', -1]]
Via Paolo Lembo,[['residential', -1], ['residential', -1], ['residential', -1], ['residential', -1]]
Via Giuseppe Pellegrini,[['residential', -1]]
Via dei Gigli,[['unclassified', -1], ['unclassified', -1], ['unclassified', -1]]
Via Liside,[['unclassified', -1]]
padiglione 202,[['footway', -1], ['footway', -1]]
Via Liguria,[['residential', -1], ['residential', '50'], ['residential', -1]]
Strada Lamberti,[['pedestrian', -1]]
Molo San Nicola,[['unclassified', -1], ['unclassified', -1]]
Deodato,[['service', -1], ['service', -1]]
Via Antonio Lucarelli,[['tertiary', -1], ['tertiary', '30'], ['tertiary', -1], ['tertiary_link', -1], ['tertiary_link', -1], ['tertiary', -1], ['tertiary', -1], ['tertiary', -1], ['tertiary', '30'], ['tertiary', '30'], ['tertiary', '30'], ['tertiary', -1], ['residential', -1], ['tertiary', -1]]
Via monsignor Enrico Nicodemo,[['unclassified', -1]]
Via Lucera,[['unclassified', -1], ['steps', -1], ['unclassified', -1]]
Corte Carducci,[['pedestrian', -1]]
Strada Calvani,[['unclassified', -1], ['unclassified', -1]]
Via Pordenone,[['residential', -1]]
Strada Sagges,[['pedestrian', -1], ['pedestrian', -1], ['residential', -1], ['residential', -1], ['residential', -1], ['residential', -1], ['residential', -1], ['residential', -1], ['residential', -1]]
Via IRI,[['service', -1]]
Via Donato de Leonardis,[['unclassified', -1]]
Strada San Marco,[['pedestrian', -1], ['pedestrian', -1]]
Via Vincenzo Bellezza,[['residential', -1]]
Via Michele Galiani,[['residential', -1]]
Strada degli Orefici,[['pedestrian', -1]]
Via Michele Mirenghi,[['residential', -1]]
Via Peucetia,[['unclassified', -1], ['unclassified', -1], ['unclassified', -1], ['unclassified', -1], ['unclassified', -1], ['unclassified', -1], ['secondary', -1], ['unclassified', -1], ['unclassified', -1]]
Stradella Barone,[['residential', -1]]
Via Gennaro Maria Monti,[['residential', -1], ['residential', -1]]
Strada Santa Teresa dei maschi,[['pedestrian', -1], ['pedestrian', -1], ['pedestrian', -1], ['pedestrian', -1], ['pedestrian', -1], ['pedestrian', -1]]
Strada Tomasicchio,[['residential', -1], ['residential', -1]]
Via Luigi Gurakuqi,[['unclassified', -1]]
Largo Luigi Giannella,[['unclassified', -1]]
Via Giuseppe Zuccaro,[['residential', -1]]
Via Archita da Taranto,[['unclassified', -1]]
Via Fratelli Philips,[['unclassified', -1]]
Via degli Stagnini,[['unclassified', -1], ['unclassified', -1]]
Via Pantaleo Carabellese,[['unclassified', -1]]
Via Giuseppe Pavoncelli,[['residential', -1], ['residential', -1], ['residential', -1], ['unclassified', -1], ['residential', -1], ['residential', -1]]
Via Sardegna,[['residential', '50']]
Strada Arco Alto,[['pedestrian', -1], ['pedestrian', -1], ['pedestrian', -1]]
Sottopasso Verde,[['footway', -1], ['footway', -1], ['steps', -1]]
Via Dieta di Bari,[['residential', -1], ['residential', -1], ['residential', -1], ['residential', -1], ['residential', -1], ['residential', -1]]
Via Pasubio,[['residential', -1], ['residential', -1]]
Via Canonico Bux,[['residential', -1]]
Via Tripoli,[['residential', -1]]
Area di sosta pre-imbarco Camion,[['rest_area', -1]]
Via Rosario Berardi,[['unclassified', -1]]
Via Vicenza,[['residential', -1], ['residential', -1]]
Viale Giuseppe di Vittorio,[['tertiary', -1], ['secondary', -1], ['tertiary', -1]]
Via Giovanni Chiaia,[['residential', -1]]
Strada Giosuè Carducci,[['unclassified', -1]]
Piazza Giuseppe Romita,[['residential', -1]]
Via Tommaso Porcelli,[['residential', -1]]
Via Alessandria,[['residential', -1]]
Viale Petru Giovacchini,[['residential', -1], ['residential', -1]]
Via Montello,[['residential', -1]]
Via Cassala,[['residential', -1]]
Via Camillo Rosalba,[['tertiary', -1], ['tertiary', '50'], ['tertiary', -1], ['tertiary', -1], ['tertiary', -1], ['tertiary', '50'], ['tertiary', '50']]
Via Novara,[['residential', -1], ['residential', -1], ['residential', -1]]
Vico Corsioli,[['residential', -1], ['pedestrian', -1], ['pedestrian', -1]]
Via Pasquale Paoli,[['residential', -1]]
Via San Paolo,[['unclassified', -1], ['unclassified', -1]]
Via Enrico Fermi,[['unclassified', -1], ['unclassified', -1]]
Via Metaponto,[['residential', -1], ['residential', -1]]
Viale Antonio Salandra,[['tertiary', -1], ['tertiary', -1]]
Via Toscana,[['residential', '50'], ['residential', '50'], ['residential', -1], ['residential', '50']]
Viale Unità d'Italia,[['tertiary', -1], ['cycleway', -1], ['secondary', -1], ['secondary', -1]]
Via Maresciallo Vittorio Maggiore,[['unclassified', -1]]
Via Ettore Carafa,[['unclassified', -1], ['unclassified', -1]]
Via delle Mimose,[['unclassified', -1], ['unclassified', -1]]
Via Franco Sorrentino,[['residential', -1]]
Via dei Tintori,[['unclassified', -1]]
Via Osvaldo Marzano,[['unclassified', -1], ['unclassified', -1]]
Strada Porto Nuovo,[['residential', -1]]
Via Durazzo,[['residential', -1]]
Via Premuda,[['residential', -1]]
Via Pasquale Fiore,[['residential', -1], ['residential', -1], ['residential', -1], ['residential', -1]]
Via Taranto,[['residential', -1]]
Via Martin Luther King,[['unclassified', -1]]
Via Pier Delfino Pesce,[['residential', -1]]
Via Giovanni Laterza,[['residential', -1]]
Via Masaniello,[['unclassified', -1]]
Via Giuseppe Verdi,[['secondary', -1], ['secondary', -1], ['secondary', -1]]
Strada della Cava,[['unclassified', -1]]
Via Altamura,[['residential', -1]]
Via Zippitelle,[['tertiary', '50']]
Viale Italo Oriente,[['pedestrian', -1], ['pedestrian', -1], ['pedestrian', -1]]
Via Matteo Renato Imbriani,[['residential', -1]]
Via Agrigento,[['residential', -1]]
Via Aurelio Carrante,[['unclassified', -1], ['unclassified', -1]]
Via Tevere,[['unclassified', -1]]
Via Domenico Morea,[['residential', -1]]
Viale Europa,[['secondary', '50'], ['secondary', '50'], ['secondary', '50'], ['secondary', '50'], ['secondary', -1], ['secondary', -1], ['tertiary_link', '50'], ['secondary', -1], ['secondary', '50'], ['secondary', '50']]
Stradella del Caffe',[['unclassified', -1], ['unclassified', -1], ['residential', -1], ['service', -1], ['service', -1], ['residential', -1], ['unclassified', -1], ['residential', -1], ['unclassified', -1]]
Arco San Giovanni,[['pedestrian', -1], ['pedestrian', -1], ['pedestrian', -1]]
Viale Saverio Dioguardi,[['unclassified', -1], ['unclassified', -1], ['unclassified', -1], ['unclassified', -1], ['unclassified', -1], ['unclassified', -1], ['unclassified', -1], ['unclassified', -1], ['unclassified', -1], ['unclassified', -1]]
Saverio La Sorsa,[['unclassified', -1]]
Autostrada Adriatica,[['motorway', '130'], ['motorway', '130'], ['motorway', '130'], ['motorway', '130'], ['motorway', '130'], ['motorway', '130'], ['motorway', '130'], ['motorway', '130'], ['motorway', '130'], ['motorway', '130'], ['motorway', '130'], ['motorway', '130']]
Viale della Repubblica,[['cycleway', -1], ['tertiary', -1], ['tertiary', -1], ['secondary', -1], ['secondary', -1]]
Via Isonzo,[['residential', -1]]
Corte San Triggiano,[['pedestrian', -1]]
Via Vito Nicola Di Tullio,[['residential', -1], ['residential', -1]]
Corte Spirito Santo,[['pedestrian', -1]]
Via Semerari,[['residential', -1]]
Via Renato Scionti,[['unclassified', -1]]
Strada Canestrelle,[['unclassified', -1], ['unclassified', -1], ['unclassified', -1]]
Strada Zonnelli,[['pedestrian', -1], ['pedestrian', -1], ['pedestrian', -1], ['pedestrian', -1]]
Via Principe Amedeo,[['residential', -1], ['residential', -1], ['residential', -1], ['residential', -1]]
Piazza Armando Diaz,[['residential', -1]]
Piazzale Cristoforo Colombo,[['secondary', -1]]
Via Edoardo Orabona,[['residential', '50']]
Via Colonello de Cristoforis,[['residential', -1]]
Via Vittorio Bodini,[['unclassified', -1]]
Via Pietro Mascagni,[['residential', -1]]
Via Gaetano Postiglione,[['residential', -1], ['secondary', -1]]
Via Prospero Petroni,[['residential', -1], ['residential', -1]]
Via Giuseppe Capaldi,[['residential', -1]]
Via Napoleone Colajanni,[['residential', -1]]
Strada Adriatica,[['secondary', -1], ['secondary', -1]]
Via Modugno,[['tertiary', -1], ['unclassified', -1], ['tertiary_link', -1], ['unclassified', -1], ['unclassified', -1], ['tertiary', -1]]
Vico del Lauro,[['pedestrian', -1], ['pedestrian', -1], ['pedestrian', -1]]
Via Giuseppe Maria Giovene,[['residential', -1]]
Via De Lilla,[['residential', -1]]
Via Daunia,[['residential', -1], ['unclassified', -1]]
Autoparco Provinciale Croce Rossa Italiana - BARI,[['service', -1]]
Strada San Giuseppe,[['pedestrian', -1]]
Piazza Giulio Cesare,[['tertiary', -1]]
Via delle Camelie,[['unclassified', -1], ['unclassified', -1], ['unclassified', -1], ['unclassified', -1]]
Viale Madre Teresa di Calcutta,[['unclassified', '50'], ['unclassified', '50'], ['unclassified', '50']]
Via Giorgio La Pira,[['residential', -1]]
Via Marchese di Montrone,[['residential', -1]]
Via Pasquale Di Cagno,[['residential', -1]]
Viale delle Regioni,[['residential', -1], ['residential', -1], ['residential', -1]]
Via Arcidiacono Giovanni,[['residential', -1], ['residential', -1]]
Strada Bianchi Dottula,[['pedestrian', -1], ['pedestrian', -1]]
Via Domenico Cirillo,[['residential', -1]]
Via Angelo Bertolini,[['residential', -1]]
Via Santa Teresa,[['unclassified', -1]]
Via Gian Giuseppe Carulli,[['residential', -1], ['tertiary', -1]]
Largo Monsignore Augusto Curi,[['pedestrian', -1]]
Viale Caduti Di Tutte Le Guerre,[['residential', -1], ['residential', -1], ['residential', -1]]
Via Divisione Paracadutisti Folgore,[['residential', -1]]
Via Mario Pagano,[['secondary', -1]]
Via Andrea Costa,[['residential', -1]]
Via Arcangelo Scacchi,[['residential', -1]]
Strada Martinez,[['pedestrian', -1]]
Via Abate Giacinto Gimma,[['residential', -1], ['residential', -1], ['residential', -1]]
Via Benedetto Lorusso,[['residential', -1]]
Via Bitritto,[['trunk', '90'], ['trunk', '70'], ['trunk', '70'], ['trunk', '70'], ['trunk', '70'], ['unclassified', -1], ['service', -1]]
Ponte Padre Pio,[['secondary', -1], ['secondary', -1]]
Via Arturo Toscanini,[['unclassified', -1], ['residential', -1], ['unclassified', -1]]
Via Enrico Toti,[['residential', -1], ['residential', -1], ['residential', -1]]
Via Roberto da Bari,[['pedestrian', -1], ['residential', -1]]
Percorso all'aperto Museo di Scienze della Terra Di Bari,[['footway', -1], ['footway', -1], ['footway', -1], ['footway', -1], ['footway', -1]]
Via Samuel F. Hahnemann,[['unclassified', -1], ['unclassified', -1]]
Corso Senatore Antonio De Tullio,[['secondary', -1], ['secondary', -1]]
Via Divisione Acqui,[['unclassified', -1], ['unclassified', -1]]
I Vico San Francesco della Scarpa,[['pedestrian', -1]]
Largo Francesco Cacucci,[['footway', -1], ['footway', -1]]
Via Caldarola,[['tertiary', -1], ['tertiary', -1], ['tertiary', -1], ['tertiary', -1], ['tertiary', -1], ['secondary', -1], ['tertiary', -1], ['tertiary', -1], ['tertiary', -1], ['tertiary', -1], ['tertiary', -1], ['tertiary', -1], ['tertiary', -1], ['tertiary', -1], ['tertiary', -1], ['tertiary', -1], ['tertiary', -1], ['tertiary', -1]]
Via Demetrio Marin,[['residential', -1]]
Viale Gaetano Salvemini,[['residential', -1]]
Via De Benedictis,[['residential', -1]]
Via Ritelli,[['residential', -1]]
1° Traversa Ottorino Respighi,[['unclassified', -1], ['unclassified', -1]]
Via Carlo Borsani,[['residential', -1]]
Via Francesco Cilea,[['residential', -1], ['residential', -1], ['residential', -1], ['residential', -1], ['residential', -1]]
Via Giuseppe Petraglione,[['unclassified', -1]]
Via Vittoriano Cimarrusti,[['unclassified', -1]]
Via Vittorio Bottego,[['residential', -1]]
Strada del Carmine,[['pedestrian', -1], ['pedestrian', -1], ['pedestrian', -1], ['pedestrian', -1]]
Via Hrand Nazariantz,[['tertiary', -1], ['tertiary', -1]]
Via Gaetano Santomauro,[['unclassified', -1]]
Via Piemonte,[['residential', '50'], ['residential', -1]]
Vico Forno Santa Scolastica,[['pedestrian', -1], ['pedestrian', -1], ['pedestrian', -1]]
Via Goffredo di Crollalanza,[['residential', -1], ['tertiary', -1], ['secondary', -1], ['secondary', -1]]
traversa III Trentino Alto Adige,[['residential', -1]]
Strada Vassallo,[['unclassified', -1], ['unclassified', -1]]
Via dei Carpentieri,[['unclassified', -1]]
Via Umbria,[['residential', '50']]
Via Andrea Angiulli,[['residential', -1]]
Via Abruzzi,[['residential', -1]]
Via Raffaele Viviani,[['unclassified', -1]]
Via dei Tipografi,[['unclassified', -1]]
Strada San Sebastiano,[['pedestrian', -1]]
Strada Cola di Cagno,[['unclassified', -1]]
Via La Rotella,[['tertiary', '50']]
Via Giuseppe Capruzzi,[['secondary', -1], ['secondary', -1], ['secondary', -1], ['secondary', -1], ['secondary', -1], ['secondary', -1], ['secondary', -1], ['secondary', -1], ['secondary', -1]]
Via Quarto,[['unclassified', -1], ['unclassified', -1]]
Via Tenente Pilota Lucio Carri,[['unclassified', -1]]
Varco Caracciolo,[['service', -1], ['service', -1], ['service', -1], ['service', -1]]
Via Carnia,[['residential', -1]]
Via Pescara,[['residential', -1]]
traversa via Veneto,[['residential', -1]]
Via Michele Garruba,[['pedestrian', -1], ['residential', -1], ['unclassified', -1]]
Via Donato Gargasole,[['residential', -1]]
Via delle Orchidee,[['unclassified', -1]]
Via Giovanni Bovio,[['residential', -1]]
Via Ruggiero il Normanno,[['residential', -1]]
Strada della Torretta,[['pedestrian', -1], ['pedestrian', -1]]
Via Michelangelo Signorile,[['residential', -1]]
Via Eraclide,[['unclassified', -1]]
Via Don Giovanni Bosco,[['residential', -1]]
Via Francesco Netti,[['residential', -1]]
Tangenziale di Bari,[['trunk', '90'], ['trunk', '90'], ['trunk', '90'], ['trunk', '90'], ['trunk', '90'], ['trunk', '90'], ['trunk', '90'], ['trunk', '90'], ['trunk', '90'], ['trunk', '90'], ['trunk', '90'], ['trunk', '90'], ['trunk', '90'], ['trunk', '90'], ['trunk', '90'], ['trunk', '90'], ['trunk_link', '40'], ['trunk', '90'], ['trunk', '90'], ['trunk', '90'], ['trunk', '90'], ['trunk', '90'], ['trunk', '90'], ['trunk', '90'], ['trunk', '90'], ['trunk', '90'], ['trunk', '90'], ['trunk', '90'], ['trunk', '90'], ['trunk', '90'], ['trunk', '90'], ['trunk', '90'], ['trunk', '90'], ['trunk', '90'], ['trunk', '90'], ['trunk', '90'], ['trunk', '90'], ['trunk', '90'], ['trunk', '90'], ['trunk', '90'], ['trunk', '90'], ['trunk', '90'], ['trunk', '90'], ['trunk', '90'], ['trunk', '90'], ['trunk', '90'], ['trunk', '90'], ['trunk', '90'], ['trunk', '90'], ['trunk', '90'], ['trunk', '90'], ['trunk', '90'], ['trunk', '90'], ['trunk', '90'], ['trunk', '90']]
Strada Vicinale delle Tarine,[['unclassified', -1]]
Via Vito De Fano,[['residential', -1]]
Via Stella,[['residential', -1]]
Strada Scanzano,[['unclassified', -1]]
Via Teodoro,[['unclassified', -1]]
Via Matilde Serao,[['residential', '50']]
Via Murari,[['tertiary', -1], ['unclassified', -1], ['unclassified', -1], ['unclassified', -1], ['unclassified', -1]]
Via Luigi Pinto,[['unclassified', -1]]
Via Boccasile,[['residential', -1]]
Via Cattaro,[['residential', -1]]
Via Tenente Cesare Suglia,[['unclassified', -1]]
Via Vittorio Lenoci,[['unclassified', -1]]
Largo Abate Elia,[['pedestrian', -1]]
Via Calò Carducci Jacopo,[['pedestrian', -1]]
Via Nicola Calitri,[['residential', -1]]
Strada Santa Scolastica,[['pedestrian', -1], ['pedestrian', -1], ['pedestrian', -1]]
Via Pietro Ravanas,[['residential', -1], ['residential', -1]]
Via Giulio Petroni,[['tertiary', -1], ['tertiary', -1], ['tertiary', -1], ['tertiary', -1], ['tertiary', -1], ['tertiary', -1], ['tertiary', -1], ['tertiary', -1], ['tertiary', -1], ['tertiary', -1], ['tertiary', -1], ['tertiary', -1]]
Via Padre Innocenzo da Modugno,[['unclassified', -1]]
Lavaggio,[['service', -1], ['service', -1]]
Via Emilia Romagna,[['residential', -1], ['residential', -1]]
Viale Ionio,[['pedestrian', -1]]
Via Ronchi,[['pedestrian', -1]]
Q8,[['service', -1], ['service', -1], ['service', -1]]
Corso della Carboneria,[['residential', -1]]
Piazza San Pietro,[['residential', -1], ['residential', -1], ['residential', -1]]
Strada del Tesoro,[['service', -1], ['service', '30'], ['unclassified', -1]]
Strada Annunziata,[['pedestrian', -1]]
Via Brigata Regina,[['secondary', -1], ['secondary', -1], ['secondary', -1], ['secondary', -1]]
Piazza del Ferrarese,[['pedestrian', -1]]
Via Carlo Maranelli,[['residential', -1]]
Via Giuseppe Volpe,[['residential', -1]]
Via Sopramarzo,[['unclassified', -1]]
Via Vincenzo Ricchioni,[['residential', -1]]
Via Calabria,[['residential', '50']]
Ex Galleria Cavour,[['footway', -1]]
Via Vitantonio di Cagno,[['unclassified', -1]]
Via Emanuele Mola,[['residential', -1], ['pedestrian', -1], ['residential', -1]]
Via delle Rose,[['tertiary', -1], ['tertiary', -1], ['tertiary', -1]]
Via Basilicata,[['residential', -1]]
Via Paolo VI,[['unclassified', -1]]
Vico San Cristoforo,[['pedestrian', -1]]
Via Raffaele Armenise,[['residential', -1]]
Via Gorizia,[['residential', -1]]
Strada Fragigena,[['pedestrian', -1]]
Viale Beato Josemaria Escrivà,[['unclassified', -1], ['unclassified', -1]]
Via Marie Curie,[['unclassified', '30']]
Pronto soccorso,[['service', -1], ['service', -1], ['service', -1]]
Via Arcivescovo Carafa,[['unclassified', -1]]
Via Napoli,[['tertiary', -1], ['secondary', -1], ['secondary', -1], ['trunk', -1], ['tertiary', -1], ['secondary', -1], ['secondary', -1], ['secondary', -1], ['unclassified', -1], ['unclassified', -1], ['secondary', -1], ['secondary', -1], ['tertiary', -1], ['residential', -1], ['trunk', -1], ['secondary', -1], ['secondary', -1], ['secondary', -1], ['trunk', -1], ['trunk', -1], ['trunk', -1], ['service', -1]]
Via Eritrea,[['residential', -1]]
Via Verrone,[['pedestrian', -1]]
Via Umberto Giordano,[['secondary', -1]]
Via Guido Dorso,[['unclassified', -1], ['residential', -1]]
Via Principessa Iolanda,[['residential', -1]]
Viale Donato Menichella,[['tertiary', -1]]
Viale Mercadante,[['secondary', -1], ['secondary', -1]]
Via Tancredi,[['pedestrian', -1]]
Via degli Oleandri,[['unclassified', -1]]
Via Ottavio Serena,[['residential', -1]]
Via Giuseppe Bozzi,[['residential', -1]]
Strada Vallisa,[['pedestrian', -1], ['pedestrian', -1]]
Via Gaetano Granieri,[['residential', -1]]
Benzinaio,[['services', -1]]
Piazza Disfida di Barletta,[['residential', -1]]
Via Caduti di Via Fani,[['service', -1], ['residential', -1]]
Corte Tancredi,[['pedestrian', -1]]
Via Casale y Figoroa,[['residential', -1]]
Viale Papa Pio XII,[['tertiary', -1]]
Viale Mohandas Gandhi,[['unclassified', -1], ['unclassified', -1], ['unclassified', '50']]
Viale Antonio Meucci,[['residential', -1]]
Via Giambattista Nitto De Rossi,[['residential', -1]]
Vico II San Francesco della Scarpa,[['steps', -1], ['pedestrian', -1]]
Strada San Sabino,[['pedestrian', -1]]
Vico Prefettura,[['pedestrian', -1]]
Strada Palazzo di Città,[['pedestrian', -1]]
Lungomare Nazario Sauro,[['secondary', -1]]
Via Cardinale Marcello Mimmi,[['unclassified', -1]]
Via Guglielmo Oberdan,[['secondary', -1], ['secondary', -1]]
Corte Cavallerizza,[['pedestrian', -1]]
Via delle Medaglie d'Oro,[['unclassified', -1]]
Strada San Bartolomeo,[['pedestrian', -1]]
Via Vincenzo Rogadeo,[['residential', -1]]
Via Don Luigi Guanella,[['unclassified', -1], ['unclassified', -1], ['unclassified', -1], ['unclassified', -1], ['unclassified', -1], ['unclassified', -1], ['unclassified', -1], ['unclassified', -1]]
Via Nicola Fornelli,[['residential', -1]]
Viale Puglia,[['residential', '50'], ['residential', -1]]
Via Argiro,[['pedestrian', -1]]
Piazza Giuseppe Garibaldi,[['tertiary', -1], ['tertiary', -1], ['tertiary', -1], ['tertiary', -1]]
Via Giuseppe del Drago,[['unclassified', -1]]
Vico Fiscardi,[['pedestrian', -1]]
Via Generale de Bernardis,[['residential', -1], ['residential', -1]]
Via Lorenzo Perosi,[['residential', -1]]
Via Luca De Samuele Cagnazzi,[['unclassified', -1]]
Viale Louis Pasteur,[['secondary', -1], ['unclassified', -1], ['secondary', -1], ['secondary', -1], ['secondary', -1], ['secondary_link', -1]]
Via Scipione Crisanzio,[['residential', -1], ['residential', -1]]
Via Cagliari,[['residential', '50']]
Via M. De Giosa,[['residential', '50']]
Via Fratelli Rosselli,[['residential', -1]]
Via Alessandro Maria Calefati,[['residential', -1], ['residential', -1], ['residential', -1]]
Via Orazio Flacco - Stradella Calvani,[['residential', -1]]
Via Ragusa,[['residential', -1]]
Largo 2 giugno,[['service', -1]]
Via Nizza,[['residential', -1]]
Corso Giuseppe Mazzini,[['residential', -1], ['residential', -1], ['residential', -1]]
Strada San Giacomo,[['pedestrian', -1]]
Via Ferorelli,[['unclassified', -1], ['unclassified', -1]]
Strada dietro Tresca,[['pedestrian', -1]]
Via Tommaso Fiore,[['tertiary', -1], ['tertiary', -1]]
Accesso di Emergenza,[['steps', -1]]
Via Andrea Miglionico,[['residential', -1]]
Via Trento,[['residential', -1]]
Ex Corte Perilli,[['pedestrian', -1]]
Strada Torrebella,[['secondary', -1], ['tertiary', -1], ['secondary', -1]]
Via Volga,[['service', -1]]
Via Bianchi Dottula,[['pedestrian', -1]]
Vico del Carmine,[['pedestrian', -1], ['pedestrian', -1]]
Via delle Crociate,[['pedestrian', -1], ['pedestrian', -1]]
Viale Giuseppe Degennaro,[['unclassified', '20'], ['unclassified', '20'], ['unclassified', '20'], ['unclassified', -1]]
Viale Giuseppe Bartolo,[['unclassified', -1], ['unclassified', -1], ['unclassified', -1], ['unclassified', -1], ['unclassified', -1], ['unclassified', -1]]
Via Tenente Francesco de Liguori,[['unclassified', -1]]
Via Anastasio Ballestrero,[['unclassified', -1], ['unclassified', -1], ['unclassified', -1], ['unclassified', -1]]
Via Salapia,[['unclassified', -1]]
Via Raffaele Bovio,[['unclassified', -1]]
Vico de' Gironda,[['pedestrian', -1]]
Strada vicinale San Giorgio Martire,[['unclassified', -1], ['unclassified', -1], ['secondary', -1], ['unclassified', -1], ['unclassified', -1], ['unclassified', -1], ['service', -1], ['unclassified', -1], ['unclassified', -1], ['unclassified', -1]]
Via Giuseppe Colapietro,[['unclassified', -1]]
Strada Angiola,[['pedestrian', -1]]
Via San Remo,[['unclassified', -1]]
Stradella Petrera,[['unclassified', -1]]
Via Carlo Guarnieri,[['unclassified', -1]]
Ponte Giuseppe Garibaldi,[['secondary', '50']]
Via Armando Scaturchio,[['residential', -1]]
Via Egnatia,[['residential', -1], ['residential', -1]]
Via Cavalieri di Vittorio Veneto,[['unclassified', -1]]
Via Pietro Nenni,[['residential', -1]]
Via Paradiso,[['tertiary', -1], ['tertiary', -1]]
Consegna Merci,[['service', -1]]
Stradella Cipparoli,[['residential', -1]]
Viale Amedeo Lovri,[['unclassified', -1]]
Viale Ennio Quinto,[['tertiary', -1]]
Via Maria Cristina di Savoia,[['residential', -1]]
Via Salvatore Pietrocola,[['unclassified', -1], ['unclassified', -1], ['unclassified', -1], ['unclassified', -1]]
Via Melo da Bari,[['residential', -1], ['residential', -1]]
Via degli Ebanisti,[['unclassified', -1]]
Strada Albergo della Battaglia,[['unclassified', -1]]
Via Fabio Filzi,[['residential', -1]]
Via Michele Mitolo,[['tertiary', -1], ['tertiary', -1], ['tertiary', -1]]
Atrio Coperto Politecnico,[['footway', -1]]
Via Lucio Silano,[['residential', -1]]
Via Giuseppe Papalia,[['unclassified', -1]]
Via Michele de Napoli,[['residential', -1], ['residential', -1]]
Via Don Cesare Franco,[['unclassified', -1]]
Piazza San Nicola,[['pedestrian', -1], ['pedestrian', -1], ['pedestrian', -1], ['pedestrian', -1], ['pedestrian', -1]]
Via Silvestro Sasso,[['residential', -1]]
Via Ottavio Tapputi,[['residential', -1]]
Via Angelo Savatti,[['unclassified', -1]]
Via Junipero Serra,[['residential', -1], ['residential', -1]]
Via del Faro,[['residential', -1]]
Arco San Pietro,[['pedestrian', -1]]
Via Ruggiero Leoncavallo,[['residential', -1], ['residential', -1], ['residential', -1]]
Park & Ride - Pane e Pomodoro,[['service', -1]]
Via Giuseppe Tatarella - Asse Nord-Sud,[['secondary', '50'], ['secondary', '50'], ['secondary', '50'], ['secondary', '50']]
Via Nicola Garrone,[['unclassified', -1], ['residential', -1]]
Via Edmondo de Amicis,[['residential', -1], ['residential', -1]]
Varco Brigata Regina,[['service', -1], ['service', -1], ['service', -1]]
Via Michele Fiorino,[['residential', -1]]
Via G. Costantino,[['residential', -1]]
Via Tommaso Columbo,[['unclassified', -1]]
Largo Abbazia Santa Scolastica,[['unclassified', -1], ['tertiary', -1]]
Ludoteca,[['footway', -1]]
Via Brindisi,[['residential', -1]]
Via Salvatore Tramonte,[['residential', -1], ['residential', -1], ['residential', -1]]
Via Generale Francesco Ruccia,[['unclassified', -1]]
Via del Tesoro,[['unclassified', '30'], ['service', -1], ['service', -1]]
Via di Maratona,[['secondary', -1], ['secondary', -1]]
Via Nicolò Putignani,[['residential', -1], ['residential', -1]]
Via Clinia,[['unclassified', -1]]
Strada del Tesoro - II tratto,[['unclassified', '50']]
Via A. De Vicariis,[['residential', -1]]
Via Quintino Sella,[['tertiary', -1]]
Via Santi Cirillo E Metodio,[['unclassified', -1], ['unclassified', -1], ['unclassified', -1], ['unclassified', -1], ['unclassified', -1], ['unclassified', -1]]
Piazza Carlo Poerio,[['residential', -1]]
Via Claudio Monteverdi,[['residential', -1]]
Strada San Giorgio Martire,[['secondary', -1], ['secondary', -1], ['tertiary', -1], ['unclassified', -1]]
Largo Chiurlia,[['pedestrian', -1], ['residential', -1], ['steps', -1]]
Traversa 36 Lungomare IX Maggio,[['residential', -1]]
Via Arturo Atti,[['residential', -1]]
Via Canonico Annibale Maria di Francia,[['residential', -1]]
Via XXIV Maggio,[['residential', -1]]
Via Maggiore Francesco Baracca,[['residential', -1]]
Via Corfù,[['residential', -1]]
Via Domenico Nicolai,[['residential', -1], ['residential', -1]]
Strada Quercia,[['pedestrian', -1]]
Via San Luigi,[['residential', -1]]
C.T.O.,[['service', -1]]
Via Podgora,[['unclassified', -1]]
Via dei Gelsomini,[['unclassified', -1]]
Via Francesco Petrelli,[['residential', -1]]
Via Lepanto,[['service', -1]]
Via Saverio Milella,[['tertiary', -1], ['tertiary', -1], ['tertiary', -1]]
Via Niccolò Piccinni,[['residential', -1], ['residential', -1], ['residential', -1], ['residential', -1]]
Via Francesco Lombardi,[['residential', -1]]
Strada Torre Tresca,[['unclassified', -1], ['unclassified', -1], ['unclassified', -1], ['unclassified', -1], ['unclassified', -1], ['unclassified', -1], ['unclassified', -1]]
Via Giacomino Pugliese,[['residential', -1]]
Strada San Luca,[['pedestrian', -1], ['pedestrian', -1]]
Strada Statale Bari - Gioia del Colle,[['trunk_link', -1], ['trunk_link', -1], ['trunk_link', -1], ['trunk', '90'], ['trunk', '90'], ['secondary', -1], ['trunk', -1], ['trunk_link', -1], ['trunk_link', -1], ['trunk', -1], ['secondary', -1]]
Segreteria Studenti - Politecnico di Bari,[['footway', -1]]
Via Francesco Positano,[['residential', -1]]
Via San Tommaso D'Aquino,[['unclassified', -1], ['unclassified', -1], ['unclassified', -1], ['unclassified', -1]]
Via della Costituente,[['secondary', -1], ['tertiary', -1]]
Via Bianchi Menotti,[['residential', -1]]
Via Scipione l'Africano,[['residential', -1], ['residential', -1], ['residential', -1]]
Via Martino Cassano,[['residential', -1]]
Via Celso Ulpiani,[['unclassified', -1], ['unclassified', -1]]
Corte Altini,[['pedestrian', -1]]
Via Achille Grandi,[['unclassified', -1], ['unclassified', -1]]
Traversa via Pugliese,[['unclassified', -1]]
Piazza Isabella d'Aragona,[['residential', -1]]
Piazza Pio XII,[['unclassified', -1]]
Via Giovanni Cozzoli,[['residential', -1]]
Via Fratelli Bandiera,[['residential', -1]]
Via Paolo Aquilino,[['unclassified', -1]]
Corso Benedetto Croce,[['residential', -1]]
Via Guglielmo Lindemann,[['unclassified', -1], ['unclassified', -1], ['unclassified', -1]]
Via Ferrara,[['residential', -1]]
Via Michele Cifarelli,[['secondary', -1]]
Piazzetta 62 marinai,[['pedestrian', -1], ['pedestrian', -1], ['pedestrian', -1], ['pedestrian', -1]]
Via De Blasio,[['tertiary', -1], ['tertiary', -1], ['tertiary', -1], ['unclassified', -1]]
Via Adolfo Omodeo,[['secondary', -1], ['secondary', -1], ['secondary', -1], ['tertiary', -1]]
Via Carolina Accolti Gil Salvati,[['unclassified', -1]]
Via Giuseppe Fanelli,[['secondary', '50'], ['residential', -1], ['tertiary', '50']]
Via Nicolò Dell'Arca,[['residential', -1]]
Sottovia Santa Fara,[['primary', -1]]
Vico Ospedale Civile,[['steps', -1], ['pedestrian', -1]]
Strada Zeuli,[['pedestrian', -1]]
Via Giuseppe De Ribera,[['residential', -1]]
Via Vito Fornari,[['pedestrian', -1]]
Via Gioacchino Murat,[['service', -1], ['residential', -1]]
Via Giuseppe Sangiorgi,[['secondary', -1], ['secondary', -1], ['secondary', -1], ['secondary', '10']]
Via Capitano Michele Milano,[['residential', -1]]
Via Giovanni Pascoli,[['residential', -1]]
Via Pietro Gobetti,[['residential', -1]]
Parcheggio motocicli,[['service', -1]]
Via Papa Paolo VI,[['unclassified', -1]]
Corso Sidney Sonnino,[['residential', -1]]
Vico San Francesco della Scarpa,[['steps', -1], ['pedestrian', -1]]
Via Malta,[['residential', -1]]
Via Giacomo Tauro,[['residential', -1]]
Largo Urbano II,[['pedestrian', -1], ['pedestrian', -1]]
Via Marcello Celentano,[['residential', -1]]
Vico Santa Teresa delle Donne,[['steps', -1], ['pedestrian', -1]]
Via Giovanni Nickmann,[['unclassified', -1]]
Via Francesco Campione,[['unclassified', -1]]
Via Effrem Datto,[['unclassified', -1], ['unclassified', -1]]
Via de Rossi,[['tertiary', -1], ['tertiary', -1]]
Via Somalia,[['service', -1]]
Via Nicola De Crescenzo,[['residential', -1]]
Via Padre Mario Labarbuta,[['residential', -1]]
Via Lorenzo D'Agostino,[['residential', -1], ['residential', -1], ['residential', -1]]
Strada Santa Caterina,[['tertiary_link', -1], ['tertiary', -1], ['unclassified', -1], ['tertiary', '50'], ['tertiary_link', -1], ['tertiary_link', -1], ['tertiary', '50'], ['tertiary', -1], ['tertiary', -1], ['tertiary', -1], ['tertiary', -1], ['tertiary', '50'], ['tertiary', '50'], ['tertiary', '50'], ['tertiary_link', '40'], ['secondary_link', -1], ['tertiary', -1], ['tertiary', -1], ['tertiary_link', -1], ['tertiary', -1], ['unclassified', -1], ['tertiary', '50'], ['tertiary', -1]]
Via Libia,[['residential', -1]]
Via Leonardo Mastrandrea,[['residential', -1], ['residential', -1], ['residential', -1]]
Lungomare di Bari,[['footway', -1], ['footway', -1], ['footway', -1]]
Strada Boccapianola,[['pedestrian', -1]]
Largo Maurelli,[['pedestrian', -1]]
Vico Maurelli,[['pedestrian', -1]]
Viale Amalfi,[['service', -1]]
Via Pietro Oreste,[['residential', -1], ['unclassified', -1], ['residential', -1], ['unclassified', -1]]
Via Luigi Zuppetta,[['unclassified', -1], ['tertiary', -1]]
Via della Resistenza,[['tertiary', -1], ['tertiary', -1]]
Via Corsica,[['residential', -1]]
Corte Middorusso,[['pedestrian', -1]]
Strada Santa Chiara,[['pedestrian', -1], ['pedestrian', -1], ['residential', -1], ['pedestrian', -1]]
Via Po,[['unclassified', -1]]
Via Ugo La Malfa,[['unclassified', -1], ['unclassified', -1]]
Piazzetta Bisanzio e Rainaldo,[['pedestrian', -1], ['pedestrian', -1], ['pedestrian', -1], ['pedestrian', -1], ['pedestrian', -1], ['pedestrian', -1]]
Via Gaetano Devitofrancesco,[['residential', -1]]
Strada privata FS Lamasinata,[['service', '50'], ['service', '50']]
Anas,[['service', -1]]
Strada vicinale del tesoro,[['tertiary', '50'], ['tertiary', '50']]
Via Leonida Bissolati,[['residential', -1]]
Via Saverio Lioce,[['unclassified', -1]]
Strada del Baraccone,[['unclassified', -1], ['unclassified', -1], ['unclassified', -1], ['unclassified', -1]]
Via degli Imbianchini,[['unclassified', -1]]
Vico San Benedetto,[['pedestrian', -1]]
Piazza Aldo Moro,[['residential', -1], ['unclassified', -1], ['unclassified', -1], ['unclassified', -1], ['unclassified', -1], ['unclassified', -1], ['service', -1], ['service', -1], ['unclassified', -1]]
Piazza Federico II di Svevia,[['residential', -1], ['pedestrian', -1], ['residential', -1], ['pedestrian', -1]]
Viale Ottorino Respighi,[['residential', -1], ['residential', -1], ['residential', -1]]
Via Martiri d'Avola,[['unclassified', -1]]
Largo Sorrentino,[['pedestrian', -1]]
Via Generale Carlo Alberto Dalla Chiesa,[['residential', -1], ['unclassified', -1]]
Via Bartolo Longo,[['unclassified', -1]]
Via Cheren,[['residential', -1]]
Piazza della Libertà,[['residential', -1], ['service', -1]]
Via Vincenzo Corrado,[['residential', -1]]
Via Aristosseno,[['residential', -1], ['unclassified', -1], ['unclassified', -1]]
Strada Provinciale Modugno - Carbonara,[['secondary', -1], ['secondary', -1], ['secondary', -1], ['secondary', -1], ['secondary', -1], ['secondary', -1], ['secondary', -1], ['secondary', -1], ['secondary', -1], ['secondary', -1], ['secondary', -1], ['secondary', -1], ['secondary', -1]]
Via Alberto De Blasi,[['residential', -1]]
Via Angelico Tosti-Cardarelli,[['residential', -1]]
Agip,[['service', -1]]
Via Nicolò van Westerhout,[['tertiary', -1], ['tertiary', -1], ['tertiary', -1], ['tertiary', -1], ['tertiary', -1], ['tertiary', -1], ['tertiary', -1], ['tertiary', -1], ['tertiary', -1], ['tertiary', -1], ['tertiary', -1], ['tertiary', -1]]
Via Luigi Galvani,[['residential', -1], ['unclassified', -1]]
Via Riccardo Ciusa,[['residential', -1], ['residential', -1]]
Via Maresciallo Giuseppe di Cristo,[['unclassified', -1]]
Sottopassaggio pedonale Bari Parco Sud,[['footway', -1]]
Via Antonio De Viti De Marco,[['residential', -1]]
Via Alessandro Manzoni,[['residential', -1]]
Via Mogadiscio,[['residential', -1]]
Via Padre M. Kolbe,[['residential', -1]]
Via Giovanni Amendola,[['secondary', -1], ['secondary', -1], ['secondary', -1], ['secondary', -1], ['secondary', -1]]
Viale Bosforo,[['service', -1]]
Arco Sant'Onofrio,[['pedestrian', -1], ['pedestrian', -1], ['pedestrian', -1]]
Via Cardassi,[['residential', -1]]
Via Francesco Casavola,[['unclassified', -1]]
Via Armando Favia,[['unclassified', -1]]
Via San Giuseppe,[['unclassified', -1]]
Strada Porta Piccola San Gaetano,[['pedestrian', -1]]
Via Ammiraglio Caracciolo,[['residential', -1]]
Traversa I Buozzi Bruno,[['unclassified', -1]]
Viale Lazio,[['residential', '50']]
Via Andrea Gabrieli,[['residential', -1]]
Corso Vittorio Emanuele II,[['tertiary', -1], ['tertiary', -1], ['tertiary', -1], ['tertiary', -1], ['tertiary', -1], ['tertiary', -1]]
Vico dei Gesuiti,[['pedestrian', -1]]
Vico San Domenico,[['pedestrian', -1]]
Via Lombardia,[['residential', '50'], ['residential', -1]]
Viale Maestri del Lavoro,[['tertiary', -1], ['tertiary', -1], ['unclassified', -1], ['unclassified', -1]]
Viale dell'Artigianato,[['unclassified', -1], ['unclassified', -1], ['unclassified', -1]]
Vico Cettigne,[['service', -1]]
Via Sabino Fiorese,[['residential', -1], ['residential', -1]]
Via Filippo Turati,[['unclassified', -1], ['service', -1], ['unclassified', -1], ['unclassified', -1], ['service', -1], ['unclassified', -1]]
Strada San Benedetto,[['pedestrian', -1], ['pedestrian', -1]]
Traversa via Umbria,[['unclassified', '20']]
Via degli Incisori,[['unclassified', -1]]
Viale dei Fabbri,[['unclassified', -1]]
Via Arcivescovo Vaccaro,[['residential', -1]]
Via delle Forze Armate,[['residential', -1]]
Via Giannini,[['unclassified', -1]]
Via Giuseppe Pisanelli,[['residential', -1], ['residential', -1]]
Via Carlo Rosa,[['residential', -1]]
Via Gaetano Fiore,[['residential', -1], ['residential', -1]]
Corte Pavone,[['pedestrian', -1]]
Via Colonnello Lorenzo d'Avanzo,[['unclassified', -1]]
Via Perugia,[['residential', -1]]
Via Massimo d'Azeglio,[['residential', -1]]
Via Saverio Altamura,[['residential', -1]]
Via Rodi,[['residential', -1]]
Via Anita Garibaldi,[['residential', -1]]
Via Enrico Nannei,[['residential', -1]]
Via Guglielmo Marconi,[['residential', -1]]
Viale Archimede,[['unclassified', -1]]
Via Vincenzo de Romita,[['residential', -1]]
traversa AI8 di via Modugno,[['unclassified', -1]]
Strada Barone,[['pedestrian', -1], ['pedestrian', -1], ['pedestrian', -1]]
Via Quarnaro,[['residential', -1]]
Via Giovanni Jatta,[['residential', -1]]
Corte dei Moscatelli,[['pedestrian', -1], ['pedestrian', -1]]
Strada dei Gesuiti,[['pedestrian', -1]]
Via Cozzoli,[['residential', -1]]
Via Corrado Giaquinto,[['residential', -1]]
Via Sergio Pansini,[['unclassified', -1]]
Via Fiume,[['residential', -1]]
Strada Santa Lucia,[['pedestrian', -1]]
Via Emanuele de Deo,[['residential', -1]]
Via Grimoaldo degli Alfaraniti,[['unclassified', -1], ['unclassified', -1]]
Via Vincenzo Bonomo,[['residential', -1]]
Sottovia Luigi di Savoia,[['service', -1], ['secondary', -1], ['secondary', -1], ['secondary', -1], ['secondary', -1], ['secondary', -1], ['tertiary', -1], ['secondary', -1]]
Via Libertà,[['residential', -1], ['residential', -1]]
Via Pier L'Eremita,[['pedestrian', -1]]
Viale delle Margherite,[['unclassified', -1]]
Via Cosenza,[['residential', '50']]
Parcheggio,[['service', -1]]
Via Generale Nicola Bellomo,[['trunk', -1], ['primary', -1], ['trunk', -1], ['primary', -1], ['primary', -1]]
Via Catanzaro,[['residential', '50']]
Via Robert Schumann,[['residential', -1]]
Sottopasso Rosso,[['footway', -1], ['footway', -1], ['steps', -1], ['footway', -1]]
Via Giuseppe Saverio Poli,[['residential', -1], ['residential', -1]]
Via Sagarriga Visconti,[['residential', -1], ['residential', -1]]
Viale Luigi Corigliano,[['unclassified', -1], ['unclassified', -1]]
Via Cancello Rotto,[['unclassified', -1]]
Via Mario Rossani,[['residential', -1]]
Via Francesco Saverio Abbrescia,[['residential', -1]]
Piazza Cesare Battisti,[['pedestrian', -1]]
Largo Annunziata,[['pedestrian', -1]]
Via dei Muratori,[['unclassified', -1]]
Largo Albicocca,[['pedestrian', -1]]
Via Caduti del Lavoro,[['unclassified', -1], ['unclassified', -1]]
Via Papa Giovanni Paolo I,[['unclassified', -1], ['residential', -1], ['unclassified', -1], ['service', -1], ['service', -1], ['residential', -1]]
Via De Robertis,[['residential', -1]]
Via Salvo D'acquisto,[['unclassified', -1]]
Via Roberto il Guiscardo,[['pedestrian', -1]]
Strada Vanese,[['pedestrian', -1], ['pedestrian', -1], ['pedestrian', -1], ['pedestrian', -1], ['pedestrian', -1]]
Strada Re Manfredi,[['pedestrian', -1]]
Via Papa Urbano VI,[['unclassified', -1], ['unclassified', -1]]
Strada San Gaetano,[['pedestrian', -1]]
Via Potenza,[['unclassified', -1]]
Corte Lascia fare a Dio,[['pedestrian', -1], ['pedestrian', -1]]
Via Giambattista Bonazzi,[['residential', -1], ['residential', -1]]
Corte Azzareo,[['pedestrian', -1]]
Via Sicilia,[['residential', '50']]
Peugeot - Martino,[['service', -1]]
Vico Arco del Carmine,[['pedestrian', -1]]
Via Alessandro Volta,[['residential', -1]]
Via Salvatore Cognetti,[['residential', -1], ['secondary', -1], ['residential', -1]]
Via Pietro Colletta,[['unclassified', -1]]
Viale Domenico Cotugno,[['primary', -1], ['primary', -1], ['primary', -1], ['primary', -1]]
Via Beethoven,[['residential', -1]]
Via Giovanni Paesiello,[['residential', -1]]
Via Pasquale Villari,[['residential', -1]]
Via Martiri d'Otranto,[['residential', -1], ['residential', -1]]
Corso Trieste,[['secondary', -1], ['secondary', -1], ['secondary', -1], ['secondary', -1], ['secondary', -1]]
Corso Alcide de Gasperi,[['tertiary', '50'], ['tertiary', '50'], ['tertiary', '50'], ['tertiary', '50'], ['tertiary', '50'], ['tertiary', '50']]
Via Santa Rita da Cascia,[['residential', -1]]
Via Giovan Battista Trevisani,[['residential', -1], ['residential', -1]]
Via Sassari,[['residential', '50']]
Parcheggio Coop,[['service', -1]]
Varco della Vittoria,[['service', '30'], ['service', '30'], ['service', '30'], ['service', '30'], ['service', '30'], ['service', '30']]
Via Generale Bonomo,[['tertiary', -1], ['tertiary', -1]]
Via Antonio De Ferraris,[['residential', -1]]
Via Molise,[['residential', -1]]
Via Vito Nicola di Nicolò,[['residential', -1]]
Arco Santo Spirito,[['pedestrian', -1], ['pedestrian', -1], ['pedestrian', -1]]
Corte del Catapano,[['pedestrian', -1], ['pedestrian', -1], ['pedestrian', -1], ['pedestrian', -1]]
Via degli Orafi,[['unclassified', -1]]
Largo Ignazio Ciaia,[['residential', -1], ['residential', -1], ['residential', -1]]
Via Giuseppe Zanardelli,[['residential', -1]]
Via Canio Musacchio,[['residential', -1]]
Via Adriatico,[['tertiary', -1], ['pedestrian', -1]]
Corso Mazzini,[['residential', -1], ['residential', -1], ['residential', -1]]
Showville,[['service', -1]]
Viale Mediterraneo,[['pedestrian', -1]]
Via Caduti del 28 Luglio 1943,[['residential', -1], ['residential', -1]]
Via Vincenzo Aulisio,[['unclassified', -1]]
Via Giacomo Matteotti,[['residential', -1]]
Via Raffaele de Cesare,[['residential', -1]]
Corte Ventura,[['pedestrian', -1]]
Viale Vittorio Emanuele Orlando,[['tertiary', -1]]
Arco della neve,[['pedestrian', -1]]
Via Adige,[['residential', -1], ['unclassified', -1]]
Via Muciaccia,[['residential', -1]]
Via Giuseppe Bottalico,[['residential', -1]]
Via San Lorenzo,[['residential', -1]]
Via Nicola Pende,[['unclassified', -1], ['unclassified', -1], ['unclassified', -1]]
Via Nicola de Giosa,[['secondary', -1]]
Via Carlo Collodi,[['residential', -1], ['residential', -1]]
Via San Rocco,[['unclassified', -1]]
Via Che Guevara,[['unclassified', -1]]
Via dei Gerani,[['tertiary', -1], ['tertiary', -1], ['tertiary', -1], ['tertiary', -1], ['tertiary', -1], ['tertiary', -1], ['tertiary', -1], ['tertiary', -1]]
Via Goffredo Mameli,[['residential', -1]]
Strada dietro San Vito,[['pedestrian', -1]]
Piazza Umberto I,[['residential', -1], ['residential', -1], ['residential', -1], ['residential', -1]]
Strada Borrelli,[['service', -1], ['residential', -1]]
Piazza dell'Odegitria,[['pedestrian', -1], ['pedestrian', -1], ['pedestrian', -1]]
Via Papa Benedetto XIII,[['unclassified', -1], ['unclassified', -1]]
Viale Luigi Sturzo,[['secondary', -1], ['secondary', -1]]
Via Matera,[['unclassified', -1]]
Via Vitantonio De Bellis,[['unclassified', -1]]
Via Myra,[['unclassified', -1]]
Complanare Est,[['secondary', -1], ['secondary', -1]]
Via Tanzi,[['residential', -1]]
Via Nicola Tridente,[['residential', -1], ['residential', -1], ['residential', -1], ['residential', -1], ['residential', -1], ['residential', -1]]
Via San Corrado,[['unclassified', -1]]
Via Francesco Lattanzio,[['secondary', -1]]
Strada Stoppelli,[['service', -1], ['service', -1], ['service', -1]]
Viale Giovanni Falcone e Paolo Borsellino,[['unclassified', -1], ['unclassified', -1], ['unclassified', -1], ['unclassified', -1]]
Via Federico Hermann,[['residential', -1]]
Via Vincenzo Sassanelli,[['unclassified', -1]]
McDrive,[['service', '20'], ['service', -1], ['service', -1]]
Strada Albicocca,[['pedestrian', -1]]
Via Robert Kennedy,[['unclassified', -1], ['unclassified', -1], ['residential', -1]]
Via Niceforo,[['unclassified', -1], ['unclassified', -1], ['residential', -1]]
Via Pisani,[['residential', -1]]
I Traversa Brigata Regina,[['residential', -1]]
Piazza Redentore,[['pedestrian', -1], ['residential', -1], ['residential', -1]]
Via Amendola,[['residential', -1]]
Via Luigi Luzzatti,[['residential', -1]]
Via Beata Elia di San Clemente,[['tertiary', -1]]
Strada Lonigro,[['residential', -1]]
Piazza Sant'Anselmo,[['pedestrian', -1]]
Via Bruno Buozzi,[['primary', -1], ['primary', -1], ['primary', -1], ['primary', -1], ['primary', -1]]
Via V. Lonero,[['residential', -1]]
Sottovia Quintino Sella,[['tertiary', -1], ['tertiary', -1], ['tertiary', -1], ['tertiary', -1], ['tertiary', -1], ['tertiary', -1]]
Via Cesare Diomede Fresa,[['unclassified', -1]]
Via San Francesco d'Assisi,[['residential', -1], ['unclassified', -1], ['unclassified', -1], ['residential', -1], ['unclassified', -1]]
Via Alberotanza,[['residential', -1]]
Via Carlo Perrone,[['residential', -1]]
Via Giuseppe Musci,[['unclassified', -1]]
Via Martiri delle Foibe,[['unclassified', -1], ['unclassified', -1], ['unclassified', -1]]
Strada rurale del torrente Balice,[['track', -1]]
Viale Nicola Dell'Andro,[['unclassified', -1], ['unclassified', -1], ['unclassified', -1], ['unclassified', -1], ['unclassified', -1], ['unclassified', -1], ['unclassified', -1], ['unclassified', -1]]
Viale Giuseppe Tatarella,[['secondary', '50'], ['secondary_link', -1], ['secondary_link', -1], ['secondary', -1], ['secondary', '50']]
Via Mantova,[['residential', -1], ['residential', -1]]
Via Monte San Michele,[['residential', -1]]
Largo Don Franco Ricci,[['service', -1]]
Largo 2 Giugno,[['tertiary', -1], ['tertiary', -1], ['secondary', -1]]
Via Barisano Da Trani,[['residential', -1]]
Via Papa Innocenzo XII,[['residential', -1], ['residential', -1]]
Via Angelo Bassi,[['residential', -1]]
Strada Nucciaserra,[['pedestrian', -1]]
Via Spalato,[['residential', -1]]
Strada Attolini,[['pedestrian', -1]]
Via Istria,[['residential', -1]]
Via Generale Dalla Chiesa,[['service', -1]]
Vico San Gaetano,[['pedestrian', -1]]
Via Carlo Pisacane,[['residential', -1], ['residential', -1]]
Viale Orazio Flacco,[['tertiary', -1], ['tertiary', -1]]
Via Messapia,[['residential', -1]]
Via Siponto,[['unclassified', -1], ['unclassified', -1]]
Piazzale Don Bosco,[['pedestrian', -1]]
Via Edmondo Caccuri,[['residential', -1], ['unclassified', -1], ['residential', -1], ['residential', -1], ['residential', -1]]
Angiulli,[['service', -1], ['service', -1], ['service', -1]]
Viale Tirreno,[['pedestrian', -1]]
Via Caduti del lavoro,[['unclassified', -1]]
Via dei Falegnami,[['unclassified', -1]]
Piazza Mercantile,[['pedestrian', -1]]
Vico Capurso,[['residential', -1]]
Via Giorgio Skanderbeg Castriota,[['residential', -1]]
Via Pionieri del Commercio Barese,[['unclassified', -1], ['unclassified', -1], ['unclassified', -1]]
Via Daniele Petrera,[['residential', -1], ['residential', -1]]
Viale Francesco de Blasio,[['tertiary', -1], ['tertiary', -1]]
Via Giorgio la Pira,[['unclassified', -1]]
Via Guglielmo Appulo,[['unclassified', -1]]
Corso Alcide De Gasperi,[['residential', '20']]
Stradella Massimi,[['unclassified', -1], ['unclassified', -1], ['unclassified', -1]]
Via Andrea da Bari,[['residential', -1], ['residential', -1], ['residential', -1]]
Via Ricciotto Canudo,[['residential', -1]]
Via Guido De Ruggiero,[['residential', -1]]
Via Giosuè Carducci,[['residential', -1], ['residential', -1]]
Via Gaetano Filangieri,[['residential', -1]]
Lungomare Imperatore Augusto,[['secondary', -1], ['secondary', -1]]
Via Biagio Grimaldi,[['residential', -1], ['residential', -1]]
Via Magna Grecia,[['secondary', -1], ['secondary', -1], ['secondary', -1], ['secondary', -1], ['secondary', -1]]
Via Olbia,[['residential', '50']]
Via Giuseppe Rocca,[['unclassified', -1]]
Via Nazionale,[['tertiary', -1], ['tertiary', -1], ['tertiary', -1], ['tertiary', -1], ['tertiary', -1], ['tertiary', -1], ['unclassified', -1], ['tertiary', -1]]
