Via Giuseppe La Villa,30
Largo Testa Arrigo,-1
Via Giuseppe Cimbali,30
Via Cardinale Guglielmo Massaia,30
Vicolo Giuseppe Vitale,-1
Vicolo Vannucci,-1
Via Giovanni Di Stefano,50
Via Cau Lussorio,-1
Via Salvatore Lo Bianco,30
Via Torremuzza,30
Via del Fondaco,-1
Via Generale Cascino Antonino,30
Via Nunzio Morello,30
Via Emilio D'Angelo,30
Via Gustavo Roccella,30
Via Emanuele Morselli,30
Via Castellana Bandiera,30
Via Scopari,30
via Luigi Vanvitelli,30
Salita Giuseppe Artale,30
Via Ernesto Teodoro Moneta,-1
Via Salvatore Tomasino,30
Via Vittorio Ducrot,-1
Via Filippo Paruta,-1
Piazza degli Aragonesi,30
Via Due Vanelle,-1
Metropark,-1
Via Rua Formaggi,30
Via XXVII Maggio,30
Via Marabitti,30
Via sulle Mura di Porta Montalto,70
Salita Santi Romano,30
Via Mura della Lupa,30
Via Eustachio Catalano,30
Largo Edrisi,30
Via Vito La Mantia,30
Via dei Nebrodi,30
Via Pietro Paolo Rubens,30
Via Francesco Guardione,30
Via G. Besio,-1
Via Sampolo,-1
Via Generale Eugenio di Maria,30
Piazzale John Lennon,30
Via Gaetano Sgarlata,30
Via Ruggero Marturano,30
Via ai Fossi,30
Via Camillo Conte Benso di Cavour,-1
Via Giuseppe Spatafora,30
Via Corrado Avolio,30
Via Olanda,30
Via Giovanni Campisi,30
Vicolo dell'Ospedale,30
Via Trinacria,30
Via Boccadifalco,50
Via Arcangelo Leanti,-1
Via Collegio di Maria Al Borgo,30
Cortile del Capraio,-1
Via Eugenio Montale,-1
Via Sebastiano La Franca,30
Via Giacomo Longo,30
Via Circonvallazione,-1
Vicolo Madonna del Cassaro,-1
Piazzetta Antonio Pasqualino,-1
Via San Sebastiano,30
Vicolo Lettighieri,-1
Via Alessandro Paternostro,30
Salita Mura delle Cattive,30
Vicolo Cadomai,-1
Via Goethe,-1
Via Sirio,-1
Via dell'Allodola,-1
Via Magione,30
Via Nicolò Machiavelli,30
Via Colleggio Giusino,-1
Largo Antonio Sellerio,70
Via Isnello,30
Via Cipressi,30
Via Vittorio Zaban,-1
Via dei Nassiuoli,30
Via della Giarra,30
Via Spaccaforno,30
Via Pio La Torre,-1
Via Nunzio Nasi,30
Via Mulini,30
Via Augusto Elia,30
Via Maggiore Giuseppe Amari,-1
Piazzetta San Cosmo,30
Via Rocco Pirri,30
Autostrada Palermo-Catania,130
Via Pietro Geremia,30
Vicolo Meschita,-1
Largo Campofiorito,30
Piazza Pietro Novelli,-1
Via Grado,30
Via Pietro Mignosi,30
Via del Salice,-1
Via Zara,30
Via Pier Luigi Deodato,-1
Via Corrado Lancia,30
Via Ernesto Lugaro,30
Via Guido delle Colonne,30
Via delle Pergole,30
Cortile Maqueda,-1
Via Albergheria,30
Vicolo Teatro Bellini,-1
Via Gaspare Serenario,30
Via Resuttana,30
Piazza San Francesco d'Assisi,-1
Piazza Sant'Onofrio,30
Via Toscana,30
Vicolo dei Benedettini,30
Via Al Convento di Baida,30
Via Catalano,-1
Via Giovan Battista Vaccarini,30
Via Aloi,-1
Via Madre Carmela Prestigiacomo,30
Piazza del Ponticello,30
Viale Teocrito,30
Via Palchetto,-1
Via Raffaele La Valle,30
Vicolo Vernagallo,-1
Via Alberto Rallo,30
Via G.Mustica,-1
Piazza Zisa,30
Via Termini,30
Via Agostino Gallo,30
Via Teatro Garibaldi,30
Via Carmelo Onorato,-1
Via della Regia Zecca,30
Via Crociferi,30
Salita della Intendenza,30
Via Francesco Matera,30
Via Giacomo Puccini,30
Via Pasquale Prestisimone,30
Via Cesare Battisti,30
Via Valverde,30
Vicolo Averna,-1
Via Brigata Verona,-1
Via Portogallo,30
Piazza Meschita,30
Via Mammana,-1
Vicolo della Grotta,-1
Vicolo delle Vergini,-1
Via Santa Rita,30
Via Santissimo Salvatore,30
Via Maio Biondo,-1
Piazzetta Lucrezia Brunaccini,30
Via Aldo Pinelli,30
Largo La Loggia,30
Via Cluverio,30
Largo Cavalieri di Malta,30
Vicolo delle Travi,-1
Via Enrico Toti,30
Largo Camastra,30
Via Girolamo Grimaldi,-1
Via delle Industrie Navali,-1
Corso Re Ruggero,70
Largo Leone XIII,30
Via Centuripe,-1
Corso Alberto Amedeo,50
Via Stefano di Chiara,30
Piazzetta Luigi La Porta,30
Fondo Galletti,-1
Via Val Demone,30
Via Francesco Pasqualino,30
Via Salvatore Bertini,30
Via Roccazzo,50
Vicolo del Sant'Uffizio,-1
Via Buzzanca,-1
Via Ugo Foscolo,30
Via Simone Schiaffino,30
Via Ammiraglio Thaon de Ravel,30
Cortile Balate,-1
Via Puglia,30
Via Li Puma,-1
Via Agordat,30
Via Tiziano,30
Via Messina Marine,70
Via Cosmo Guastella,30
Via Oreto,70
Via Clemente Cornella,-1
Via Carlo Botta,30
Largo Ettore Romagnoli,30
Via Argisto Giuffredi,30
Via Giuseppe Zarbo,30
Vicolo del Monte,-1
Piazza Strauss,30
Largo Medaglie D'Oro,-1
Via S.97,-1
Via Piedilegno,30
Via Francesco Testa,30
Vicolo Placido Viola,-1
Via Flavio Gioia,-1
Piazza Marina,30
Via Generale Magliocco,-1
Via Manfredi Barogno,30
Via Salvatore Spinuzza,30
Via G. Ragusa,-1
Piazza Alberico Gentili,30
Via F. Liardo,-1
Via Francesco Maurolico,30
Via Re Martino,30
Via Grande Lattarini,30
Via Niccolò di Carlo,30
Via Napoli,30
Via Umberto Giordano,30
Via Marchese di Villabianca,30
Vicolo Grifotta,-1
Piazza San Giorgio dei Genovesi,30
Via Francesco De Sanctisw,-1
Via Villa Barbera,30
Via Ludovico Antonio Muratori,30
Via Chiavettieri,-1
Piazzetta San Giorgio,-1
Via Principe di San Giuseppe,30
Via Ausonia,-1
Via Antonio De Saliba,30
Via Chiappara al Carmine,30
Via Michele Piazza,30
Via Castrofilippo,30
Via Santa Maria del Piliero,30
Via Sabotino,30
Via Ruffo di Calabria,-1
Via Enrico Ferruzza,-1
Via Vincenzo Barbera,30
Via San Giosafat,30
Viale Praga,30
Largo Siviglia,30
Via Calascibetta,30
Vicolo Agalbato,30
Via Filippo Orioles,30
Vicolo del Bosco,-1
Via Pandolfini,-1
Via Giovanni Bonanno,30
Via Vito Sorba,30
Piazzale Ungheria,30
Vicolo Stalluzza,-1
Via Marchese di Roccaforte,-1
Piazza Bellini,-1
Porta dei Greci,30
Via Pastore Giulio,30
Via Briuccia,30
Piazza Matteotti,-1
Via Benedetto Civiletti,30
Via Lampionelli,30
Piazza Thomas Edison,30
Via Ferrari orsi,-1
Via Giuseppe Basile,30
Via Saverio Landolina,30
Via Carmelo Lazzaro,30
Via Rosselli,30
Via Pindemonte,-1
Via Stazzone,30
Vicolo Pilicelli,-1
Vicolo Lo Castro,30
Piazza Vittorio Veneto,-1
Vicolo Greco,-1
Piazza Virgilio,50
Via Giovanni Aurispa,30
Via Gioacchino di Marzo,30
Via Isidoro La Lumia,30
Via Saverio Cavallari,30
Via Guglielmo Albimonte,30
Via Vann'antò,30
Via Vittorio Alfieri,30
Via Felice Bisazza,30
Via dei Frangiai,-1
Piazzetta Saponeria,30
Via Ruggerone da Palermo,30
Piazzetta Casa Professa,30
Via Alessandro La Marmora,30
Via Cutò,30
Via Altofonte,50
Via Carlo Alberto Garufi,30
Via Luigi Giannettino,30
Discesa dei Giovenchi,30
Piazza Sant'Oliva,30
Via Umberto I,50
Piazza Castelnuovo,50
Vicolo dell'Abbadia,-1
Via Giuseppe Ingegneros,30
Cortile Lampedusa,30
Piazza San Giovanni Decollato,30
Via Pippo Rizzo,-1
Piazza Papireto,30
Vicolo San Giovanni Crisostomo,-1
Via Luigi Sarullo,-1
Via Gian Filippo Ingrassia,-1
Via Houel,-1
Via Natale Mondo,30
Via Miceli,30
Via Simone Corleo,30
Via Giovanni Pascoli,30
Via Gioeni,30
Via Liborio Giuffrè,30
Viale Regina Margherita,30
Via Ragusa Moleti,-1
Via Mario Rapisardi,30
Via Parrocchia dei Tartari,30
Via Padre Cangemi,30
Via della Concezione,30
Via M.P. Marcatajo,-1
Via Aleardo Aleardi,30
Via Giovanni Gentile,30
Via Andrea Cirrincione,30
Via Monfenera,30
Via Liguria,30
Piazza Enrico D'Orleans,30
Via Simone di Bologna,-1
Via Paolo Paternostro,50
Piazzetta Santa Sofia,30
Via Lume,-1
Via Riccardo da Lentini,-1
Via Michele Collura,30
Via San Vincenzo de' Paoli,30
Largo primavera,30
Vicolo delle Ruote,-1
Via Lampedusa,30
Via Ammiraglio Gustavo Nicastro,30
Via G. Stazzone,-1
Via Imera,30
La Vucciria,-1
Passaggio Gino Marinuzzi,-1
Via Generale Carlo Alberto Dalla Chiesa,-1
Vicolo dello Zingaro,-1
Via Pietro Platania,30
Piazzale degli Alpini,-1
Vicolo Felice,30
Largo Villaura,30
Piazza Crispi,50
Via Alberto Favara,30
Piazzetta Zimmalari,30
Via Fiorello La Guardia,30
Via Antonio Tantillo,30
Via Giovanni Travaglia,30
Via Saverio Latteri,30
Via Trieste,30
Via 20 settembre,30
Viale Strasburgo,30
via Giorgio Di Faccio,30
Piazzetta Visita Poveri,30
Via Quattro Coronati,30
Via Rosario Gregorio,30
Via Filippo Turati,-1
Via Pomara,70
Via Valerio Villareale,30
Viale Ercole,70
Via Bernardino d'Ucria,30
Via Francesco Lo Jacono,30
Via Falzone,-1
Via Scorzadenaro,-1
Via Normanni,-1
Via Marchese Ugo,30
Piazza Borsa,30
Via Pietro Villasevaglios,30
Via Padre Francesco Spoto,30
Via Calogero Cangelosi,30
Via dell'Ancora,30
Via Fiume,30
Via Salvatore Cappello,-1
Via B. Bonaiuto,-1
Via Filippo Evola,30
Via Giorgio D'Antiochia,30
Cortile Tre Denari,-1
Vicolo Caracausi,-1
Piazza Domenico Peranni,-1
Via Belvedere,30
Via Filippo Marini,30
accesso parking sotterraneo,-1
Via Scipione Li Volsi,30
Via Ernesto Tricomi,30
Via Germania,30
Via Alia,-1
Via Montesanto,30
Piazza Principe di Camporeale,30
Via Sicilia,-1
Via Domenico Di Marco,30
Via A. Giardina,-1
Via Rosario Ponziano,30
Via San Giovanni Bosco,30
Piazza Carlo Maria Ventimiglia,30
Via Cesare Bione,-1
Piazza Porta Carini,-1
Via Tina di Lorenzo,30
Via Agostino Todaro,30
Via Volturno,30
Via Austria,-1
Via Piersanti Mattarella,-1
Via G. Benincasa,-1
Via Salvatore Spataro,30
Piazza Tredici Vittime,30
Via Casalaina,30
Via Francesco Paolo di Blasi,30
Via Scipione di Castro,30
Via Brigata Aosta,30
Piazza dell'Origlione,30
Via Ennio Flaiano,30
Via Pietro Ruzzolone,30
Via Paolo Giocoso,-1
Via Scippateste,30
Via Trapezzato,30
Via Francesco Baiardi,-1
Via Ildebrando Pizzetti,30
Piazza Ingastone,30
Strada Vicinale Carmine,-1
Via Giovanni Chiaramonte,30
Via della Libertà,30
Vicolo della Pietà a Palazzo Reale,30
Via Tommaso Laureto,30
Vicolo Gallo,-1
Vicolo Inguaggiato,-1
Via Squarcialupo,30
Via Alessandro Telesino,30
Via Montenero,30
Via Tavola Tonda,-1
Via Gian Matteo Giberti,30
Piazzetta Luigi Boglino,30
Via Terrasanta,-1
Discesa Masanello,-1
Via Lungarini,30
Via Gaetano Lodato,50
Via Gioacchino Arnone,-1
Via Lilibeo,30
Piazza Baronio Manfredi,30
Via dei Peloritani,30
Passaggio dei picciotti,-1
Vicolo Cassetta,-1
Via Rosina Muzio Salvo,30
Via Atenasio,-1
Via delle Croci,30
Vicolo San Giuseppe d'Arimatea,-1
Via Monte Le Merle,30
Via dei Credenzieri,30
via Furetto Orazio,30
Via Giuseppe Giusti,30
Via Istria,30
Via Maggiore Francesco Perni,30
Via Villa Verona,30
Cortile Montecharo 2°,-1
Via Cosenza,30
Via Giovanni Antonio Viperano,30
Via Ambra,-1
Vicolo dei Calzonai,-1
Via Gaetano Filangeri,30
Largo Giacomo Carissimi,30
Via Nicolò Spedaleri,30
Piazza Giuseppe Verdi,30
Via Fratelli Orlando,30
Via Antonio Crescenzio,30
Largo Luigi Cherubini,30
Vicolo Leone,-1
Via Benedetto Castiglia,30
Via G. Cimabue,-1
Via Giovanni da Verrazzano,30
Largo Olanda,30
Viale Regione Siciliana Nord Ovest,90
Via Giovanni de Cosmi,30
Via Pietro D'aragona,30
Via Michele Amari,30
Via Generale Ameglio Giovanni,30
Piazza Borgo Vecchio,-1
Via Giovanni Bocchieri,30
Via Pietro Amodei,30
Via Collegio Romano,-1
Via Antonino Cassarà,50
Via Giovanni Villani,30
Via Fontana del Drago,50
Via Rosario Gerbasi,30
Via del Celso,30
Via Principe di Resuttano,-1
Salita dell'Annunziata,-1
Vicolo Scicli,-1
Via A. lo Monaco Ciaccio,-1
Via Matteo Dominici,30
Piazza Uditore,-1
Vicolo Tunisi,-1
Via Morozzo della Rocca,30
Vicolo Cappellieri,-1
Via dei Tornieri,30
Via Di Liberti,50
Via F. di Giovanni,-1
Via Giuseppe Sciuti,-1
Via D. Tempio,-1
Via Tasca Lanza,-1
Via Carmelo Raiti,-1
Via Franz Fischietti,30
Via Regina Bianca,30
Viale del Fante,50
Piazza Conte Federico,-1
Via Empedocle Restivo,-1
Via Agrigento,30
Via Giovanni Mira,30
Via G. di Stefano,-1
Via Luparello,50
Via Filippo Patti,30
Salita San Francesco,30
Via Fonderia Oretea,30
Via Salemi,-1
Piazza Micca,-1
Via Florio,30
Via Pietro Messineo,30
Via Antonio de Gregorio,30
Piazza XIII Vittime,-1
Via Rocco Jemma,30
Via Rosario Riolo,30
Via Nove Maggio 1943,30
Via Carmelo Trasselli,-1
Via dei Seggettieri,30
Via Alaimo da Lentini,30
Via Selinunte,30
Vicolo Scafidi,-1
Via Filippo Juvara,30
Via Gabriele D'Annunzio,30
Via Palermo,50
Via della Vetriera,30
Vicolo Pipitone,-1
Via delle Case Nuove,30
Piazza Due Palme,-1
Via Rosario Salvo,-1
Vicolo Carini,-1
Via Vincenzo Fici,30
Via Stanislao Cannizzaro,30
Via dello Speziale,30
Discesa di Candelai,-1
Via Giacomo Cusmano,-1
Via Salvatore Aldisio,30
Vicolo Infermeria dei Cappucini,-1
Via Principe di Granatelli,30
Via Conciliazione,30
Via Paolo Emiliani Giudici,30
Via Littore Ragusa,30
Piazza Noviziato,30
Via Don Michele Rua,-1
Piazza Cappuccini,30
Via Benedetto Balsamo,30
Strada Provinciale 69 di Monreale,50
Via Francesco Paolo Perez,30
Piazzetta Rosario La Duca,-1
Via Riccardo Zandonai,30
Via Norvegia,30
Via Padre Guseppe Puglisi,30
Via Francesco Petrarca,30
Via dell'orsa maggiore,50
Vicolo I Appalto,-1
Via Costantino Nigra,30
Via Valderice,30
Via Sperone,-1
Vicolo Parrini,-1
Via San Ciro,-1
Via Eugenio Morici,-1
Via Arcangelo Coreli,30
Via Emanuele Notarbartolo,-1
Vicolo Monacelli,-1
Via del Monte,30
Vicolo Zisa,30
Via Cesare Airoldi,30
Via Oneto,-1
Via Val di Mazara,30
Viale della Libertà,-1
Via Lenin Mancuso,-1
Via Dogali,30
Via Tommaso Lo Cascio,30
Via Montecarlo,30
Via Epicarno,30
Via dell'Orsa Minore,50
Vicolo Guascone,-1
Via Gian Giacomo Adria,30
Via M. 19,30
Viale Regione Siciliana Sud Est,90
Via Maltese,30
Via S. Cappello,-1
Via Domenico Scinà,30
Via Benedetto Baldi,30
Via dei Leoni,30
Via Alfa Primo,30
Cortile Lucia,-1
via Uditore,50
Via Trabia,30
Via Giuseppe Pagano,-1
Via Antonio Ugo,-1
Via Tommaso de Vigilia,30
Vicolo Cacciatore,-1
Via Papa Giovanni XXIII,50
Via Cardinale Tomasi,30
Via Taormina,30
Vicolo Faia,30
Via gino funaioli,-1
Via dei Quartieri,50
Via Sammartino,30
Via Mariano Accardo,-1
Via Bernardino Molinari,30
Via Generale Francesco Salemi,-1
Via Generale Giuseppe Arimondi,30
Via Tripoli,30
Via Mario Cutelli,30
Via Pantelleria,-1
Vicolo Trugliari,-1
Via Generale Vincenzo Streva,30
Via dello Spirito Santo,30
Largo San Michele Arcangelo,30
Via Ciullo d'Alcamo,30
Via Luigi Cosenz,30
Vicolo della Rosa Bianca,-1
Vicolo Madonna,-1
Via Moggia,30
Via Enrico Fermi,30
Via Ben Giobair,-1
Vicolo Santa Maria Maggiore,-1
Via Manin,30
Via San di Savio,-1
Via Spagna,30
Via Leonardo Di Bartolomeo,30
Via Antonio Veneziano,50
Via dei Tintori,30
Via Augusta,-1
Via Sacra Famiglia,30
Via Michele del Bono,30
Via Tommaso Marcellini,30
Via Alfonso il Magnanimo,30
Via Argentieri,-1
Via Antonino Alfano,30
Via Antonino Laudicina,50
Via Tommaso Gargallo,30
Via Val Platani,30
Via Antonio Fanaro,30
Via delle Madonie,30
Vicolo San Carlo,30
Via Barresi,-1
Via Svizzera,30
Via del Ponticello,30
Via Salvatore Lo Forte,30
Via Napolitani,30
Via Prospero Intorcetta,30
Piazzale Anelli,-1
Via Franco Lucchini,30
Via Ottavio d'Aragona,30
Vicolo Valguarnera,30
Via Padre Giorgio Guzzetta,30
Vicolo Giancola,-1
Piazza del Carmine,30
Via Virgilio La scola,-1
Via Siracusa,50
Cortile Gucciardi,30
Via Camillo Randazzo,-1
Via Simone Cuccia,30
Via Enzo Biagi,50
Via Marche,30
Via Patuano,30
Via Diego Orlando,30
Via Giacomo Leopardi,-1
Piazza Ponte Ammiraglio,-1
Via Francesco Ferrara,30
Salita Partanna,30
Via Pietro Donato,-1
Piazzetta Benedetto Cairoli,-1
Vicolo Niscemi,-1
Via Turchia,-1
Via Don Orione,30
Strada Vicinale San Martino,30
Piazza Albert Einstein;Viale Regione Siciliana Nord Ovest,-1
Via Michele Schiavo,30
Via Acireale,-1
Via Florestano Pepe,30
Via Cesare Terranova,-1
Via Matteo Musso,30
Via Giorgio Gemellaro,30
Via Abruzzi,30
Via Gioacchino Rossini,30
Via Carmelo Pardi,30
Via Imperatore Federico,-1
Via Giardinaccio,30
Via Generale Domenico Chinnici,-1
Via Corradino di Svevia,30
Via Nicolò Turrisi,50
Via Valenza,30
Piazza Bologni,30
Via Caravaggio,30
Via Zoppo di Gangi,30
Piazza Sant'Anna,-1
Piazza Tosti,50
Via Erice,-1
Piazzale Louis Pasteur,-1
Via Sant'Agata alla Guilla,30
Via del Pallone,30
Via Maggiore Giuseppe Galliano,30
Via La Venia,-1
Via Pietro Novelli,50
Via Molara,50
Viale Leonardo da Vinci,-1
Corso Calatafimi,50
Via Ferdinando Ferri,30
Via Giotto,30
Via Giovan Battista Ughetti,30
Via Mario Adorno,-1
Via Cristofaro Scobar,30
Via Principe di Paternò,-1
Via Benedetto D'Acquisto,30
Via monte erta,-1
Via Giuseppe di Bartolo,-1
Via De Borch,30
Via degli Orti,30
Via Firenze,30
Via San Giovanni alla Guilla,30
Via fileti,30
Via Arcivescovado,50
Via Di Stefano,-1
Via Romagna,30
Piazza Noce,50
Via Quinta Casa,30
Piazza Francesco Restivo,30
Via Ugo Bassi,30
Vicolo Abela,-1
Via Paolo Balsamo,70
Via Vincenzo Riolo,30
Via Pistoia,30
Via Domenico Trentacoste,50
Via Niccolò Garzilli,30
Vicolo Alloro,-1
Via Guglielmo Pecori Giraldi,-1
Via Belmonte,50
Via Vincenzo Barone,-1
Via Mariano Migliaccio,50
Via Padre Ennio Pintacuda,-1
Via Saitta,-1
Via Emanuela Loi,-1
Via del Fervore,30
Largo Cherubini,30
Via Duca degli Abruzzi,30
Via Nuova,50
Piazza Ottavio Ziino,50
Via Andrea Cesalpino,30
Via Guadagna,30
Via Umberto Solarino,30
Via Gorgia da Lentini,30
Vicolo Pandolfini,30
Via Spinuzza,30
Piazza Beati Paoli,30
Via Francesco Omodei,30
Via della Vela,30
Via Mongerbino,30
Via Giovanni Battista Impallomeni,30
Via G. Zumbo,-1
Via Giuseppe Recupero,30
Vicolo del Crivellaro,-1
Via Rosolino Tusa,-1
Vicolo Pistone,-1
Via Giuseppe Impastato,30
Via Giacomo Serpotta,30
Via Uditore,50
Via Giovanni Alfredo Cesareo,30
Via Umberto Maddalena,-1
Via della Ruota,30
Via Camillo Benso Conte di Cavour,-1
Vicolo Mezzani,-1
Vicolo Marotta,-1
Via Cavalieri di Vittorio Veneto,30
Piazza Unità D'Italia,30
Via Sambucia,-1
Vicolo Pensato,30
Via Ammiraglio Gravina,30
Via Onorato,30
Via Andrea D'antoni,30
Via Domenico Russo,-1
Via Centorbe,-1
Via Pannieri,-1
Via Ferdinando Palasciano,30
Via Ricasoli,30
Via Ottorino Respighi,-1
Via Biagio Pace,30
Via Giovanni Verga,30
Via Leonardo Ximenes,30
Via Marco Polo,30
Vicolo del Ponticello,30
Via A. Scandaliato,30
Via Papa Pio X,30
Via dell'Incoronazione,30
Vicolo del Giglio,30
Via G. Cammarano,-1
Via Zisa,30
Cortile Judaica,30
Via Al Casale Settimo,30
Via Sanfilippo,30
Via del Granatiere,-1
Via Giuseppe Paratore,-1
Via Giovanni Pacini,30
Vicolo Cassarelli,30
Via Beati Paoli,30
Via Francesco Domenico Guerrazzi,30
Via Gino Marinuzzi,-1
Via Mura della Pace,30
Via Ernesto Basile,70
Via Molise,30
Via della Sfera,30
Via del Bastione,50
Via Antonino della Rovere,30
Via Emerico Amari,-1
Via Montepellegrino,70
Via Segesta,30
Piazza Aragona,30
Via D'ossuna,30
Piazza del Monte di Pietà,30
Cortile Pirrello,30
Via Vincenzo Cantavespri,30
Via Lussemburgo,30
Via Salvatore Cannarozzo,30
Via Buonriposo,-1
Via dell'Artigliere,-1
di Monreale,50
Via Colleggio al Carmine,30
Discesa Vicerè Caracciolo,-1
via Margifaraci,-1
Via Danimarca,30
Via Salvatore Morso,30
Via Veneto,30
Via Franco Faccio,30
Via Montalbo,30
Vicolo Gesù e Maria a Palazzo Reale,-1
Via Giuseppe Garibaldi,30
Via G. F. Basile,30
Via Ugo La Malfa,50
Vicolo Cannata,-1
Piazzetta Dello Zucchero,30
Via del Quarnaro,30
Via della Cala,70
Via Paolo Veronese,30
Via Carlo Gemellaro,30
Piazza Inghilleri,30
Via San Cristoforo,30
Via Lattarini,-1
Via Mura di San Vito,30
Via Malaspina,50
Piazza Capitaneria di Porto,-1
Vicolo Vallone,-1
Via Felix Mendelssohm,-1
Via Maggiore Toselli,30
Via dei Fiori,-1
Via Bernardo Geraci,30
Via Ettore Ximes,30
Via Maestri d'Acqua,30
Via Rinaldo Montuoro,30
Vicolo San Tommaso dei Greci,-1
Via Matteo Donia,30
Via Armò,30
Piazza Virgilio Titone,30
Via Paolo Amato,30
Via L. Ruggeri,-1
Largo degli Abeti,-1
Via Trapani,30
Vicolo delle Mura,30
Salita Santa Caterina,-1
Via Merlo,-1
Via Vincenzo Li Muli,-1
Via Armando Diaz,-1
Via del Pappagallo,30
Piazza generale Cascino,50
Via Palmerino,30
Via Torre di Gotto,30
Via Giordano Calcedonio,30
Via Colleggio di Maria al Carmine,30
Via Andrea Chiaramonte,30
Piazzetta Giuseppe Vaglica,30
Via Barisano da Trani,-1
Via Ercole Bernabei,30
Via Franz Listz,50
Via Giuseppe Lo Schiavo,30
Via bontà,-1
Via Rodi,30
Via Palmiro Togliatti,30
Via F. Brunelleschi,30
Via Edmondo De Amicis,30
Via Giovan Battista Lulli,-1
Via degli Schioppettieri,30
Via XII Gennaio,30
Via Terra delle Mosche,30
Piazza Giulio Cesare,30
Via S. Sangiorgi,-1
Via Carrettieri,30
Via Pietro Colletta,-1
Via Giovanni Zappalà,30
Via Cappuccinelle,30
Via Francesco Borromini,30
Via Antonino Alessi,30
Via Mario Arezzo,30
Piazza Antonino Caponnetto,70
Via dell'Ermellino,-1
Via Matteo L'innografo,30
Via Nazario Sauro,50
Via Giuseppina Turrisi Colonna,30
Autostrada Palermo-Mazara del Vallo,130
Vicolo Conte Cagliostro,-1
Via Alessio Narbone,30
Vicolo Mazzaresi,-1
Via Alcide De Gasperi,30
Via della Speranza,30
Via Ludovico Ariosto,30
Via Antonino Saetta,-1
Via Sant'Agostino,30
Via G.Savonarola,-1
Via Giovanni Raffaele,30
Via G. Camilliani,-1
Via della Radiologia,-1
Piazza Croce dei Vespri,-1
Via Zeta,50
Strada Statale 624 Palermo-Sciacca,70
Via Volontari Italiani del Sangue,30
Via Michele Miraglia,30
Via Silvio Boccone,30
Piazzetta dei Bianchi,30
Via Antonio Daneu,30
Vicolo Santa Ninfa,-1
Via Maurizio Ascoli,30
Via Giuseppe Sequenza,-1
via Guglielmo Oberdan,30
Via Generale Giacomo Medici,30
Via Catania,30
Vicolo Capraio,-1
Via Brunetto Latini,-1
Vicolo del Pallone,-1
via Galileo Galilei,50
Via Trabucco,-1
Piazza Giovanni Meli,30
Passaggio Lincoln,-1
Via Luigi Zancla,30
Via Giuseppe De Spuches,30
Via Gaetano di Pasquale,-1
Piazza Ballarò,30
Via Alloro,30
Via Principe di Belmonte,30
Via Giuseppe Savagnone,30
Salita dell'Ospedale,-1
Via Torrearsa,30
Via delle Balate,30
Via dell'Otorinolaringoiatria,-1
Via Scarparelli,-1
Via Giuseppe Borghi,30
Via Saladino,-1
Piazza Santa Cristina,30
Via Vincenzo Di Bartolo,30
Piazzetta Cadomai,30
Via Monsignore B. Serio,-1
Via Cardinale Mariano Rampolla,50
Via Pavia,30
Via Cappuccini,50
Via Pierluigi da Palestrina,30
Vicolo Muzio in Albergheria,-1
Via Nicolò Cervello,30
Via dei Redentoristi,-1
Piazzetta Santa Teresa,30
Via Re Manfredi,30
Via Antonio Gagini,30
Via Nino Martoglio,30
Via Sebastiano Bagolino,30
Via Cantieri Finocchiaro,30
Vicolo Dadi,-1
Vicolo San Giuseppe,-1
Piazza della Pace,30
Via Enrico Albanese,30
Vicolo Bara sulle Mura dell'Ittria,-1
Via Arturo Graf,30
Via C. Camilliani,-1
Via Ciaculli,50
Via San Biagio,30
Via Michele Reina,30
Piazza UR 10,-1
Via Salvatore Meccio,30
Piazza Giovanni Amendola,50
Via Giuseppe Patania,30
Piazzale del Fante,30
Piazzetta D'Ossuna,30
Via Gaetano Parlavecchio,-1
Via Giovanni Cesareo,30
Piazza Alessandro Vanni,30
Salita Garibaldi,50
Via Luigi Eredia,-1
Via dell'airone,30
Via Salerno,-1
Via Giuseppe Li Bassi,30
Via Luigi Settembrini,-1
Via Giuseppe Pollaci,30
Via Giuliano Majali,30
Via OS 6,-1
Via Giuseppe Broggi,30
Via Siccheria Quattro Camere,30
Vicolo Maestro Cristofaro,-1
Corso Vittorio Emanuele,50
Viale delle Scienze,-1
Via dell'Arsenale,30
Via Giorgio Montisoro,-1
Via Maresciallo Caviglia,30
Via Gaetano Donizetti,30
Via Val di Noto,30
Vicolo Castro,30
Viale Diana,70
Via F. Paladini,-1
Via Placido Rizzotto,30
Piazza Mordini,-1
Via Concordia,30
Via dello Spasimo,30
Via Carini,30
Vicolo Morici,-1
Via Antonio Pacinotti,30
Via Generale Giuseppe Sirtori,30
Via Francesco Crispi,70
Via Vicari,-1
Via Savona,30
Via San Raffaele Arcangelo,30
Via Ettore Arculeo,-1
Piazza Cassarelli,30
Piazzetta della Vittoria dello Spasimo,30
Via Giovan B. Tiepolo,-1
Foro Italico Umberto I,70
Via Tembien,30
Molo Piave,30
Via U.D. 193,30
Via Ludwig Van Beethoven,30
Via Piave,30
Via Elia Crisafulli,30
Largo Castellermini,-1
Via Rosario Scuderi,30
Via Paolo Gili,-1
Via Modica,30
Via Alfonso Giordano,30
Via Vito Ievolella,30
Via Gabriele Buccola,30
Largo La Grutta,70
Via del Levriere,50
Via Cosimo Aleo,30
Via Candelai,30
Via Sant'Isidoro alla Guilla,30
Via dei Biscottari,30
Via Palestra,30
Chiasso Collegiomaria,30
Via dei Sangunazzai,30
Via Mozia,-1
Vicolo San Michele Arcangelo,-1
Via Tommaso Ballo,-1
Via Oddo Tedeschi,30
Via R.Politi,50
Piazza Magione,30
Via Altarello,-1
Via Francesco Maria Maggio,30
Via della Chirurgia,-1
Via Francesco Paolo Ciaccio,30
Via Mario Mirabella,30
Via del Protonotaro,30
Vicolo Sant'Eligio,30
Via Giuseppe Costanzo Bonfiglio,-1
Via delle Magnolie,30
Via Generale Antonino di Giorgio,-1
Via Brancaccio,30
Via Pietro Mascagni,30
Via Filippo Pecoraino,-1
Via G. L. Bernini,30
Via delle Prigioni,30
Via Bernardo Cabrera,30
Via Remo Sandron,30
Via Mariano Smiriglio,30
Via Luigi Cadorna,30
Via Archirafi,30
Via Matteo d'Aiello,30
Via Santa Maria di Gesù,30
Via Sardegna,30
Via Col della Berretta,30
Via Guglielmo il Buono,30
Via Antonio Gramsci,30
Via Filippo Brunetto,30
Via Porto Salvo,50
Via Salvatore Puglisi,30
Cortile San Giovanni degli Eremiti,-1
Via Panneria,30
Via F. M. Alias,-1
Via Domenico Lancia Di Brolo,50
Via Principe di Palagonia,50
Via Antonino Agostino,30
Via Comiso,-1
Piazzetta Porcelli,30
Piazza Guglielmo Il Normanno,-1
Via Pasubio,30
Via Alfredo Casella,30
Viale Luigi Castiglia,-1
Vicolo Viola,-1
Vicolo II Zingari,30
Piazza Caracciolo,30
Via Guercio,30
Via Divisi,30
Piazza Sant'Isidoro,-1
Via Pasquale Calvi,-1
Cortile Barcellona,30
Piazza Ignazio Florio,30
Vicolo Nuovo,-1
Via Frassinelli e Mulini,30
Via Giuseppe Whitaker,-1
via Franco Taormina,-1
Via Andrea Vesalio,30
Via Taranto,30
Via Oreste Arena,30
Via Capitano Antonio Franzoni,30
Via Guido Jung,30
Vicolo Rosselli,-1
Vicolo della Rosa all'Alloro,-1
Stradella Riserva Reale,-1
Cortile del Giuoco,30
Via Eugenio L'emiro,30
Via Badia, 287,30
Via Massimo d'Azeglio,30
Via Emanuele Ortolani,30
Via della Repubblica,50
Via Busari,-1
Via Salamone Marino,30
Cantieri Culturali alla Zisa,-1
Via Bologna,30
Via Bologni,-1
Via Enna,30
Corso dei Mille,50
Via Cardinale Alessandro Lualdi,30
Via Matteo Sclafani,-1
Via Palmerino Molara,-1
Piazza All'Olivella,-1
Via Generale Antonio Cantore,30
Piazza Monte Santa Rosalia,-1
Via Pietro Scaglione,30
Via della Ferrovia a San Lorenzo,-1
Via Rosso di San Secondo,-1
Via Velasquez,30
Discesa dei Musici,-1
Vicolo Cefalà,-1
Via Bergamo,50
Via Luigi Vasi,30
Via Gioiamia,30
Via Luigi Razza,30
Via Pietro Paolo Vasta,30
Piazzale Ippocrate,-1
Piazzetta Alfredo Coppola,-1
Via Giovanni Cimabue,30
Via Comandante Simone Gulì,50
Vicolo Lombardo,-1
Vicolo dell'Altare,-1
Via Colomba,30
Piazza San Vito,30
Via Pola,30
Salita Francesco Spinnato,-1
Via Ettore Pais,30
Via Raffaello,30
Via Francesco Paolo e Giovan Battista Palazzotto,-1
Via della Università,30
Via Bainsizza,30
Via Vito D'anna,30
Via della Vega,-1
Via Giuseppe Bartolozzi,30
Via Bottai,-1
Via Portella Ginestra,30
Via Parrini,30
Via Amilcare Barca,30
Via Venanzio Marvuglia,-1
Largo Strasburgo,30
Via Simone Valguarnera,30
Via Gubbio,-1
Via Piccola Teatro Santa Cecilia,30
Piazza Tre Bare,30
Via Paolo Orsi,30
Via Mario Rutelli,30
Piazzetta Sette Fate,30
Salita Raffadali,30
Corso Tukory,70
Via dello Spezio,30
Via MT 2,-1
Piazza Papa Giovanni,30
Via dei Barilai,-1
Via Giuseppe Mulè,-1
Via Monsignore Francesco Riela,30
Via Mariano Stabile,50
Via Polonia,30
Via Aragona,30
Via Pietro Merenda,30
Via Vito D'Ondes Reggio,30
Via Filippone,30
Via Duca della Verdura,-1
Via Giuseppe La Farina,50
Via Silvio Pellico,30
Via Anwar Sadat,70
Via Giovanni Battista Pagano,30
Via Giancola Viviano,30
Via Quattro Aprile,30
Fondo La Manna,-1
Via Giovanni Campolo,-1
Via dell'Antilope,50
Via Sant'Isidoro,-1
Via Michele Titone,-1
Via Francesco Cichè,30
Vicolo Panormita,30
Via Calabria,30
Via delle Sedie Volanti,30
Via Generale Carlo Prestiani,30
Discesa Bandiera,30
Vicolo Iannello,-1
Via Arrigo Boito,30
Via Decollati,30
Via Pietro Moscatello,30
Via San Francesco Saverio,30
Via Gran Bretagna,30
Vicolo San Matteo,-1
Via Nino Basile,30
Via Giuseppe Arcoleo,-1
Via Pier delle Vigne,30
Piazza San Domenico,-1
Via Angelino Callimaco,30
F.sco S. Di Liberto,-1
Via Caduti del Luglio,30
Piazza della Concezione,30
Via Carlo del Prete,-1
Via Nicolò Giannotta,30
Via Lucania,30
Vicolo Pirriaturi,30
Piazza Giuseppe Fedele,30
Viale Maria Santissima Mediatrice,-1
Via Guido d'Arezzo,-1
Via Sanchez,30
Via Dalamazio Birago,30
Discesa Tonnara,-1
Via Francesco Gravina,50
Salita Sant'Antonio,-1
Piazza Generale Euclide Turba,-1
Vicolo del Crocifisso,-1
Via Pozzo,30
Piazza Francesco Cupani,30
Via Antonino Pecoraro,30
Ex Ferrovia,30
Via Marchesano,-1
Via Antonio Salinas,30
Via Santa Liberata,-1
Via Pier Paolo Pasolini,30
Via Olivio Sozzi,30
Via Strada Ferrata,30
Via Cerda,-1
Via Porta Carini,30
Via Ruggero Loria,30
Piazza Danissini,30
Via Zerbo,30
Vicolo Papireto,-1
Vicolo del Secco,30
Via Giuseppe La masa,30
Via Ernesto Paci,30
Via Francesco Raimondo,30
Vicolo Dello Zucchero,30
Via Pietro Randazzo,-1
Vicolo Agnetta,30
Via Troina,-1
Via Trappetaro,30
Via Giuseppe Felice,30
Via del Vespro,50
Via Suor M. D. di Majo,-1
Vicolo Forno al Palazzo Reale,30
Via San Gregorio,30
Via Monte Bonifato,30
Via Pietro Nenni,50
Piazza Sant'Antonino,70
Via Sperlinga,30
Via Tenente Andrea Sole,30
Via Vincenzo Mortillaro,50
via Dei Preti,30
Via Tenente Giovanni Ingrao,30
Via Alessandro Scarlatti,30
Via Ammiraglio Persano,30
Via Ragusa,30
Via Calogero Nicastro,30
Via Gabriele Bonomo,30
Piazza San Paolo,-1
Via Serraglio Vecchio,30
Largo Mussomeli,30
Via Danisinni,30
Via Cataldo Parisio,30
Via Francesco Brancato Pan Kuo-Kuang,30
Via Gaspare Mignosi,-1
Via Luigi Natoli,-1
Via Walter Tobagi,-1
Via Villini Sant'Isidoro,-1
Via Matteo Bonello,30
Piazzetta San Marco,30
Largo Gibilmanna,30
Via Redipuglia,30
Piazzale Bruno Lavagnini,30
Vicolo Conte Federico,-1
Via Coltellieri,30
Via Errico Scipione,30
Piazzetta Ballarò,30
Via Gaetano Abela,30
Via Giuseppe d'Alessi,30
Vicolo dei Corrieri,-1
Via Antonio Meucci,-1
Via UR 10,-1
Piazza Colonna,30
Via Filippo Bartolino,30
Via Nicola Calipari,30
Vicolo di Blasi,-1
Piazza Lolli,30
Via Conte Ruggero,30
Via Niccolò Palmeri,30
Via Generale Turba Euclide,30
Via Ferdinando di Giorgi,30
Via Ugo Eghen,-1
Piazza Fonderia,30
Via Adolfo Holm,30
Via Scannaserpe,30
Via Luigi Siciliano Villanueva,30
Via Antonio Furitano,30
Via Villa Filippina,-1
Via Villa Sperlinga,30
Via Genova,30
Vicolo San Mercurio,30
Vicolo dell'Origlione,30
Via Malta,30
Via Luigi Capuana,30
Via Sacco e Vanzetti,30
Piazzetta delle Vergini,-1
Vicolo Caccamo All'Alloro,-1
Vicolo Travicelli,-1
Piazzetta delle Balate,30
Via G. Calandrucci,-1
Via Giuseppe Alessi,50
Piazzetta Garraffo,30
Via Cuba,-1
Via Franz Lear,30
Via Livorno,30
Vicolo dei Marmorai,30
Via Castello,30
Via Materassai,30
Piazza Gran Cancelliere,30
Via Imperatrice Costanza,30
Vicolo Fiume Torto,-1
Via Francesco Salamone,30
Via Angiò,30
Via Giacomo Aricò,-1
Piazza Vincenzo Tumminello,70
Via Ugo Falcando,30
Via Tindari,-1
Via Federico Giuseppe Pipitone,30
Via Giuseppe Quartararo,-1
Piazza Albert Einstein,-1
Via San Basilio,30
Via Pignatelli Aragona,30
Via Orecchio,30
Via Piano dell'Ucciardone,70
Via Giuseppe Schiera,30
Via Castellana,50
Via Padre M. Kolbe,-1
Via Giulio Cesare,30
Cortile Cannata,30
Vicolo Paterna,-1
Viale Lazio,30
Piazza Luigi Sturzo,30
Via Aspromonte,-1
Piazza Federico Chopin,30
Via Lombardia,30
Vicolo della Neve all'Alloro,-1
Vicolo Pesacannone,-1
Via Cancello alla Gioiamia,-1
Via della Cera,30
Via Mogadiscio,30
Via Paulsen,-1
Via Francesco Bentivegna,30
Via San Giovanni di Dio,30
Via Nave,-1
Via Orso Mario Corbino,30
Via Ettore Cumbo,30
Cortile Ecce Homo in Casa Professa,30
Via Tenente Luigi Rizzo,30
Via Albiri,-1
Via Pizzuto,30
Vicolo Ragusi,-1
Via Dante,30
Viale Croce Rossa,30
Viale delle Alpi,30
Vicolo Corpora,-1
Ponte dell'Ammiraglio,-1
Via Agnetta,30
Vicolo San Lodovico,-1
Via Giordano Giuseppe Bruno,30
Via Giuseppe Pitrè,50
Via Giuseppe Mancino,30
Via Autonomia Siciliana,50
Via Salvatore Cusa,30
Via del Noviziato,30
Largo Corleone,-1
Via Judica,30
Via Bari,30
Via Ungaretti,-1
Via Generale Luigi Cadorna,50
Vicolo Paternò,-1
Cortile Madonna della Lettera,-1
Via Papireto,-1
Via Roberto il Guiscardo,30
Via Tunisi,30
Via A. Guarnieri,-1
Via Tiro a Segno,30
Via Butera,30
Vicolo Santa Chiara,-1
Vicolo Gulì,-1
Vicolo Lo Bianco,-1
Via Blasco d'Alagona,30
Piazzale Anita Garibaldi,-1
Via Ignazio Testasecca,30
Vicolo San Gilberto,-1
Vicolo Santa Rosalia,30
Via Ponticello Oneto,-1
Vicolo della Pila,-1
Via Antonino Borzi,30
Via Salvatore Denti di Piraino,30
Via Don Giovanni Minzoni,30
Vicolo Lanza,30
Via Marsala,30
Via Sant'Oliva,30
Viale Europa,-1
Via Mariano D'Amelio,30
Via Michele del Giudice,30
Via Petrazzi,-1
Via Carella,30
Via Contessa Giuditta,30
Vicolo Mori,-1
Piazza Porta Sant'Agata,30
Via Francesco Riso,30
Vicolo Palagonia all'Alloro,-1
Via Francesco Scaduto,30
Via Bara All'Olivella,30
Via Alfonso Borrelli,30
Via Sant'agatone,30
Via Contessa Adelasia,30
Via Amedeo d'Aosta,50
Via Principe di Villafranca,30
Via Pantalica,-1
Via Accursio Miraglia,30
Via Santicelli,-1
Via Pietro Ilardi,30
Via Africa,30
Piazza Porta Montalto,30
Via Augusto Platen,30
Via Giuseppe Carta,30
Via Fichidindia,30
Via Aloisio juvara,30
Piazzetta Bagnasco,-1
Via Villa Florio,30
Piazza Giovanni Paolo II,-1
Via delle Scuole,30
Via del Parlamento,30
Via Cartagine,30
Via Giuseppe Sunseri,-1
Via Aurelio Zancla,-1
Via Teatro Biondo,30
Via Dirillo,-1
Via Federico de Maria,30
Vicolo Parisi,-1
Via Agostino Forno,30
Via Ignazio Simoncelli,30
Largo Montalto,30
Via Carramusa,30
Via del Bersagliere,30
Via E. Oliveri Mandalà,50
Via San Giovanni di Cristina,30
Piazza delle Cliniche,30
Via Giosuè Carducci,30
Vicolo Pistoia,30
via Tommaso Maria Napoli,30
Via Monteleone,30
Vicolo della Guardiola,-1
Vicolo Signoruzzo,-1
Via Nuccio Fedele Pollaci,30
Via Pisacane,70
Via Don Gnocchi,30
Via Alberto Verdinois,-1
Via degli Emiri,30
Via Giuseppe Crispi,-1
Passeggiata delle Cattive,-1
Via Santissimo Crocifisso,30
Via Vergine Maria,50
Via G. da Pesaro,-1
Via Agostino Catalano,-1
Piazza Teatro Santa Cecilia,30
Vicolo De Franco,30
Via Empedocle,30
Piazza Vittoria,30
Via Chiaravelli,-1
Via Schiavuzzo,-1
Via Salvatore Bono,30
Piazza Rocco Chinnici,30
Via Fastuca,30
Via Francesco Laurana,30
Via Fratelli Cianciolo,30
Vicolo Natale Cimino,-1
Via Papa Gregorio Magno,30
Via Tommaso Fazello,30
Via Martin Luther King,70
Via s. Francesco di Sales,30
Via Matteo Carnalivari,30
Via Sagittario,-1
Vicolo Castelnuovo,-1
Via Enrico Petrella,30
Via Basile,-1
Via Venezia,30
Via Giovanni Grasso,30
Via Giorgio Arcoleo,30
Piazza del Parlamento,-1
Solarium,-1
via G. Borremans,30
Via Dalia,30
Piazza Pretoria,-1
Via Inserra,-1
Via Martino Dati,30
Via Chiesa Agonizzanti,30
Via Generale Luigi Bertett,30
Via Felice,30
Via Isidoro Carini,-1
Largo Spasimo,50
Via Giuseppe Sergi,30
Via dell'Usignolo,-1
Via Vincenzo Fuxa,30
Via Ignazio Florio,50
Via Torres,30
Via Aurelio Costanzo,30
Piazzetta Appalto,30
Via della Barca,30
Via Corselli ai Corsari,-1
Via Papa Sergio I,50
Via Principe di Scordia,30
Via Giuseppe Bennici,-1
Via Edrisi,30
Via Capitano Emanuele Basile,-1
Viadotto Carlo Perrier,50
Vicolo Casa Professa,-1
Via Calderai,30
Via Orazio Antinori,30
Piazzetta Monteleone,30
Via conte federico,30
Via Aquino,50
Via Folengo,30
Viale Villa Heloise,-1
Via Camarda,-1
Vicolo Palmentieri,-1
Via Cesare Abba,30
Via Michele La Rosa,30
Via Carmine,30
Via dell'Acacia,-1
Via Gianferrara,30
Piazza Capo,30
Via Aurelio Drago,-1
Via Salvatore Corleone,-1
Via Benedettini,30
Via Gian Luca Barberi,30
Quattro Canti,-1
Via Raffaele Pellegrino,30
Via Antonio Pasculli,30
Via del Mare,30
Via Giovanni Guarino Amella,30
Via Libero Grassi,30
Piazza Rivoluzione,30
Via Domenico Cimarosa,30
Via Giuseppe Gandolfo,30
Piazza Santa Chiara,30
Vicolo Case di Troia,-1
Via I. Silvestri,-1
Via Abele Aiello,30
Via Giovanni Paisiello,30
Via Giovan Battista Odierna,30
Via Canonico Rotolo,30
Via Badia,30
Via Soldano,30
Viale Michelangelo,-1
Via Sacra,-1
Via Giovanni Argento,30
Via Porrazzi,30
Piazza Manfredi Francesco Baronio,30
Via Pisa,30
Via Giovanni Maurigi,30
Vicolo San Basilio,-1
Via Giacinto Carini,30
Piazza della Pinta,-1
Via Antonio Vivaldi,-1
Viale dei Picciotti,-1
Via Bandiera,-1
Via Enrico Parisi,30
Viale Emilia,30
Via Nino Bixio,30
Via Carlo Giachery,30
Via Vincenzo Littara,30
Via Vincenzo Piazza Martini,30
Via Giovanni di Cristina,50
Via Vincenzo Orsini,30
Via Caltanissetta,30
Via Maletto,-1
Via Michele Cipolla,-1
Via Sonnino Sydney,30
Via Cassaro,-1
Vicolo Basso,-1
Via della Leva,30
Via Cassari,30
Vicolo della Salvezza,-1
Via Carlo Rao,30
Via Francesco Potenzano,30
Via Cassara,30
Via Francesco Cilea,30
Via Riccardo Wagner,30
Via Flavio Andò,30
Via Roma,50
Via Emanuele Guttadauro,30
Via dei Cantieri,50
Via Stefano de Perche,30
Via Daidone,30
Piazzetta Sette Cantoni,-1
Via Giovanni Naso,30
Via Andrea Anfuso,-1
Via Alessio di Giovanni,30
Via Leonardo Vigo,30
Via dei Benedettini,30
Via Giacalone,30
Via Agostino Scilla,30
Piazza Niscemi,30
Via Gaetano La Loggia,-1
Vicolo Lungarini,-1
Vicolo Settimo,30
Piazza Europa,30
Via Quarto dei Mille,-1
Via Orologio,-1
Piazzetta della Messinese,30
Via Antonio Leto,30
Via Concettina Ramondetti Fileti,30
Via Berrettaro,-1
Via altarello,-1
Piazzetta Salvatore Fausto Flaccovio,-1
Via Chiasso Sangiorgio,-1
Salita Santa Rosalia,-1
Vicolo delle Api,-1
Via Kennedy,30
Via Antonio Mongitore,30
Via Domenico Cariolato,30
Via Capricorno,-1
Via Tevere,30
Via Porretti,30
Via Benedetto d'Acquisto,50
Vicolo Bernava,30
Via Vincenzo Di Marco,30
Via della Zagara,30
Via Santorre Santarosa,30
Via Ammiraglio Rizzo,50
Via Mendola,50
Via Alfredo e Antonio di Dio,30
Via Torino,30
Piazza Santi Quaranta Martiri al Casalotto,30
Via Vodige,30
Via Francesco Bruno,30
Via V. Cesare Piazza,-1
Vicolo d'Orleans,-1
Viale del Policlinico,-1
Via Giuseppe Gentile,30
Via San Giuseppe Mario Puglia,30
Via Galletti,70
Via Santa Teresa,30
Via Raffaele Mondini,30
Via Filippo Cordova,30
Via Giovanni da Procida,30
Via Belgio,30
Via Regione Siciliana,-1
Via Santa Cristina,-1
Via Villa Sofia,30
Viale Galileo Galilei,50
Vicolo Tramonte,-1
Via Vincenzo Errante,30
Via Cl. 30,30
Piazza Ruggero Settimo,-1
Piazzetta delle Api,30
Vicolo Mezzojuso,-1
Via Nicolò Cacciatore,30
Via Tommaso Aversa,30
Via Gualterio Offamilio,30
Via Sebastiano Camarrone,30
Via Giuseppe Cirincione,50
Via Isonzo,30
Discesa dei Giudici,-1
Via Stefano Canzio,-1
Salita Collegiata,30
Via Umbria,30
Via Brasa,70
Via Brasca,50
via Jacopo Tintoretto,30
Vicolo Forno ai Maestri d'Acqua,-1
Via San Nicolò All'Albergheria,30
Porta Nuova,-1
Piazza Unità d'Italia,30
Via Fecatello Pantuso,-1
Via Abramo Lincoln,70
Via del Bosco,30
Via Isaac Rabin,70
Fondo Petix,30
Via Giorgio Castriota,30
Via Fratelli Lagumina,30
Piazzetta Angelina Lanza,30
Via Cardinale Dusmet,30
Via Enrico Onufrio,30
Viale Giuseppe Di Vittorio,30
Piazza Indipendenza,70
Via Poiero,30
Via Giovanni Ferro Luzzi,30
Via Monti Iblei,30
Via Nicola Balsano,-1
Via Raffaele Starabba,30
Via Villa Maio,-1
Via Costantino Lascaris,30
Via Portello,30
Via Angelo Fiore,-1
Via Ammiraglio Giovanni Bettolo,30
Discesa delle Capre,-1
Via Giacomo Schirò,30
Largo Alfredo Cucco,30
Via Polito,30
Via Santi Quaranta Martiri alla Guilla,30
Via Ammiraglio Antiocheno,30
Piazza della Kalsa,30
Via Fratelli Di Benedetto,30
Via Gorizia,30
Via Vincenzo Madonia,30
Via Gabriele Vulpi,30
Via Gioacchino Ventura,30
Via Casa Professa,30
Discesa San Domenico,30
Via Archimede,30
Via Ugo Amico,30
Via Sant'Anna,-1
Via Filippo Corazza,30
Via Venero,50
Via A. Gulì,-1
Via Aquileia,30
Via Filiciuzza,30
Via Beato Angelico,-1
Via Vincenzo di Pavia,30
Via del Poeta,-1
Corso Pisani,-1
Via Polara,30
Via Giuseppe Piazzi,30
Via Pietro Fudduni,-1
Via Casalini,50
Via Mario Muta,-1
Vicolo Santa Caterina,-1
Via Lorenzo Perosi,30
Via Galileo Ferraris,30
Via Mura di Porta Carini,30
Via Saverio Scrofani,30
Via Cagliari,30
Piazza Acquasanta,30
Via Francesco Spallitta,30
Via del Carabiniere,30
Vicolo delle Pergole,-1
Via Rocco Dicillo,-1
Via Giuseppe Puglisi Bertolino,-1
Via Trento,30
Via Luigi Manfredi,30
Via Cardinale Sanfelice,30
Via Caduti senza Croce,-1
Via Leoni,-1
Piazza Santi Quaranta Martiri alla Guilla,30
Piazza Don Bosco,30
Cortile delle Bisacce,-1
Via Principe di Pantelleria,30
Via Carlo Forlanini,70
Piazzetta Fagiolai,30
Via Filippo Parlatore,30
Piazza Santo Spirito,30
Via Enrico Bevignani,30
Via Gaspare Palermo,30
Via delle Cliniche,30
Vicolo Antonio Cicala,-1
Piazzetta del Noviziato,-1
Viale Francia,30
Via Gaetano Maria Pernice,30
Trazzera Vignazza,-1
Via Finlandia,30
Vicolo Massi,30
Via Pietro D'Asaro,30
Via Guglielmo Peralta,30
Via Luigi Zacco,-1
Via Monte Mario,30
Via Antonio Lo Bianco,30
Via Rodigro Pantaleone,30
Via Gaetano Mosca,30
Piazza delle Stigmate,30
Vicolo Ucciardone,30
Via Monte San Calogero,30
Via Giovanni Battista Siragusa,30
Piazzetta Pantelleria,-1
Via Olio di Lino,50
Via Francesco Padovani,30
Via dei Bambinai,30
Via Pietro Ranzano,30
Piazza Napoleone Colajanni,30
Via Antonio Marinuzzi,30
Piazza Bartolomeo da Messina,30
Via Quintino Sella,30
Via Macello,-1
Via Claudio Monteverdi,-1
Via alla Piazza Sant'Isidoro,-1
Via Damiani Almejda,-1
Piazza Figurella,70
Via Tramontana,30
Piazza Vittorio Emanuele Orlando,30
Via Ettori Li Gotti,-1
Via Montevergini,30
Vicolo Zimmalari,30
Via Villa Giocosa,30
Via Milano,30
Via Felice Giarrusso,-1
Via Fulcieri Paulucci de' Calboli,-1
via fileti,30
Via Carrabia,30
Piazza Boccaccio,30
Vicolo Teatro Santa Cecilia,-1
Via Cruillas,30
Piazza dei Tedeschi,30
Via Bandita,-1
Via Noce,50
Via Sant'Alessandro,30
Via Barbaraci,-1
Via Falsomiele,30
Vicolo San Nicolò,-1
Via Cardinale Borromeo,30
Via Montegrappa,30
Via di Dio Alfredo e Antonio,30
Via Villagrazia,30
Via Emily Balch,50
Piazzetta del Giglio,30
Via Valenti,30
Via Argenteria Nuova,30
Via Giovan Battista Guccia,-1
Arco dei Biscottari,30
Via Giovanni di Giovanni,30
Via Spadaro,30
Via Carlo Greca,30
Vicolo Guccia,-1
Vicolo Chiarandà,-1
Piazza San Francesco Saverio,30
Via Re Federico,30
Via Francesco Porcelli,30
Via L. Barba,-1
Via dell'Immacolatella,-1
Via Giorgio Boris Giuliano,-1
Vicolo del Martello,-1
Via Saitta Longhi,-1
Via Zaire,30
Via Frà Giovanni Pantaleo,30
Via Vincenzo Russo,30
Via Giuseppe Samonà,-1
Via Luigi Galvani,-1
Via Giovanni Prati,30
Piazza Luigi Scalia,30
Galleria delle Vittorie,-1
Vicolo Gelsomino,30
Vicolo Tortorici,-1
Via Alessandro Manzoni,30
Via Francesco Speciale,-1
Largo Trinacria,30
Vicolo San Gabriele,-1
Via Ritiro San Pietro,30
Piazzetta Zagarellai,30
Via V. Carpaccio,-1
Via Narciso Cozzo,30
Via Messina Montagne,-1
Via Villa Rosato,-1
Via 2a della Chiesa,-1
Via Nicolò Gallo,30
Vicolo Pantelleria,30
Via Porta di Castro,30
Via Maqueda,50
Via Wolfgang Amadeus Mozart,30
Via Prospero Favier,-1
Vicolo del Romito,-1
Via Villa di Napoli,-1
Via Nicolò Gervasi,30
Piazza Guadagna,30
Via colonna rotta,30
Via Pietro Bonanno,50
Vicolo San Giuseppe Cafasso,30
Via Guglielmo Marconi,30
Via Cavallacci,-1
Via Porta Mazzara,30
Vicolo Chiesa Sant'Orsola,-1
Via Generale Antonio Baldissera,30
Via Ruggero Settimo,30
Via Giuseppe Romano,30
Via Aquino Molara,-1
Via Ponte di Mare,70
Via Rosolino Pilo,-1
Via Giuseppe Vaccari,-1
Via B. Angelico,-1
Parcheggio del campo sportivo,-1
Via Noto,-1
Via Belmonte Chiavelli,30
Via Carlo Gemelli,30
Via Ben Haukal,-1
Piazza Matteo Maria Boiardo,-1
Via Salvatore Pelligra,-1
Via Guccia,30
Via Antonello da Messina,30
Via Re Tancredi,30
Vicolo Brugnò,-1
Via Eliodoro Lombardi,30
Via Maestri del Lavoro,30
Via Giuseppe Albina,30
Piazza Sett'angeli,30
Vicolo della Ronda,-1
Via Francesco Minà Palumbo,30
Vicolo Giardinelli ai Tartari,-1
Via Aci,-1
Via Madonna della Volta,30
Vicolo Gioiamia,-1
Via Alessandro Volta,30
Via Villa Caputo,30
Via Giovanni Evangelista di Blasi,50
Via Santi Quaranta Martiri al Casalotto,30
Via Altare,-1
Piazza Durante,50
Via Serradifalco,50
Via Nina Siciliana,30
Via Giovanni Meli,30
Via Altavilla,30
Via Ciro Scianna,30
Piazza Busacca,-1
Piazza Garraffello,30
Via Placido Mandanici,30
Via dei Cartari,30
Via Messina,30
Via Antonio Sciascia,30
Via Piazza Armerina,-1
Via 1a della Chiesa,-1
Via Gaetano Romeres,-1
Vicolo Sant'Orsola,-1
Via Giuseppe Mazzini,30
Via Amilcare Ponchielli,30
Piazza Montegrappa,30
Via San Gaetano,30
Via San Lorenzo,50
Strada di accesso al campo sportivo,-1
Piazza Nascè,30
Via della Loggia,30
Via Benedetto Gravina,30
Vicolo Ciminnita,-1
Via Luigi Pirandello,30
Via Michele Scoto,30
Vicolo Chianche,30
Vicolo del Pino,30
Via Rocco La Russa,30
Via Benfratelli,30
Via Tommaso Angelini,-1
Via Odigitria,30
Vicolo avicenna,-1
Piazza San Francesco di Paola,50
Via Croce Benedetto,-1
Via Sibari,30
Vicolo Guarnaschelli,30
Via Stefano Turr,30
Via Ruggero Mastrangelo,-1
Via Ritiro,30
Vicolo Fastuca,30
Corso Finocchiaro Aprile,50
Via Alfonso Morelli,30
Via Sandro Botticelli,30
Via Pietro Spica,30
Via Gregorio Ugdulena,30
Via Antonio di Rudinì,-1
Via Emilio Greco,-1
Soprapasso pedonale,-1
Via Emiro Giafar,-1
Piazza Barbarino Costanzo,30
Via Leonardo Orlandino,30
Via Garraffello,30
Cortile Montechiaro 1°,-1
Via Giuseppe Patricolo,30
Via Alla Falconara,-1
Via Domenico Costantino,-1
Via Villaermosa,30
F. P. Sarullo,30
Viale Campania,-1
Via Generale Vito Artale,-1
Via Perpignano,30
Via Gaetano Daita,30
