Strada Piossasco,30
Via Francesco Azzi,-1
Via dei Cuccioli,30
Via Gioberti,30
Via Cardinale Guglielmo Massaia,-1
Via Muzio Clementi,30
Via Alberto Nota,30
Piazza San Rocco,-1
Via della Consolata,30
Via San Mauro,30
Via Giovanni Battista Rossano,30
Via Annibale Lovera Di Maria,-1
Via Airasca,30
Via Pietro Baiardi,-1
Via Dego,30
Piazza Caduti,30
Piazza Lorenzo Bernini,30
Via De Francisco,30
Via Cristalliera,-1
Via Adriano Olivetti,-1
Via Stefano Clemente,30
Via Santorre di Santarosa,30
Via S Giovanni Bosco,-1
Corso Susa,70
Piazza Che Guevara,30
Via Giovanni Paolo II,30
Piazza J.F. Kennedy,30
Brunassa,-1
Tangenziale Rivalta-Rivoli,50
Strada Comunale di Cavoretto,30
Via Cardinale Cagliero,-1
Via Col del Lys,30
Via Gianni Rodari,50
Piazza Fabio Filzi,30
Via Conti,-1
Ponte Vittorio Emanuele,50
Corso Chieri,30
Via Pietro Crosetto,-1
Largo Giusti,50
Argine nord del Canale Cimena (deviazione),-1
Binario 1 Pessione,-1
Via Alla Chiesa,-1
Vicolo Castagnevizza,30
Via Grugliasco,30
Via Battista Bena,-1
Via Zara,30
Via Federico Ozanam,-1
Piazzetta Primo Levi,-1
Strada del Morozzo,30
Via Borgofranco,50
Via Prospero Richelmy,-1
Viale Carlo Ceppi,30
Via Giacomo Durando,-1
Via Giovanni Giolitti,30
Via Giovanni Felecchia,30
Strada Vicinale della Torretta,-1
Via Eritrea,30
Passaggio privato Cantalupo,30
Corso Cavour,30
Via Foggia,30
via Adamello,-1
Via Oristano,30
Via Ercole Tommaso Roero di Cortanze,30
Via Gioacchino Quarello,30
percorso metropolitano 2 stura di lanzo,-1
Strada Valle Baudana,-1
Via Fenestrelle,30
Via Bellardi,30
Strada Superga,30
Via abate Antonio Maria Vassalli Eandi,30
Via Sant'Ambrogio,30
Piazza Cavallero,-1
Via Ettore Fieramosca,30
Via Saccarelli,-1
Strada Tredicesima,-1
Via Trino,-1
Via Secondo Frola,-1
Via Nicoloò Paganini,30
Via Grange,30
Via Maresciallo Gaetano Giardino,-1
Via Arturo Farinelli,-1
Piazza Principe Eugenio,50
Via Angelo Tasca,30
Via Salerno,-1
Via La Loggia,50
Gran canyon 1,-1
Via Giovanni Agnelli,30
Strada Torino,30
Via Strambino,30
Strada Nuova Tetti,30
Strada Carpice,30
Strada Mappano,50
Via Taricco,-1
Via Cassagna,50
Via Musinè,30
Strada Comunale da San Vito a Revigliasco,50
Via D'Amico,30
Via Batuelle,30
Via Bogge,-1
Via G. Giordano,30
Via Pietro Santarosa,-1
Via Giorgio Vecco,-1
Via Giansiracusa,30
Via Sambuy,50
Via Pablo Picasso,30
Via Avigliana,30
Via degli Aceri,30
Via Pietro Piffetti,30
Rotta Gallino,-1
Via Gay di Quarti,30
Via Gaetano Amati,30
Via Martinetto,30
Via Col di Nava,30
Via della Chiesa,-1
Viale Burdin,-1
Via Mario Pannunzio,30
Via S Isidoro int,30
Via Boito,30
Via Tanaro,30
Via Giorgio Catti,30
Piazza Don Luigi Cocco,-1
Via Rosario Santa Fè,30
Via Druento,50
Via Serra,30
Via Felice Romani,-1
Via Trento Trieste,30
Via Brescia,30
Via Portalupi,30
Via Marcino D Alba,30
Corso Achille Mario Dogliotti,70
Piazza Grande Torino,-1
Raccordo della Falchera,130
Via Pio X,30
Viale Petrarca,50
Via Roosvelt,30
Via Carlo detto Collodi Lorenzini,30
Piazza Duomo,30
Via dei Caduti,30
Strada Braia,30
Via Errico Giachino,-1
Strada di Santa Croce,30
Via Albenga,30
Strada Valle Sauglio,50
Via Alberto da Rivoli,30
Via Agostino Bertani,-1
45,-1
Via Terranova,30
Piazza Michelangelo Buonarroti,30
Via Francesco Rismondo,30
Via Don Gnocchi,30
S 37,-1
S 30,-1
S 31,-1
S 32,-1
S 33,-1
Pista ciclabile di Piazza Derna,-1
Via Antonio Sciesa,-1
Via Luigi da Palestrina,30
Via Galileo Galilei,30
Via Valtorta,30
Via Eugenio Montale,30
Rocca Bianca,-1
Strada Comunale Rivalta Villarbasse,-1
Via Mario Caudana,-1
Lungo Dora Napoli,30
Strada delle Cacce,30
Via Moncalieri,30
Via Umberto Nobile,-1
Strada Castagna,-1
Via Onorio Mosso,30
Via Circonvallazione,50
Via Giuseppe Robaldo,30
Corso Don Luigi Sturzo,70
Via Donatello,-1
Via Chaberton,-1
Corso Fratelli Rosselli,30
Via Luigi Tenco,30
Via dei Molini,-1
Via Compajre,30
43,-1
Via San Giuseppe Cottolengo,30
Via Puccini,30
Via Ettore Vacchieri,-1
Viale Carrù,30
Via Lorenzo Ghiberti,30
Corso Tirreno,30
Viale Pietro Lussiana,30
Via Leinì,30
Piazza Carlo Freguglia,30
Via Don Borio,-1
Via Tirso,30
Via Luigi Cadorna,-1
Via Ex Internati,30
Piazzale Fratelli Ceirano,-1
Corso Giuseppe Gabetti,50
Via Fratelli Torricelli,30
Strada della Viassa,30
Via Ignazio Vian,30
mandria zona ovest,-1
Via della Croce,30
Corso Racconigi,50
Via Urbano Rattazzi,30
Via Giovanni Fattori,30
Rotta Oslera,-1
Vicolo Triestre,30
Autostrada dei Vini,130
Via Milite Ignoto,30
Via Volvera,30
Viale Certosa,50
Via Pomba,-1
Via Benevento int. 20,30
Via Tiziano Vercelio,30
Via Camburzano,-1
Via Rubiana,30
Via Prato della Fiera,30
Via Rombò,30
Via Bruno Goffi,30
Via delle Vallette,-1
Via Figlie dei Militari,-1
Piazza Cesare Augusto,-1
Via Torretta,30
Via Exilles,-1
Via Flora Manfrinati,30
Via Andrea Pisano,-1
Via Giaveno,30
Via Maestra,30
Via Moncalvo,30
Via Luigi Einaudi,30
Via Giovanni Duprè,-1
Via Bernardo De Canal,30
Strada della Venaria,-1
Strada Vajors,-1
Via Boccaccio,30
Via Marengo,30
Via Franzoj,30
Via Verona,30
Strada delle Traverse,30
Via Novara,30
Corso Italia,30
Via Foglizzo,-1
Via Paolo Gorini,-1
il poggio,-1
Strada Privata Nasi,30
Via delle Querce,30
Via Crescentino,30
Piazza Francesco Borromini,30
Piazzale Antonio Chiribiri,-1
Via Conte Emanuele Thesauro,30
Via Serrano,-1
Viale Antonio Gramsci,50
Strada dell'Aeroporto,50
Via Stellone,30
Piazza Bruno Trentin,-1
Via Tinivella,30
Lungo Po Armando Diaz,-1
Strada della Merla,-1
Via Giovanni Botero,-1
Via Costaguta,30
Strada dei Paletti,-1
Padana Superiore,90
Strada Rigolino,-1
Via Felice Briccarello,30
Corso Unità d'Italia,70
Strada Comunale Val San Martino Superiore,-1
Via Giuseppe Cavallo,50
Via Alfonso Balzico,30
Strada Commenda,-1
Piazza Luigi Ughetto,-1
Via Grado,30
Via Prunotto,30
Viale Colli,50
Via Colgiansesco,-1
Via Paesi Bassi,30
Via Bardonecchia, 77,30
Via Garavella,30
Via Oropa int. 58,30
Via Roccabruna,30
Via Solferino,30
Piazza Castello,-1
Via della Ginestra,30
Passaggio privato Arnaz,-1
Via Vicenza,-1
Piazzale Carena,-1
Via Tassoni,30
Piazza Santa Giulia,30
Via Giovanni Schiaparelli,30
Via Gaetano Donizetti,30
Via Don Tommaso Masera,30
Largo Casteldelfino,-1
Via Bossolasco,30
Strada Chieri Pecetto,-1
Via Giro',30
La Giassera,-1
Strada Miravalle,30
Piazza Bruno Caccia,-1
vicolo San Michele,30
Via Cervinia,30
Via Pragelato,-1
Via Don San Febbraro,30
Via Foligno,-1
Via Toscana,-1
Via Balbo,50
Corso Appio Claudio,30
Circonvallazione,-1
Via Canonico Giuseppe Chiadò,30
Via San Giovanni Battista La Salle,-1
Via Brignole,30
Via Volontari italiani del sangue,30
Strada Signagatta,-1
Via Riva del Garda,30
Via Siegert Aloise,30
Via Mirafiori,30
Via Clemente Damiano Priocca,50
Via Vittorio Amedeo Gioanetti,-1
Via Lussimpiccolo,30
Via San Vittore,-1
Via Francesco Ladetto,30
Strada al Traforo di Pino,70
Piazzale Regina Margherita,30
Via Giuseppe Verdi,30
Via Salvatore Quasimodo,30
Via Lose,-1
Strada Vicinale della Campagna,30
Viale dei Tigli,30
Via Gaspare Grandi,30
Via Pietro Egidi,-1
1A,-1
Corso Svizzera,50
Via Gavuzzi,30
Via Amerigo Vespucci,30
Via Sebastiano Grandis,30
Via Vincenzo Vela,30
Via Bricco Briot,-1
Via Alessandro Antonelli,30
Vicolo Verde,-1
Via Nuova Collegiata,30
Via Alfonso Badini Confalonieri,-1
Corso Unione Sovietica 252 bis,30
Via Pietro Toselli,30
Sentiero della lepre,-1
Strada Borgaretto,50
Viale della Repubblica,30
Via Bra,30
Via Eusebio Garizio,30
Pronto Soccorso - Emergency,-1
Via Tre Re,-1
Via Nazioni Unite,-1
Corso Spezia,50
Via Carlo Capelli,-1
Strada Basse di Stura,30
Via Mompantero,-1
Strada Provinciale Grugliasco Rivalta,50
Via Cavarzere,-1
Via Santa Caterina,30
Via Castagneri,30
Via Giuseppe Talucchi,30
Piazza Adriano,-1
Via Pietro Rolle,-1
Via Cervino,30
Via Italia,50
Via Giovanni Berchet,30
Strada Basse Dora,-1
Via Tirreno 155,30
Via Podio,-1
Via Sacra di San Michele,-1
Corso Luigi Settembrini,-1
Via Desana,-1
Corso Giovanni Pascoli,30
Via Giacomo Puccini,30
Piazza Massaua,-1
Passerella ciclopedonale sul Rio della Valle,-1
Via Umberto Saba,-1
Via Sordevolo,30
Via Giorgio La Pira,30
Strada Antica di Grugliasco,50
Piazza Di Vittorio,-1
Strada Madonna,-1
Via Luigi des Ambrois,-1
Via dei Colli,50
Via Muzzano,30
Via Fenoglio,30
Via Giuseppe Baretti,30
Via Giuseppe Sirtori,30
Via Gaspero Barbera,-1
Piazza Ruggero Bonghi,-1
Via Adolfo Arduino,30
Via San Bernardino,30
Via Chialamberto,-1
Via Monteponi,30
via Mappano,-1
Via Carlo Martinotti,-1
Via Rocca de Baldi,30
Via Nenni,-1
243,-1
strada Pagliare,-1
Via Limone,-1
Strada Sanda,30
Via Pietro Amateis,-1
Via Pescarito,30
Via Jacopo Jaquerio,30
Via Enrico Cavaglià,30
Strada 8,-1
Parco Ignazio Michelotti,-1
Via Alessandro Filippa,30
Via 1 maggio,50
Strada 3,-1
Via Enrico Toti,30
Strada 1,-1
Via Carlo Bossoli,50
Strada 7,-1
Tangenziale Nord,130
Strada 5,-1
Strada 4,-1
Pista ciclabile di Lungo Po Antoneli,-1
Via Albussano,30
Via Maria Teresa Fornasio,30
Via Carmagnola,30
Viale Primo Maggio,-1
Via Buffa,30
Via Ducale,30
Strada Confignasco,-1
Strada Mongina,30
Passeggiata Don Modesto Scaccabarozzi,-1
Via Giovanni Antonio Amadeo,30
Via Giovanni Schiapparelli,30
Via Regione Fiore,30
Vicolo degli Orti,30
via Menaluna,30
Via San Bartolomeo,-1
Viale Madonna di Campagna,30
Via Castellazzo,50
Via Vittorio Bottego,30
Corso Rodolfo Montevecchio,-1
Via Moncanino,-1
Via Zino Zini,50
Via Giovanni Poggio,-1
Via Malandrino,30
Piazza Stampalia,50
Via Gianbattista Niccolini,-1
Via Guerrino Nicoli,30
Piazza Enrico Toti,30
Via Umberto Balestreri,30
Via Gravere,-1
Via Giuseppe Luigi Lagrange,-1
Via Giorgio Pallavicino,30
Via Pergolesi,-1
Via Ferdinando Micheli,30
Via Giovanni Tommaso Terraneo,-1
Via Bene Vagienna,-1
Via Pianezza,30
Via Quinto della Robbia,-1
Via Stupinigi (interno),30
Via Beato Don Balbiano,30
Via Ugo Foscolo,30
Via Quarto,30
Via Paolo Braccini,30
Strada della Rovere,30
Piazzale Caio Mario,-1
Via Corino,30
Via Quasimodo,30
Via del Mulino,-1
Via Viterbo,30
Via Alfonso Nallino,-1
Via Pozzo Strada,-1
Via Belluno,30
Strada Decima,-1
Via Marco Minghetti,-1
Vicolo Gioberti,-1
Corso Alessandro Tassoni,50
Via Asinari di Bernezzo,-1
Via Puglia,30
Strada Antica di None,-1
Via Pianfei,30
Via Lima 6,30
Corso Canonico Allamano,50
S 22,-1
Via Beaulard,-1
Via Generale Carlo Alberto Dalla Chiesa,30
Strada della Perussia,30
Via Tiziano,30
Strada Antica di San Vito,30
abbandonato,-1
Via Natale Palli,50
Via Damiano Chiesa,30
Via degli Scavi,-1
Via Case Sparse,30
Via Col di Lana,30
Via Ticino,30
Via Terni,30
Via Borgomanero,-1
Via Osservatorio,-1
Via Mario Ponzio,-1
Via Gelsi,30
Via Levante,30
Strada Barchetto,-1
Via Luigi Ornato,-1
Via Carlo Botta,30
Via Vincenzo Cuoco,30
Strada San Firmino,-1
Piazza del Donatore,30
Via Carnia,-1
Largo Sempione,-1
Via San Germano,30
Via Carlo Urbani,30
Ponte Carpanini,-1
Via Abramo Lincoln,30
Corso Vinzaglio,-1
Via Polesine,-1
Via Bassano del Grappa,30
Via Paolo Boselli,30
Vicolo Pietro Micca,30
Via Quittengo,-1
Via Canonico Tancredi,30
Strada dei pasturanti,-1
Via Oscar Bellucco,30
Via Maroncelli,30
Strada della Vetta, 35,30
Via Domenico Carutti,30
Via Vajont,-1
Corso Monte Cucco,50
Via Monte Ortigara,30
Via Neghelli,50
Via Paolo Bentivoglio,-1
Via Alfredo Catalani,30
Via Ernesto Rossi,30
Via Tetti Civera,30
Via Fratelli Piol,-1
Viale Innocenzo Contini,-1
Via Monte Cervi,30
Via Giuseppe Grosso,-1
Via Avataneo,-1
Via Regina Pacis,-1
Via Stroppiana,-1
Via Dante,-1
Via Angelo Messedaglia,-1
via Alba,-1
via Grange int.,-1
Via Piedicavallo,-1
Via Madonnina,30
Via Nicomede Bianchi,30
Via Napoli,30
Via Umberto Giordano,30
Via Isler Ignazio,30
Via dei Cacciatori,30
Via Gran Sasso,30
Via Boccia d'Oro,-1
Strada Villastellone,30
Gran canyon 2,-1
via Risorgimento,30
Strada Ramea,-1
Pista Baden-Powell,-1
Via Claudio Beaumont,30
Via Sebusto,50
Via Elsa Morante,30
Via Osoppo,-1
Ponte su Via Santo Stefano,-1
Via Monte Bianco,30
Via Torino Pianezza,-1
Vicolo Stefano Geninetti,30
Strada del Carossio,30
Via Frugarolo,30
Via Amedeo di Francesco da Savigliano,30
Via Conte Rosso,-1
Via Monginevro,30
Via Beppe Fenoglio,30
Via Don Giovanni Bosco,30
Argine sud del Canale Cimena (deviazione),-1
Via Conte di Roccavione,-1
Via Esperanto,30
Strada Comunale Antica di Revigliasco,30
Via Briccola,30
Strada comunale del cimitero di Sassi,-1
Via A. Vivaldi,30
Via Angelo Sismonda,-1
Via Fantina,30
Viale Mattioli,-1
Via Sabotino,30
Via Revigliasco,30
Via Gaspare Saccarelli,30
Via Lesna,30
Via Cernaia,50
Tangenziale Sud,130
Variante del Dojrone,50
Piazza Solferino,-1
Via Vaglie,30
Strada dei Ronchi,30
Corte d'Onore,-1
Via Luigi Pasteur,30
Via Mondovì,30
Via Vicoforte,-1
Via Don Leonardo Murialdo,30
Via Giuseppe Galliano,30
Via Giuseppe Vicarelli,-1
fontanella,-1
Via Giuseppe Cafasso,50
Via Giulia Molino Colombini,-1
Via Capua,-1
Piazza Giovanni Marocco,30
Settimo Sud,-1
Strada della Barra,-1
Via XXV Aprile,30
Via Fratelli Rosselli,30
Via Montelimar,-1
Via Tripoli 10,30
Via Real Collegio,-1
Via Giandomenico Romagnosi,-1
11,-1
Piazza Pasquale Villari,-1
Strada Bardassano,50
Via Rocca Bianca,30
Via Giacomo Grosso,30
Via Arturo Bendini,30
Via Cesare Lombroso,-1
Piazza Sandro Pertini,30
Via None,30
Lungo Po Bellonio,30
Via Burzio,-1
Via Brunetta,-1
Via Pramollo,30
Via Vernea,-1
Via Passo del Brennero,-1
Via Giuseppe Pellizza da Volpedo,30
Via Verolengo 42,-1
Via F.lli Giordano,30
Strada San Giorgio,-1
Via Tarvisio,30
Vicolo Mungis,-1
Via della Margherita,30
Via Amalia Guglielminetti,-1
Piazza dell'Annunziata,-1
Via Giorgio Bidone,30
Via Giacomo Brodolini,-1
Via Luisa del Carretto,30
Corso Rosselli,30
Piazza Omero,-1
Via Giuseppe Randaccio,-1
Via Monte Vodice,30
Via Eremo,50
Piazza Matteotti,30
Via S Generoso,30
Piazza Papa Giovanni Paolo II,-1
Via Caprie,-1
Via San Remo,30
Via Faudizio,30
Via Tetto Nuovo,30
Strada vicinale Bellacomba,-1
Via Carlo Giovanni Brugnone,30
Via Sant'Agnese,30
Corso Moncalieri 494,30
Via Verres,-1
Via Mazzini,30
Piazza Francesco Crispi,30
Viale del Cimitero,-1
Via Rosselli,30
Via Gressoney,30
Strada G. della Valle,-1
Via Thonon,30
Via Caluso,30
Via Praglia,30
Via Venaria 79,30
Via Enzo Ferrari,30
via Locana,30
Via della Rocca,30
Via Lodi,30
Strada Gerbidi,30
Via Nicola Porpora Interno 29,30
Strada Cebrosa,50
Strada del Vibernone,-1
Strada della Braia,-1
Via Lera,-1
Via Barletta 109,30
Via Soana,30
Piazza Nazario Sauro,-1
Via Gallina,30
Via 8 marzo,-1
Via Giacinto Collegno,30
Via Gassino,30
Via Paolo della Cella,-1
Via Boston 122,30
Via della Vallà,-1
Via Frinco,30
Via Edmondo de Amicis,30
Via dei Ronchi,-1
Corso Regio Parco,30
Via Challant,30
Via Castello,30
Via Luigi Calabresi,30
Via Vittorio Alfieri,30
Strada Comunale d'Harcourt,30
Via Portofino,30
Via Gaspare Gorresio,-1
Piazza Giuseppe Luigi Lagrange,-1
Via Antonielli,30
Via Matteo Bandello,30
Via Busano,30
Corso Massimo D'Azeglio,70
Strada Genova 82,30
Via Tepice,30
Viale Veneto,30
Via Lucrezio Caro,30
Via Vittorio Zanellato,-1
Via Gaeta,30
Strada Provinciale per Chieri,-1
Viale Matteo Maria Boiardo,30
Via Locana,30
Via Giacomo Zanella,30
Via Gran San Bernardo,30
Via Villafranca,30
Corso Traiano 68,-1
Via Salassa,-1
Corso Traiano 64,-1
Strada del Nobile,30
Largo Città Gemellate con Rivoli,-1
Lungo Dora Firenze,-1
Viale Giuseppe Mazzini,-1
Strada Maiasco,30
Via Carlo Lorenzini,-1
Via Giovanni Emanuel,-1
Via Gandhi,30
Via Giordano Bruno,30
Strada 15,-1
Via Biella,30
Largo Mentana,30
Strada 12,-1
Strada 11,-1
Strada 10,-1
Via Mondrone,30
Via dei Mercandilli,-1
Via Valperga Caluso,50
Corso Ferrara,30
Via Umberto I,50
Via Newton,30
Piazza CLN,-1
Via Cardinal Maurizio,-1
Via Loano,30
S16,-1
Via Buenos Aires,30
Piazzale Pola,30
Strada dei Foglienghi,30
Autostrada A6 La Verdemare,130
Via Raimondo Montecuccoli,-1
Via Luigi Pirandello,30
Via Rosta,30
Via Pietro Micca,30
Via Oriale,30
Corso Rosselli 99 interno 12,30
Via Bari,-1
Via Braille,30
Via Manfredo Fanti,30
Via Staffarda,30
Via Orsola Rossi Maffiotti,-1
Via Bertini,-1
Corso Belgio,50
Via Arnaud,30
Via Cruto,30
Corso Duca degli Abruzzi,30
Via Vipacco,30
Strada dei Biasoni,30
Via Nostra Signora della Scala,30
Via dei Gladioli,30
Via Ottavio Revel,-1
Via Piemontesi Pasque 1655,30
Via Bruno Stefanat,-1
Via Cristoforo Beggiamo,-1
Strada Villaretto a Borgaro,30
Via Santa Maria Goretti,30
Strada comunale alla Basilica di Superga,-1
Viale Giacomo Matteotti,-1
Strada Revigliasco,da 257 a 263,30
Cortile del Maglio,-1
Via Francesco de Rosa,30
Sentiero del tritone,-1
Via 2 Giugno,30
Via Augusto Berta,30
Strada Monsagnasco,-1
Rotta Verna,-1
Via Monte di Pietà,-1
Via Tirasegno,-1
Via Giovanni Pascoli,30
Via Andrea Sansovino N. 243,30
Via Salgari,30
Via Lombardia,30
Via Vittorio Andreis interno 18,-1
Via Mirabello,30
Viale Regina Margherita,-1
via Cavour,30
Lungo Dora Savona,30
Via Lombriasco,30
Via Vittorio Colomiatti,30
Via Levone,30
Via Giovanni Spano,30
Via Timoteo Riboli,30
Piazza Tre Vie,-1
Via delle Fabbriche,30
Via Lattes,30
Via Ferdinando Magellano,-1
Passaggio Privato Pianceri,30
Strada Bric della Croce,-1
Via Giuseppe Bravin,30
Via delle Margherite,30
Via Giambattista Gropello,30
Via Rio de Janeiro,30
Via Teologo Antonino,30
Via Luigi Spazzapan,-1
Via Alphonse Daubree,30
Strada della Cecca,-1
Via Grecia,30
Via Alfonso Ogliaro,-1
via Castello,-1
Via Morardo,-1
Via Liguria,-1
Strada Ribore,30
Strada Consortile del Lauro,30
Via Raffaello Sanzio,50
Via Filippo Turati,30
Piazza Svezia,30
Traccia abbandonata - rovi,-1
Via Luigi Firpo,30
Argine nord del Canale Cimena,-1
Via Michelangelo Tonello,30
Via Andrea Vochieri,-1
Corso Telesio,-1
Via Tetti Alassa,-1
Via Vistrorio,30
Viale Ottavio Mario Mai,-1
Via San Pietro,30
Via Sangro,30
Strada Provinciale del Gerbido,-1
Via Pavone,30
Via Beato Bernardo,30
Via del Rivo,-1
Strada Airali,30
Strada Revigliasco, 251,30
Corso Giuseppe Garibaldi,50
Via Carlo Pinchia,30
Via Lancia,30
Via Alpignano,50
Viale Vif,-1
Piazza SS Pietro e Paolo,30
Via Brione,30
Strada Com Cimitero di Cavoretto,-1
Via Giacomo Rossini,30
Via degli Artisti,-1
Via Cogne,30
Via Borgoticino,30
Via Giovanni Battista Bricherasio,30
Corso Giambattista Beccaria,50
Via Roberto Crescenzio,30
Via Bardonecchia,30
Via Cosseria,30
via Boves,-1
Via Parrochiale,30
Strada del Pansa,-1
Viale Cadore,-1
Via Ormea,30
Via Giuseppe Depanis,-1
Piazzale degli Alpini,30
Viale Martiri della Libertà,30
Via Vittorio Amedeo II,30
Via Lanusei,30
Via Giovanni Camerana,30
Via R. Leoncavallo,30
Ponte Sassi,50
Via Cielo,30
via Carignano,-1
Via Giacinto Gallina,-1
Via Borgarelli,30
Rotta Bottion,-1
Strada Foratella,-1
Viale Giustetti,30
Via Borgarello,30
Via Luigi Rolando,30
Via Gallarate,30
Via San Giuseppe Cafasso,30
Via Trieste,30
Via Sant'Antonio,30
Via del Ballo,30
Via Pintor Giaime,30
Via Teresio Perino,30
Via Valeggio,-1
Via Rigolfo,30
Piazza Gustavo Modena,-1
Via Rodolfo Bettazzi,-1
Via Oulx,-1
Via Villa di Montpascal,30
Corso Benedetto Brin,-1
Via Pessinetto,-1
Pista ciclabile di Corso Giulio Cesare,-1
Viale Francesco fasano,30
Via Como,30
Strada Provinciale Chieri Pecetto,-1
Largo Filippo Turati,-1
Via Oglianico,-1
Via Accampamento,30
Via Pietro Giuria,30
Via Ilarione Petitti,30
Via Nomaglio,30
Via Pomaro,30
Strada Mongreno,30
Via Gaspare Piccolo,30
Via Can Candido Balma,-1
Via Fagnano,-1
Via Vittorio Actis,30
Via Monte Pasubio,-1
Strada Fornacino,50
Via De Amicis,-1
Via Ludovico Bellardi,-1
Via Silvestro Lega 32,30
Via Pietro Bonfante,30
Via Vincenzo Porri,30
Via dei Prati,-1
Via Saluzzo,30
Sentiero dei gigli,-1
Piazza Maria Teresa,30
Via Gian Francesco Re,30
Via Perugia,30
Strada del Lionetto,-1
Via Generale dalla Chiesa,-1
Via Fiesole,-1
Via Bernardino Lanino,30
Strada dei Tadini,30
Via Vitozzi,30
Piazza Marconi,30
Via Urbino,30
Via Saverio Mercadante,30
Via Guido Gozzano,30
Via Rochemolles,-1
Via Volta,30
Via Calvo,30
Vicolo Bormida,30
Strada Pendina,30
Via Carlo Castelnuovo delle Lanze,30
Via della Piombia,-1
Via dei Foglienghi,30
Via Canelli,30
Via Michele Schina,30
Via dei Castori,30
Via Fiume,30
Pronto Soccorso - Emercency,-1
Vicolo Cesare Benevello,-1
Corso Torino,70
Vicolo Mameli,30
Via Ippolito Pindemonte,-1
Via Gerolamo Tiraboschi,-1
Via Ferdinando Bonsignore,-1
Strada Rosmarino,-1
Via Malta 36,30
Via Artigianelli,30
Via Dalmazio Birago,30
Via Montalenghe,-1
Via Sapri,30
Via San Ponzio,-1
Strada Bottione,30
Via Verzuolo,30
Via Oddino Morgari,30
Via Verdi,50
Via Belvedere,30
Via Gattinara,30
Viale Dante Di Nanni,30
Via Ossole,50
Corso Machiavelli,50
Piazza Giovanni Toselli,30
Via Confalonieri,30
Via Felice Rignon,-1
Via Paolo Ferrari,30
Via Carlo Marenco,30
Strada dei Rodini,-1
Corso Generale Govone,30
Viale delle Industrie,-1
Torre di Pino,-1
Viale Svezia,-1
Viale Giuseppe Giuliano,30
Viale Vittoria,30
Vicolo San Martino,30
Via Canua,30
Via cà Bianca,-1
Sentiero delle querce,-1
Via Ippolito Nievo,30
Via Fermi,30
Via Don Giovanni Peretti,30
Strada Comunale Di Mirafiori,30
Via Dogliani,-1
Via Moriondo,-1
Via del Campo,30
Piazza Nizza,30
Via Paganelli (scale interne),-1
Via Brissogne,30
via 1° Maggio,50
Via San Giovanni Bosco,30
Via Giambone,30
Via Carlo Alberto,-1
Via Vittoria,-1
Via Antonio Fabro,-1
Via Stampalia,30
Corso Trieste,70
Via Niccolò Paganini,30
Via Anastasio Germonio,30
Largo Palermo,30
Via Volturno,30
Via Paisiello,30
Via Giambattista Lulli,-1
Corso Trattati di Roma,-1
Strada Nizza,50
Via Giuseppe Di Vittorio,30
Via Alessandro Vittorio Papacino,30
Strada IV Novembre,-1
Via Badini Confalonieri,30
Via San Marco,30
Vicolo San Rocco,30
Via Rodolfo Montevecchio,-1
Via dei Passeri,30
Via Giosuè Borsi,30
vicolo Caprera,30
Via Neirotti,30
Vicolo Fantino,30
Via Jacopo Durandi,-1
Via Arquata,30
Via Juglaris,50
Largo Maresciallo Rosario Berardi,30
Via Alassio,30
Largo Luca Della Robbia,-1
Via Gabriele D'annunzio,-1
Strada Pino Torinese,-1
Via Canonico Bosio,30
Piazzale Duca d'Aosta,-1
Via Umberto Vignolini,30
Via Senatore P. Canonica,30
Strada Alta di Mongreno,-1
Strada Sant'Anna,30
Strada Storta,-1
Via Publio Virgilio Marone,30
Via Zalli,30
Via Emilio Salgari,30
Piazzetta Reale,-1
Via Ettore Biamino,30
Via C.L.N.,30
Largo Montegranero,30
Via Peschiera,30
Via della Libertà,-1
Via Canonico Sona,30
Vicolo San Vincenzo,30
Via Petrarca,30
Piazzetta Università Mastri Minusieri,-1
Via Philips,30
Piazzetta Battaglione Aviatori,-1
Via Francesco Paciotto,-1
Via Ruggero Leoncavallo,30
Via Giuseppe Saragat,-1
Via Gian Giacomo Planteri,30
Vicolo Galli,30
Piazza Giuseppe Garibaldi,30
Via Cecchi,50
Via Duino,30
Via Candiolo,30
Via Parma,30
Via Mombarcaro 105,30
Via degli Approcci,-1
Via Alfonso Lamarmora,30
Via Vittoria Colonna,30
Via Primo Maggio,30
Via Papa Giovanni Paolo II,-1
Quinta Strada,-1
Via Bezzecca,30
Via Amendola,30
Via delle Magnolie,30
Viale Porta Piacentina,30
Via Gabriele Rossetti,-1
Via Antonio Cambiano,30
Via XX Settembre,30
Via Cooperativa Lime,30
via Borgna,50
Via dei Pasturanti,-1
Piazza Gianni Rodari,-1
Via Cena,30
Via Monte Asolone,30
via Einaudi int.,30
Autostrada della Valle d'Aosta,130
Strada Militare Carlo Grassi,-1
Via Enrico Mattei,-1
Via Chisola,30
Via Baveno,-1
Via Ricotti,30
Via della Ciocca,-1
Via Virgilio,30
Via Sotti,30
Piazza Forchino,-1
Via Spalato,-1
Via Giuseppe Giusti,30
Viale Medici Del Vascello,-1
Via Bianzè,-1
Corso Cesare Correnti,30
Strada Gorree, 40,30
Via Sangone,30
Strada Rebaude,-1
Via Lunga,50
Via della Brusà,30
Via Sappone,30
Via XI Febbraio,30
Via Morghen,30
Via Coppi,30
Largo Giovanni Migliara,30
Via Accademia delle Scienze,-1
Via Finalmarina,-1
Via Quinto Bevilacqua,30
Via Conte rossi di Montelera,-1
Piazza Franco Basaglia,-1
Via Giuseppe Sapeto,-1
Via Tommaso Agudio,70
Via Col di Cadibona,30
Via Giovanni Carlo Cavalli,30
Via Beato Angelico,30
Via Malone,-1
Diramazione per Moncalieri,130
Piazzetta della Chiesa,30
Corso Rosselli 123,30
Pista Mirafiori,-1
Via Ercole Ricotti,30
Via Dante Di Nanni,50
Via dei Fraschei,30
Via della Gualderia,30
Via Vittime di Piazza Fontana,-1
Via San Gabriele,30
Via Giovanni Battista Crosato,30
Via Lucento,30
Va Carpeneto,-1
Giuseppe Garibaldi,-1
Via Berlinguer,30
Via Testona,30
pineta,-1
Via Rino Gaetano,30
Via Giuseppe Ricci,30
Via Viù,30
Via Vestignè,30
Via Fortunato,-1
Corso Trento,-1
Via Monte Albergian,-1
Via Salvatore Farina,-1
Via Vignasso,30
Via Ala di Stura,-1
Via Allessandria,30
Via dei Gelsi,30
Via Giovanni Michele Boccardo,-1
Piazza Antonio Riberi,30
Via Oslavia,30
Vicolo Maritano,-1
Via Santa Chiara,30
Via Masserano,30
Via Bessanese,30
Via G Marconi,50
Via Colombetto,50
Via Belgirate,30
Strada alla Villa Quiete,-1
Via Giovanni Battista e Carlo Felice Biscarra,30
Via Roaschia,30
Via Carlo Poma,30
Via Galvani,-1
Via Baretti,30
Via Dante di Nanni,30
Via Serea,30
Viale Papa Giovanni XXIII,30
Via Tonale,30
Via Graglia,30
Via Michiardi,30
via Altieri,30
Via Cinzano,-1
Vicolo Savonarola,-1
Antica Strada tra Trofarello e Revigliasco,-1
Via Monsignor Adolfo Barberis,30
Via Edoardo Daneo,-1
Via del Ridotto,-1
Via Teresio Pochettino,30
Piazza Alberto Pasini,70
Via Tana,30
Via Guido Rey,-1
Via dell'Industria,30
Via Caselle,30
Via Alfredo Oriani,-1
cambogia corta,-1
Via Pier Carlo Boggio,-1
via XX Settembre,30
Via Giovanni Destefanis,30
Via Lucia Savarino,-1
Via Nuova,30
Via Barnaba Panizza,30
Piazza Roma,-1
Via Castelmirafiori,30
Via Foscolo,-1
Anello verde,-1
Via Giovanni Servais,50
Via dei Faggi,30
Via G Mazzini,30
Via Luigi Ferdinando Marsigli,30
Viale Giovanni XXIII,50
Via Juvarra,30
Tunnel Carlo Donat Cattin,-1
Via Giovanni Martina,30
via Italia,30
Strada Bussolino,50
Vicolo Grosso,30
Via Vittorio Bersezio,30
Via Salemi,-1
Via Bainsizza,-1
Piazza Giuseppe Manno,-1
Via Principe di Piemonte,30
via Ischia,30
Via Pierangelo Bertoli,-1
Piazzetta Aldo Moro,-1
Piazza della Repubblica,30
Corso Verona,30
Via Guglielmo Pepe,30
Via Bollengo,30
Via Fanti,-1
Lungo Po Niccolò Macchiavelli,30
Via Germania,30
Via Aosta,30
Piazza fratelli Cervi,-1
Via Campanella,30
Via Alessandro Galante Garrone,30
Via Palere,30
Corso Brianza,50
Via Monte Grappa,30
Strada Cigala,30
Vicolo San Pietro,-1
Via Cirenaica,30
Via Primo Levi,30
Via De Gasperi,30
Via Garessio,30
Sottopasso Michele Lanza,70
Via Nicolò Paganini,50
Via Iseo,30
Vicolo Santa Maria,-1
Via Gaetano Salvemini,30
Via Maria Adelaide,30
Via Dora,30
Via Sesia,30
Via Alessandro Carroccio,30
Via Nicolò Barberis,-1
Via Traversella,30
Via Giuseppe Maria Bonzanigo,30
Via Nole,30
Via Valle,30
Via Gabriele D'Annunzio,-1
Via Nicola Fabrizi,-1
Rosmarino basso,-1
Via Carlo Tenivelli,-1
Via Avellino,-1
Lungo Dora Pietro Colletta,30
Via San Giovanni,30
Via Domenico Millelire,30
Via San Lazzaro,-1
Via Pasteur,30
Via Rodolfo Montevecchio 21,30
Via Canonico Pennazio,30
Via Andezeno,30
Piazza Carignano,-1
Via San Camillo de Lellis,-1
Via Polonghera,30
Via Gabriele Chiabrera,30
Via Giovanni Battista Gardoncini,-1
Piazza Francesco Carrara,30
Ponte Regina Margherita,70
Via Filippo Juvarra,30
Viale Fabrizio De Andrè,30
Via Alessandro Roccati,30
Via Cialdini,-1
Via Bertani,-1
Viale Fabrizio De André,30
Via G.Damaso,30
Via Mottarone,-1
Via Pinto,30
Via Giacinto Pacchiotti,30
Piazza Marinai d'Italia,30
Via Caserta,-1
Vicolo Vincenzo Monti,-1
Strada Antica di Rivalta,-1
Via Don Michele Rua,30
Via Pompeo Colajanni,30
Piazza Cesare Pavese,-1
Via Trinità,50
Strada Comunale del Portone,50
Viale Berlinguer,30
Via Don Bava,30
Via Roberto Biscaretti di Ruffia,30
Via Dante Alighieri,30
Via Carlo Bossi,-1
Galleria,-1
Via Varisella,30
Via Giulia di Barolo,-1
Autostrada del Pinerolese,130
Strada vicinale di Rosero,30
Via Carlo Pizzorno,30
Via Navone,30
Via Lazzaretti,30
Via Val Sangone,30
Via Vernante,30
Via Riccardo Zandonai,-1
Via Vittorio Amedeo Cignaroli,-1
Piazza Dante,30
Piazza Polonia,-1
Via Meinardi,30
Via Rimini,30
Via Tetti Vasco,30
Via Ernesto Ragazzoni,-1
Via Sicilia,30
Via Cardinale Gaetano Alimonda,-1
Via Francesco Petrarca,50
Via Beinette,30
Via Valle Balbiana,50
Piazza Guido Gozzano,30
Via Franco Alfano,-1
Via Odardo Tabacchi,30
Via 24 Maggio,30
Via Beinasco,30
Corso Giulio Cesare,30
Via Amalfi,30
Viale Suor Giovanna Francesca Michelotti,-1
Via Tetti Agostino,-1
Strada del Redentore,30
Strada delle Berchie,30
Via Maria Vittoria,-1
Via Croce,30
Via Ponte Vecchio,-1
Via Osasco,-1
Salita Padre Denza,-1
Via fratelli Vasco,-1
Via Federico Campana,-1
Strada Chivasso,-1
Via Melezet,-1
Strada dei Forni e Goffi,-1
Piazza Amedeo Peyron,-1
Via L Ariosto,-1
Via del Tario,30
Via Celeste Negarville,30
galoppatoio,-1
s 61,-1
Via Bertone,-1
Via Principessa Clotilde,30
Via Viverone,-1
s 64,-1
Via Luigi Cherubini,30
Via Carlo Pittara,30
Vicolo Buonarroti,30
Viale Leonardo Bistolfi,-1
Passerella Franco Mellano,-1
Piazza Vetta d'Italia,30
Via Elvo,30
Via Chiomo,30
Via Ceva,-1
Via Giuseppe Pomba,-1
Via Dogali,50
Via Molino della Splua,30
Via Nizza,50
Piazza Duca d'Aosta,30
Via Giacosa,30
Via Odo Lucchese,-1
Strada Volvera,50
Strada Balmera,30
Via Monteu da Po,30
Via Pascoli,30
Via Carlo Porta,30
Via Giovanni Cravero,30
Corso Castelfidardo,-1
Via Edoardo Calvo,30
Via Alfonso Bonafous,-1
Via Sacra San Michele,-1
Via A. Modigliani,30
Corso Inghilterra,30
Via Edoardo Calvi,30
Piazza Antonio Fontanesi,30
Via San Simone,-1
Strada Bongiovanni,-1
Strada comunale Villaretto a Borgaro,-1
Via De Matteis,30
Via Tancredi Pozzi,30
Via Volpiano,30
Via Ascianghi,50
Rosmarino alto,-1
Via Paolo Sacchi,50
Viale Partigiani d'Italia,30
Vicolo Bastioni della mina,30
Via Don Mosso,30
Via Angelo Scarsellini,30
Via Piobesi,-1
Via Arnaldo da Brescia,-1
Via San Bernardo,30
Via Palazzo di Città,30
Via II Giugno,30
Via Fogazzaro,-1
Via Monviso,30
Via Melchiorre Gioia,-1
Via Giuseppe Gramaglia,30
Via Antonio Banfo,-1
Via Luciano Borri,-1
Via Osvaldo Alasonatti,30
Via Giovanni Zambelli,30
Via Forlì,30
Via Martiri di Cefalonia e Corfù,30
Via Luigi Palma di Cesnola,30
Largo IV Marzo,-1
Corso Carlo Brero,-1
Via Canavere,-1
Via Rantano,50
via Ugo Foscolo,30
Via Guarniero,30
Via Cevino,30
Segue Via Petrarca,30
via Fenestrelle,-1
Strada dei Falconieri,-1
Via Leonardo Murialdo,50
Via Papa Giovanni XXIII,30
Via E. Rampart,30
Ponte Bologna,50
Via Giuseppe Paganelli,30
via Rovereto,30
Via dei Quartieri,30
Via Scipio Slataper,-1
Via dei Lavandai,30
Strada Carignano,30
Via Rocco Scotellaro,30
Via Pietro Francesco Guala,30
Via Montebello,30
Via Secondo Mellano,-1
Via Ignazio Galletti,30
Via Accademia Albertina,30
Via Tripoli,30
Via J. F. Kennedy,-1
Via Umberto 1°,30
Via Pantelleria,30
Via Tiziano Vecellio,30
Via Policarpo Petrocchi,30
Via Angrogna,30
Via Chiaro Davanzati,30
Via Cortemilia,-1
Via Montello,30
Via Giordano,30
Via Giuseppe Gavello,-1
Via Gaetano Casati,-1
Via Ludovico Geymonat,30
Via Andrea Cisi,-1
Via Luigi Vanvitelli,-1
vicolo Bonino,30
Via Francesco Ferrucci,-1
Piazza Bellingeri,-1
Viale Cimitero,-1
Via Enrico Fermi,30
Via Galliate,-1
boschetto,-1
Via Eugenio Curiel,-1
Via Antica di Rivoli,-1
Via Spagna,30
Svincolo Brandizzo Volpiano,-1
Via Leoncavallo,30
Strada Sabena,30
Strada Vicinale di Bruino,-1
Via Assisi,30
Via Giovanni Battista Gandino,-1
Via Fratelli Varian,50
Corso Lione,30
Calcetano,-1
Via Vistrorio 111,30
Via Lorenzo Bartolini,-1
Corso Generale Giuseppe Govone,30
Strada Val Pattonera,50
Via Castelnuovo,30
Via Pietre,30
Piazza Giuseppe Failla,-1
Strada della Quaglia,30
Via Maria Teresa,-1
Via Primo Barbi Cinti,-1
Piazza don Paolo Albera,-1
Via Cercenasco,-1
Via Fratelli Kennedy,30
Vicolo Appiano,-1
Via Santena,30
Ponte Amedeo IX il Beato,-1
Via Settembrini,30
Via Alessandrina Ravizza,-1
scalini,-1
Strada Rondapaletto,30
Quadrivio Raby,50
Piazza Camillo Bozzolo,-1
Via Teofilo Rossi,-1
Via Dovis,30
Viale Europa,50
Via Guglielmo Marconi,30
Viale Perugia,-1
Via Pietro Frattini,30
Via Ischia,-1
Via San Marino 103,-1
Quarta Strada,-1
Via Mappano,50
Via Svizzera,30
Corso Re Umberto,30
Via Malosnà,30
Via Magenta,30
Corso XXV Aprile,50
Largo Paolo Braccini,-1
Via Caresana,30
Via Italo Svevo,30
Via Alagna,-1
Strada Brandina,30
Via Regno Unito,30
Via Adelaide Aglietta,30
Via Antonio Pigafetta,30
Piazza gran Madre di Dio,-1
Via Avezzana,30
Via Passo Buole 110,30
Via Borgo Dora,30
Via Glizio Quinto Attilio Agricola,30
Via Carolina Spanna,-1
Via Sagliano Micca,30
Via Monte Tabor,30
Via Santagata,30
Via IV novembre,30
Via Balangero,30
Via degli Abeti,30
via Vittorio Amedeo II,-1
Via Aldo Canale,50
Via Varese,30
Viale San Pancrazio,30
Strada Praciosa,30
Viale Maina,-1
Via Vincenzo Lancia,-1
Via Michele Antonio Vibò,-1
via Firmino Lucco Bossù,30
Via Centroni,-1
Via Cigliano,30
Via Giuglielmo Reiss Romoli,30
Via Carlo Leone,-1
Vicolo Moris,-1
Via Mercanti,30
Strada Provinciale 6 di Pinerolo,70
Via Filadelfia,30
Piazza Leumann,30
Via Rondò Bernardo,-1
Passerella La Pianca,-1
Via Spallanzani,30
Via Iseppon,-1
Via San Giacomo,30
Strada della Giardina,-1
Strada Genova,70
Via Amedeo di Castellamonte,-1
Via Luigi Federico Menabrea,30
Via Costantino e Maria Brighenti,-1
Via Madonna delle Rose,30
Via Mario Pagano,-1
Via Giacomo Leopardi,50
Via Marentino,30
Via San Tommaso,-1
Via Italia 61,30
Via Alessandro Paravia,-1
Via Madre Teresa di Calcutta,30
Via San Luigi int.,30
Via Vittime di Bologna,30
Via Pullino,-1
Via Inghilterra,30
Via Cav. Luigi Mussino,30
Via Lesegno,30
Via Tommaso Negro,-1
Via Bicocca,30
Viale dei Roveri,-1
Via Lombardore,-1
Ferrero,-1
Via Fratel Prospero,30
Via Vincenzo Ponsati,30
Via delle Trincee,30
Via Fratelli Cairoli,30
Via Carlo Boncompagni,30
Via Leonardo Fea,-1
Via Belli,30
Via Arduino,30
Strada Rivalta,50
Viale Segre,30
Via al Borgo,30
Strada dei Boschi,-1
Strada della Bassa,30
Passaggio da Via Vittorio Alfieri a Via XXV Aprile,-1
Via Piemonte,30
Via Benaco,30
Via Astegiano,30
Via Valgioie,30
Vicolo dei Fantini,30
Via Martiri di Belfiore,30
Via Ortigara,30
Corso Bernardino Telesio,-1
Strada della Falconera,-1
Via Gioacchino Rossini,30
Via Luigi Gramegna,-1
Strada Palera,-1
Sentiero Arcobaleno,-1
Piazzale Adua,-1
2,-1
Via Valenza,30
Via Tommaso Grossi,30
Strada Vivero,50
Via Porta Palatina,-1
Viale Umbria,30
Via Caravaggio,30
Via Publio Elvio Pertinace,30
Via Savigliano,30
Via Pescara,30
Via Tempio Pausania,30
Via S Mellano,-1
Via Broni,-1
Via Aristide Faccioli,-1
Via Sisto IV,-1
vicolo Chiatellino,30
via Mario Brundi,-1
Via Ventimiglia 16,30
Via Roccati,30
Vicolo Gioia,-1
Via Binello,30
Via Pietro Bonino,-1
Strada del Meisino,30
Strada Visone,30
Via Fratelli Carle,-1
Via Nervesa della Battaglia,30
Via Sansovino,-1
Largo Maurizio Vitale,30
Corso Bolzano,50
Via Pier Capponi,30
10,-1
Via Perosi,30
12,-1
14,-1
Via Fratelli Calandra,-1
Pista di Prova del Lingotto,-1
Via Perosa,30
Piazza Crimea,50
Via Bizzozzero,30
Via Antonio Riberi,30
Sentiero della cresta,-1
Via Annie Vivanti,30
Parco Italia 61,-1
Piazza Silvio Pellico,30
Piazza Chiesa della Salute,30
Via Giotto,30
Largo Giulio Cesare,30
Via San Francesco D'Assisi,30
Strada del Bottone,-1
Via Ronchi,30
Piazza Statuto,70
Largo Montebello,30
Piazza Dante Livio Bianco,-1
Str. Tetto Mensone,30
Strada Prato Nuovo,-1
Via Andrea Pozzo,30
Via 11 Febbraio,30
Via Principi d'Acaja,-1
Via Somalia,50
Via Ravaz,-1
Via Gianoglio,-1
Via Minghetti,-1
Largo Pastrengo,70
Via Firenze,30
Via Torricelli,30
Via San Maurizio,30
Corso canonico Giuseppe Allamano,50
Via Pollone,30
Piazzale Europa,-1
Via Donato Bachi,30
Via Camillo Riccio,30
Via Federico Patetta,30
Strada venaria,30
Via Nobel,30
Rotonda Maroncelli,70
Via Merano,30
s 51,-1
Piazza Umberto I,30
Via Castellamonte,30
Strada della Viola,-1
Via Romagna,-1
Strada della Costa,30
Strada G. Scarafiotti,30
Via Oitana,30
Via Giuseppe Barbaroux,30
Piazza Bionda,30
Piazza Hermada,50
Strada Moncalvo,30
Via dei Villini,30
Via D alighieri,-1
Largo Leonardo da Vinci,30
Via Giulio Pastore,-1
Via San Francesco da Paola,-1
Via Stella Maris,30
Via Flora Pretegiani,30
Strada comunale Val Pattonera,30
Via Genola,-1
Sentiero dello scoiattolo,-1
Galleria Umberto I,-1
Via Ferruccio Parri,30
Via Ignazio Porro,30
Largo Saluzzo,-1
Via Germagnano,-1
Via Don Mario Caustico,30
Via Nichelino,30
Via Giolitti,30
Via Perrero,30
Strada Comunale di Superga,50
Via Foratella,30
Via Belmonte,30
Via Santorelli,30
Corso Palestro,30
Via Bruino,30
Via Severino Grattoni,30
Via Emanuele Artom,50
Via Lino Fortuna,30
Via Arbe,-1
Via Frejus,30
Corso San Maurizio,50
Piazza Giosuè Carducci,30
Strada Cantamerla,30
Via Emilio Bongiovanni,-1
Via della Bassa,30
Via Ernesto Lugaro,30
Via Bianca della Valle,-1
Via Carlo Noè,-1
Piazza 4 Novembre,-1
Via Duca degli Abruzzi,30
via Sebusto,-1
Via Pavarolo,30
Via Amedeo Ravina,30
Via Giovanni Ribet,30
Via Luigi Gatti,30
Via Andrea Cesalpino,30
Piazza del Monastero,30
Via Valle Miglioretti,-1
Via Borgaro,30
Via Napoleone Leumann,30
Piazza Desiderato Chiaves,30
Via Solero,30
Via Scrivia,30
Via Provana,30
Via Banchette,-1
Via Gianfrancesco Re Interno 9,30
Largo Maranetto,50
Strada Candiolo,50
Via Toce,30
Via Colleasca,-1
Viale Carlo Emanuele II,-1
Strada Villa Zanetti,-1
Via Salbertrand,30
Via Massimo Mila,30
Via Spirito Santo,-1
Via F.Magellano,30
Via Tommaso Villa,30
Via Verolengo,-1
Strada dell'Antioca,-1
via Gili,30
Via Giuseppe Timermans,-1
Via Circonvallazione Interna,50
Strada del Brero,-1
Viale Nuccio Bertone,-1
Via San Rocchetto,30
Piazza Trieste,30
Via Anselmetti,-1
Via Lorenzo Delleani,-1
Via Caterina Segurana,-1
Via Orsini,-1
Via Santarosa,30
Strada Marsè,-1
Via dei Roz,30
Via Alfieri,30
Strada Comunale di Bertolla,30
Via Consolata,30
Via Roncarella,-1
Via Leonardo Da Vinci,30
Via Cappel Verde,-1
Corso Principe Oddone,30
Corso Brescia,30
via Montiglio,30
Via Caporal Maggiore F. Positano,30
Piazzale Constantino il Grande,-1
Corso Rosselli 105,30
Via Gariglietti,30
Via Bottego,-1
Via Le Chiuse,30
Strada Loreto,-1
Strada Val Villata,-1
Stra' Crosa,-1
Via Montenero,30
Via Vincenzo Monti,30
Via Chiesa della Salute,30
Spina Reale,-1
Strada del Pascolo,30
Via Sant'Antonino,30
cavatappi,-1
Via Alpi Graie,30
Via Camillo Benso Conte di Cavour,30
Via Gozzano,30
Strada Vicinale Basse di Dora,30
Strada del Pesco,30
Via Rodolfo Renier 25,30
Strada Comunale di Mongreno int. 82,-1
Via Lorenzo Bongiovanni,30
Via Ettore Bugatti,-1
Via Frassineto,-1
Via antonio Trabalzi,30
Via Magnano,30
Via Guglielmo di Revigliasco,30
Via Luigi Massaia,30
Via Cavalieri di Vittorio Veneto,30
Via Baracca,30
Via Crevacuore,-1
Via Villalovera,30
Via Nicola Porpora,-1
Corso Monte Lungo,30
Strada della Ressia,-1
Via San Quintino,-1
Strada comunale Val San Martino Inferiore,50
Strada Villa d'Agliè,30
Via Pistoia,-1
Via Lipari,-1
Via Adriano Audifredi,-1
Via Intra,30
Via all'Asilo,30
Via Fabio Filzi,30
Piazza Rivoli,70
Via Vittime del Vajont,-1
Strada dei boschi,-1
Strada Leone Fontana,30
Via Kussut,30
Via Roberto Ruffilli,30
Via Udine,30
Corso Casale,70
Via Ricasoli,30
Via Verbano,30
Corso Bruno Buozzi,70
Via Ciriè,30
Via Giovanni Verga,30
Via Allason,-1
Via Brandizzo,30
Corso Mortara,50
Passagi dël Caj,-1
Via Cesana,30
Via Marco Polo,30
Via Gobetti,30
Corso Galileo Ferraris,30
Piazzetta dei Filatoi,30
Via Grazia Deledda,30
Via Leopoldo Usseglio,30
Via Fantasia,30
Via Savonarola,30
Via Arno,30
Via Carlo Barrera,-1
Via Buschetti,30
Stupinigi,-1
Via Piemonte Villafranca,-1
Via Nino Salvaneschi,-1
Piazza Martiri della Libertà,50
Via Chisone,-1
Via Giuseppe Garibaldi,30
Via Boccardi,30
Via al Molino,30
Viale della Resistenza,30
Via Boccardo,30
Via Valdengo,-1
Strada Rubattera,50
Via Niccolò Tommaseo,30
Via delle Maddalene,-1
Via Giovanni Pacini,-1
Via Gaspare Spontini,-1
Via San Luigi,50
Via Vische,30
Via Collegno,30
60,-1
61,-1
Via Montalto,30
Via Tronzano,-1
Via Torta,30
Via Aldo Manunzio,-1
Strada degli Scavi,-1
Via del Lupo,-1
Via della Fontana,-1
Via Giovan Battista Pergolesi,30
Via dei Fontanili,-1
Strada Comunale San Vito di Revigliasco,30
Vicolo Evangelista Torricelli,30
Corso Principe Eugenio,70
Via Carlo Vidua,-1
Via Occelli,-1
Via Pacinotti,30
Via Don Bartolomeo Grazioli,30
Piazza XVIII Dicembre,50
Via Immacolata Concezione,30
Via Asigliano Vercellese,30
Via del Temo,30
Viale del Risorgimento,50
Via Andrea Provana,30
SCS-240,-1
Valle Gola,-1
Corso Siracusa,30
Via San Carlo,30
Via Antonio Giuseppe Bertola,-1
Corso Carlo Luigi Farini,30
Via Allason, da 82 a 92,30
Via Bassi,30
Via Generale Dalla Chiesa,30
Via Corrado Segre,30
Strada Maioe, 250, 252, 254,30
Via Monte Rosa,30
Piazza Savoia,30
Via Rosalino Pilo,-1
Piazza Baden Baden,-1
via Venaria,30
Via Jules Verne,-1
Rotta del Roppolo,-1
Piazza Galimberti,30
Piazzetta Andrea Viglongo,-1
Strada Statale 29 del Colle di Cadibona,70
Via Bessaneisa,30
Via Emilio Brusa,-1
Strada del Colle,50
Via Giovanni Argentero,30
Via Borgo Nuovo,30
Regione Cavallerino,30
Via Adua,30
Via Cesare Cervetti,-1
Via Lussemburgo,30
Via Mollardi,30
Via Capri,-1
Via Giacomo Bove,-1
Via Carlo Allioni,-1
Via Stelvio,-1
Via Tancredi Galimberti,30
Pista ciclabile di Corso Taranto,-1
Via Benevento,30
Via Reisina,50
Via Zumaglia,-1
Strada della Commenda 7,30
Via Mombasiglio,-1
Via Piscina,30
Piazza Parrocchia,30
Via Gilberto Mosele,-1
Via Cortassa,30
Via Bagnasco,30
Sentiero dall'Argine a Via della Costituzione,-1
Via Danimarca,30
Via Ferdinando Scamuzzi,30
Via Collegno - SP 177,50
Strada comunale da Bertolla all'Abbadia di Stura,30
Via San Marchese,50
Via Veneto,30
Via Piero Gobetti,30
Via Tintoretto,30
Via Castiglione,50
Piazzetta Carlo Mollino,-1
Via Felice Casorati,-1
Strada Comunale Pianezza Druento,-1
Via Andrea Gastaldi,30
Via Giandomenico Cassini,30
Via della Resistenza,30
Variante Stura Verde,-1
via Genola,30
via Parini,30
Piazza Tullio Robotti,30
Via Gino Capponi,30
Viale 24 Maggio,-1
Via Arrigo Olivetti,30
Via Ugo La Malfa,30
Via Pitocca,-1
Largo Vittorio Emanuele II,70
Via F. Cordero di Pamparato,30
Via Giulio Carcano,30
Via Amedeo Castellamonte,30
Via Berruti e Ferrero,30
Via Paolo Veronese,30
Via Tesso,-1
Via Roberto Ardigò,-1
Corso Ciro Menotti,30
Via Netro,30
Corso Chieti,30
Via Lucca,-1
Viale Torino,-1
Via Indro Montanelli,30
Via Cavagnolo,30
Rotta dei Boschi,-1
Corso Ciriè,-1
Piazzale Romolo e Remo,70
Via Calatafimi,30
Via Maurizio Beria,-1
Via Germano Sommeiller,30
Via Lucco,30
Via Digione,-1
Via delle Fonderie,30
Via Pallavicino,30
Corso Romania n. 501,-1
Strada Torino 32,-1
Via Riva,50
Via Carmelo Borg Pisani,30
Via Colombato,30
Via Settimo,50
Via Paolo Albertini,-1
Corso Peschiera,50
Via Longoria,30
Via Coazze,-1
Via Campi Rotondi,30
Via Leone XIII,30
Via Vasile Alecsandri,-1
Via Giaglione,30
Via Calcaterra,30
Strada delle Nuvole,-1
Via Vigone,-1
Via Fratelli Savio,30
Via Riccardo Arnò,30
Via Francesco Mittone,30
Piazza Cirene,-1
Via Montemagno,30
Strada Sabbioni,-1
Via Carlo Porporato,30
Regione Bronzina,30
Strada del Bossolo,30
Viale Seneca,30
Via Tetti Gay,-1
Via Millefonti,30
Via Monte Valderoa,30
Ciclostrada,-1
Via Mediterraneo,30
Via Quenda,30
Via Emanuele Luserna di Rorà,30
Strada del Barocchio,30
Via Issiglio,-1
Via Cuorgnè,30
Via Augusto Abegg,-1
Largo Vincenzo Lancia,-1
Via Merla,-1
Via Norberto Rosa,30
Strada del Fioccardo,30
Corso Fiume,30
Corso Gaetano Scirea,50
Via Filadelfia 219,-1
Piazza Gerolamo Fontana,-1
Strada Virana,50
Via Armando Diaz,30
Via Pian del Lot,30
Via Morozzo,30
Strada Piniere,-1
Via Guido Boggiani,30
Via Angelo Fortunato Formiggini,-1
Via Maria Bricca,30
Via Tommaso Bainotti,30
Via Carlo Ignazio Giulio,-1
Via Borgone,30
Via Pietro Ferrero,-1
Via Morandi,30
Strada Barauda,30
Via Ada Negri,30
Strada del Turco,30
Via Silvio Marietti,30
Viale Armando Diaz,-1
Via La Cassa,30
Piazza Edmondo De Amicis,30
Via Ternengo,-1
Corso Rosselli 91 bis,30
Via Castagnevizza,30
Via Occimiano,-1
Via Rodi,30
Piazza della Vittoria,-1
Via Vincenzo Gioberti,30
Via Giovanni Tobanelli,30
Via Edmondo De Amicis,50
Strada della Barberina,30
Via Perotto,30
Corso Parini,30
Via Bard,-1
Via Echirolles,50
Via Borgomasino,-1
Piazza Dante Alighieri,30
Via Vinovo,30
Via Galliera,30
Corso Alexander Fleming,50
via Saluzzo,-1
Via Garzigliana,30
Piazza Brennero,50
Vicolo Ivrea,-1
Via Fossano,-1
Via Francesco Branca,30
Strada Comunale del Villaretto,-1
Via Spotorno,-1
Via San Domenico,-1
Strada Vecchia del Moriondo,30
Via Gino Marinuzzi,-1
Via Rio San Gallo,50
Via Pinin Pacot,-1
Via Pratolungo,30
Via Bartolomeo Burocchi,-1
Via dell'Infanzia,30
Via Correggio,30
Via Arignano,30
Via Nostra Signora di Lourdes,30
Pietro Thouar,-1
Via Negro,30
Via Martino Spanzotti,-1
Via Caduti sul lavoro,-1
Strada della Pellerina,30
Viale della Rimembranza,30
Via Pian del Re,30
Strada Santa Vittoria,30
29, 63,-1
Via Rocciamelone,30
Via Leonardo da Vinci,50
Traforo del Pino,70
Strada Eremo,30
Piazza Amerigo Sagna,-1
Ponte George Washington,-1
Via Monterosa,30
Via Quart,-1
Via Pietro Giannone,-1
Via Nazario Sauro,30
Chiesetta,-1
Via Tetti Broglia,30
Piazza Giampietro Chironi,-1
Via Mincio,30
Via Col Di Lana,30
Via Alcide De Gasperi,30
Via della Speranza,30
Via Piacenza,30
Corso Raffaello,30
Largo Borgaro,-1
Via Francia,30
Via Ludovico Ariosto,30
Via Giuseppe Lagrange,30
Via Alleati,30
Via Cadore,-1
Via Benedetto Alfieri,30
Corso Romania,50
Via Castagnole,30
Piazza Don Amerano,30
Via Monesiglio,30
Corso Alcide de Gasperi,50
Via Fratelli Masino,30
Via A.Vespucci,30
Via Coni Zugna,30
Via Sassari,30
Via Mario Lisa,30
Strada della Pronda,30
Via Musine',30
Via Romero,-1
Via Caduti della Marsaglia,-1
Viale Marinai d'Italia,30
Strada Marse',30
Via Cardinale Maurilio Fossati,30
Via Tarino,-1
Via Federico Garlanda,-1
Via Adriatico,30
Strada della Maddalena,50
Via San Benigno,30
Via Camillo Guidi,30
Via Gorizia 40,-1
Via Giuseppe Giacosa 23,-1
Via Francesco Dellala,-1
Argine,-1
Via Sostegno,30
Via Bionaz,30
Via Vincenzo Steffenone,30
Via della Misericordia,30
Via Francesco Cigna,30
Via Fidia,-1
Via dell'Artigianato,-1
Strada Baldissero,50
Via Augustin-Louis Cauchy,-1
Via Torino Druento,50
Via Catania,30
Strada Castelvecchio,-1
Via N Macchiavelli,30
Via Betulle,30
Via Borgosesia,-1
Via Don Paolo Bertolino,30
Via Emilio de Marchi,-1
Viale Poly D'Aquen,30
Piazza Basilicata,30
Largo Francia,-1
Via Leopoldo Lanfranco,30
Strada del Gerbido,-1
Direttissima Torino Caselle,-1
Strada Vallero,30
Via dei Giardini,30
Via Matera,-1
Via Morazzone,30
Via Orta,30
Via Pier Fortunato Calvi,-1
Via Arborio,30
Via Sessanti,-1
Strada Serra Vecchia,30
Via Francesco Lemmi,30
Via Antonio Stoppani,-1
Via Giuseppe Alby,30
Corso Enrico Gamba,30
Via Pio VII,50
Via Evangelista Torricelli,30
Via Balbiano,30
Via Tunisia,-1
Strada Carlo Borgeisa,-1
Via Domenico Morelli,-1
Via Errico Petrella,30
Via Prarostino,-1
Via Pietro Cossa 280,30
Via Antonio Cantore,30
Via Giuseppe Berruti,-1
Viale Mughetti,-1
Via Mocchie,30
Via Ferrere,30
Via Casalborgone,30
Via Santa Croce,30
Via Achille Grandi,-1
Piazza Corpus Domini,-1
Via della Pace,30
Piazza Mochino,50
Via Giacomo Mattè Trucco,-1
600,-1
Via Staffette Partigiane,30
Strada del Cervo,30
Via Federico Garelli,30
Via Giovanni da Verrazzano,30
Via Fratelli Fornaca,-1
Via Cresta,30
Corso Belgio int. 86,30
Via Ozanam,-1
Piazza della Pace,-1
Via Bruere,50
Via Giambattista Vico,30
Via Villarbasse,30
Via Pavia,30
Via Mantova,30
Via Ermes Bazzanini,30
Via Padre Aliberti,50
Corso Rosselli 99,30
Strada Busello,-1
Strada Vicinale della Lauretta,30
Strada Pobbia,30
Piazza Caduti per la libertà,70
Via Oberdan,30
Via Antonio Labriola,30
Strada Negri,30
5,-1
Via Gambasca,30
Via Madonna della Stella,30
Via Michele Buniva,30
Strada del Ponte Verde,30
Via Madonna delle Salette,30
Via Goito,30
Via Catanzaro,30
Via Rosazza,30
Via Stampatori,30
Strada Provinciale di Lanzo,30
Strada Castello di Mirafiori,50
Strada del Due,-1
Via Edoardo Baldi,30
Via Monferrato,30
Corso Cosenza,70
Via Stradella,30
via Francesco Petrarca,30
Strada della Rosa,30
Via dell'Arco,30
Via Pinerolo,30
Strada Fontaneto,50
Via Don Luigi Pavesio,30
Via Lorenzo Martini,30
Via Chianocco,-1
Via Enrico De Nicola,30
Strada Cascina,-1
Via San Domenico Savio,30
Strada Cassagna,-1
Via Giovanni XXIII,30
Via Giuseppe Biamonti,-1
Via Enzo Gai,30
Via Sparone,30
Via Crimea,30
Strada Cambiano,-1
Via Costigliole,30
discesa Rivodora,-1
Via Sforzesca,30
Viale Stazione Sangone,-1
Via Alessandro di Collegno,-1
Via Michele Lessona,50
Via Tollegno,30
Via Ravenna,-1
Via Pier Paolo Perazzo,-1
Strada Giaccona del passarotto,-1
Via Antonio Canova,30
Corso Alberto Picco,-1
Via Simeto,30
Regione Zucche,30
Via Fratelli Cervi,30
Via Pancalieri,-1
Piazza San Cassiano,-1
Via 3° Reggimento Alpini,-1
Via Don Murialdo,30
Via Ancona,30
Via Fratelli Carando,30
Strada comunale del Cimitero di Sassi,30
Via antica di Grugliasco,30
Piazza del Donatore di Sangue,-1
Via Adria,30
Piazzale Vallette,-1
Via Ettore Sobrero,-1
Ponte Vittorio Emanuele I,-1
Strada della Magra,30
Via Antonio Fogazzaro,30
Via Buttigliera,30
Via Emilio Chiri,30
Via Vignassa,30
Via Padova,30
Via Narzole,30
via Sessanti,-1
Via Montessori,-1
Piazza XXV Aprile,30
Via Boves,30
Via Antonio Cecchi,30
Via Vinadio,30
Corso Vittorio Emanuele,-1
Via Berruti,30
Torino,30
Strada della Manta,30
Via dell'Arsenale,30
Via San Damiano,30
Viale delle Fornaci,-1
Corso Marche,30
Strada del Francese,30
Via Superga,30
Via Enrico Reycend,30
Variante del Colle di Tenda,70
Via Luca Della Robbia,-1
S40,-1
Via Stefano Tempia,30
Via Sempione,-1
Viale Bassano,30
Via Tommaso Masaccio,-1
Via Giorgio Ghedini,30
Piazza Marco Aurelio,-1
Via Bertrando Spaventa,30
Piazza Arturo Graf,30
Mercato Racconigi,-1
Vicolo Alba,-1
Autostrada Serenissima,130
Via dei Frassini,30
Corso San Martino,50
Strada Rosario Scalero,30
28, 29,-1
Via Carlo Ferrero,-1
Via Goretta,50
Via Lucio Catullo,30
Via Onorato Castellino,-1
Via San Felice, 76 e 78,30
Via delle Alpi,-1
Strada comunale della Varda,-1
Via Querro,30
Via Vittime delle foibe,30
Vicolo Denina,30
Via Martiniana,-1
Via Venaria,30
Via Filadelfia 237,30
Via Antonio Pacinotti,-1
Via Vernone,30
Via Cesare Tallone,-1
Via Roasio,-1
Via Argiroupoli,30
Via Tamagnone,30
Strada alle Sei Ville,-1
Piazza Tommaso Campanella,30
Via Conteisa,-1
Via Francesco Saverio Nitti,-1
Ponte Isabella,50
Via Camogli,30
Via Flavio Gioia,30
Via Ghemme,-1
Strada Comunale Mongreno interni del 49,30
Via Antonio Paracca,-1
Via Undici Febbraio,30
Via XXIV maggio,30
Piazza Santi Cosma e Damiano,-1
Via Rosa Luxemburg,30
Via Molinetti,-1
Via Lascaris,30
Piazza Tancredi Galimberti,30
Via Giulio Natta,30
Lungo Po Antonelli,70
Via Marcello Soleri,-1
Via Bibiana,-1
Via Santi,-1
Via Alcide de Gasperi,50
Via Piave,30
Via D'Antona,30
via Rita Levi Montalcini,30
Via Campobello,30
Via Balegno,30
Strada Chisola,-1
Via Tolmino,30
Via Centallo,30
Via Reggio,-1
Via Albugnano,30
Strada delle Ghiacciaie,30
Via Ulzio,30
vicolo San Lorenzo,30
Via Serafino,-1
Via Gaudenzio Ferrari,30
Via Abate Pietro Chanoux,30
Via Regina Giovanna,30
Corso Rosselli 105 interno 10,30
Strada Privata Rostia,-1
Via Ticineto,30
Via Col Del'Lys,-1
Via Boschis,30
Via Francesco Cirio,-1
Strada del Verde,-1
Via San Desiderio,30
Via della Basilica,-1
Via Amalia Guglielminetti 10,30
Corso Traiano 107,-1
Via san Domenico,30
Casa cantoniera,-1
Via Belgio,30
Via Giovanni Somis,30
Ponte XI Settembre,50
Via Giovanni Francesco Napione,-1
Via Palestro,30
Via Gozzoli Benozzo,30
Via Modesto Panetti,-1
Strada Trognani,30
Via Don Giovanni Grioli,-1
Via Fosse Ardeatine,30
Lungo Stura Lazio,70
Via Collodi,30
Via della Vittoria,30
Via delle Pervinche,30
Via Bioglio,30
Strada degli Alberoni,30
Via Giuseppe Boccardo,30
Via Irpinia,30
via Sandro Pertini,30
Via Salvo D'Acquisto,30
Viale Luigi Hugues,-1
Asse di penetrazione urbana di Corso Regina Margherita,130
Via Debouché,-1
Mongino,30
Strada dei Gerbidi,30
Strada del Podio,30
Via San Paolo della Croce,30
Corso Giacomo Matteotti,50
Via Favria,-1
via Privata Baldissero,30
Via Giulio Biglieri,-1
Via Fontaine,30
Via Cumiana,30
Via Panealba,-1
Corso Duca degli Abruzzi 61,-1
Via Moncrivello,30
Via Fratelli Macario,50
240,-1
Via Bevilacqua,30
Via Pastore,30
Via Sestri,30
Via Panealbo,30
Via Angelo Mosso,30
Via Viotti,-1
Strada Appennini,-1
Via Cormons,30
Strada della Verna,30
S 33a,-1
Piazza Rondini,30
Via Carlo Barberis,30
galleria,-1
Strada Comunale Santa Margherita,-1
Via Regina Margherita,-1
Via Curtatone,30
Via Alfiano,30
Via Pietro Mascagni,30
Via Bachelet,30
Via Bramafame,30
Via Bertino,30
Via Bonzo,30
Vicolo Aporti,-1
Via Michele Amari,30
Corso Luigi Cibrario,30
Via Murazzano,30
Via Aurelio Saffi,30
Via Oropa,30
via Carlo Tenivelli 19,30
Via Giuseppe Regaldi,30
Via del mulino,-1
Via Bernardino Galliari,-1
Via Luigi Bellotti Bon,-1
Via Unione Europea,-1
Piazza Luigi Mattirolo,-1
Via Mario Soldati,30
Via Ungheria,-1
Via Luigi Pietracqua,30
Via Giuseppe Romita,30
Strada Antica di Collegno,30
Strada Cuneo,30
Via del Carmine,-1
Via Fiano,30
via Rivara,30
Strada Vicinale della Pronda,-1
Piazza Giovanni Astengo,-1
Via Ospedale,30
Via Antonio Ratti,30
via Guglielmo Marconi,-1
Via Lodovica,-1
Via Anton Giulio Barrili,-1
Strada Privata Ghigo,30
Strada Cesole,-1
Corso Pastrengo,50
Via Paolo Solaroli di Briona,70
Strada del Ghiaiasso,-1
Via Lavazza,-1
Via Leopardi,30
Via Frabosa,30
Via Don Giacomo Sereno,30
Piazza Palazzo di Città,-1
Via Tetti Rogliatti,-1
Corso Quintino Sella,30
Via Carso,30
Viale Nord Delù,-1
Via Maria Montessori,30
via Lauriano,30
Piazza Rey,30
Via G Medici,30
Corso Traiano,30
Via Pralungo,30
Via Castelgomberto 144,30
Via Chiusella,30
Via Laura Vicuna,-1
Via Andrea Del Sarto,-1
Via Ciammarella,30
Via Antonio Gramsci,30
Via Cascina Borniola,30
Via Giuseppe Vernazza,30
Galleria Subalpina,-1
Via Camillo Cenni,30
Via Pietro Canonica,30
Via Torre Pellice,30
Strada dei Saraceni,-1
Piazza Gerbidi,-1
calvario,-1
Via Tenda,30
Via Martini,-1
Via Rovigo,30
Via Stupinigi,50
Vicinale Nocerate,-1
Via Renato Wuillermin,-1
Via Pettinengo,30
Via Francesco Crispi,-1
Sottopasso Statuto,-1
Vascone della Pace,-1
Via Piovà,30
Strada del Porto,30
Via Botticelli,30
Via Fulvio Croce,30
Corso Emilia,30
Via Aldo Barbaro,-1
Via Bersezio,30
Via delle Glicini,30
Via Carolina Invernizio,30
Strada Vecchia di Orbassano,30
Galleria Enzo Tortora,-1
Via Pasubio,30
Via Don Ettore Gaia,-1
Via Risorgimento,30
Via Nino Costa,30
Argine sud del canale Cimena,-1
Via Giovanni Antonio Bazzi,-1
Via Luigi Luzzati,-1
Via Alfredo Casella,30
Via Gibellini,30
Via Severino Casana,-1
S 22A,-1
Viale Virgilio,30
Via Asuncion 8,30
Via Asilo Dubbiè,30
Via Alessandria,30
Via Guido Cavalcanti,30
Via Cervignasco,30
Via al Castello,30
Via Luigi Goytre,30
Strada Griggi Montù,30
Via Martin Luter King,30
Vicolo Grimaldi,-1
Via Valtellina,-1
Strada del Cimitero,-1
26,-1
27,-1
Via Carlo Antonio Porporati,-1
Via Luigi Cibrario,-1
Via Caselette,30
Via San Paolo,30
Via dei Pini,30
Strada del Macalè,30
28,-1
29,-1
Via Lej,30
Via Luigi Capriolo,30
Piazza Generale Antonio Baldissera,50
Via Don Bosco,30
Via Battisti,30
Viale Sandro Pertini,30
Via Bolzano,30
Via Venasca,30
Via Piossasco,50
Via Fratelli Villani,30
Via Carema,30
Via alle Fontane,30
Via Gaspare Arduino,30
Via Lima,30
s 65,-1
Corso XI Febbraio,-1
Via Corrado Corradino,30
Strada della Moglia,-1
Via Julia,-1
Via Don Paviolo,30
Galleria del Castello,-1
Via Cellini,30
Via dei Fiori,30
Corso Tommaso Agudio,70
Strada Undicesima,-1
242,-1
Via Gioele Solario,-1
Piazzale Volgograd,30
Via Mario Crimi,30
Via Solairano,-1
Strada del Portone,-1
Passerella Olimpica,-1
Via Tommaso Vallauri,30
Via Tetti Borra,30
Via Stura,30
Via Claviere,30
Via Massimo d'Azeglio,30
Via Alberino Mantovani,30
Via Bernardino Drovetti,30
Via Tolmino 50,-1
Via della Repubblica,-1
Via Mario Casaleggio,-1
Corso Federico Sclopis,-1
Via Fratelli Giordano,-1
Via Armanzo Diaz,30
Via Baltea,30
Via Vittorio Sassi,-1
Via Ghiona,-1
Via Santa Margherita,30
Vicolo Pugnante,30
Piazza C.L.N.,-1
Via Bramante,30
Via Monte Novegno,30
Via Giorgio Bellono,30
Via Leon del Nicaragua,-1
Via Tirreno,30
Via Bologna,30
piazza Filippa,-1
Via Fratel Teodoreto,30
Viale Calabria,30
Via Enna,30
Via Don Milani,50
Via Falcone e Borsellino,30
Largo Nicola Fabrizi,-1
Via Bobbio,-1
Via Reano,30
Via San Pio V,-1
Via Frossasco,30
Via Maria Pia Moriondo,30
Piazzetta Giuseppe Peano,-1
Via Barra,-1
S76,-1
Corso Carlo e Nello Rosselli,50
Via delle Pietre,30
Via Rondissone,-1
Via Andrea Verrocchio,-1
Via Torrazza,30
Via Generale Antonio Cantore,30
Via 4 Novembre,30
Via Meotto,30
Via Domenico Savio,30
Via Galilei,30
Via Domenico Aragno,30
Strada del cimitero di Sassi,-1
Via Robassomero,-1
Corso Vigevano,30
Via Sebastiano Taricco,30
Via Michele Berino,30
Via Statuto,30
Via Bergamo,-1
Via Bonfiglio Marengo,30
Via Ettore De Sonnaz,-1
Via Madre Teresa Di Calcutta,30
Via Montezemolo,-1
Via Amedeo Duca D'Aosta,30
Via Parrocchia,30
Pista prova Fiat Rivalta,-1
Via Scalenghe,30
Strada Sciolze,50
Via Francesco Lanfranchi,-1
Via Saliceto,30
Seconda Strada,-1
Via Antonino Bossatis,30
Autostrada del Frejus,130
Via San Gaetano da Thiene,-1
Via General Perotti,30
Via Altinetti,30
Via Confienza,-1
Via Amedeo Avogadro,30
Via Valerio Vallero,30
Via Colombo,30
Via Santa Rita,30
Via Pola,30
Via Tetti Menzio,30
Via della Conceria,30
Via Antonio Pairolero,-1
Via Filiberto Pingone,-1
Via Daniele Manin,-1
Largo Racconigi,-1
Via Generale Giacomo Medici Del Vascello,-1
Vicolo Milano,30
Via Magnolie,30
Via Ernesto Casagrande,-1
Via Mucrone,-1
Via Carlo Reymond,-1
Strada Comunale di Valpiana,-1
Via Lazzaro Spallanzani,-1
Via Rubens Fattorelli,30
Via Adda,30
Viale Marco Porzio Catone,30
Cascina Bologna,-1
Lungo Dora Agrigento,30
Strada Comunale vecchia di Pinerolo,-1
Via Felizzano,30
via Monviso,-1
Via Trana,-1
Via Vigliano,30
Sentiero del Gallo - GTC,-1
Via Bormida,30
via Molinetti,-1
Via Marzabotto,30
Via Gubbio,-1
Strada San Sebastiano,30
Viale Toscana,30
Via Gian Battista Tiepolo,-1
Via Cerrione,-1
Via Custoza,30
Via Imperia,30
Via Girolamo Frescobaldi,30
Via Modesto Moriondo,-1
Via Giuido Rossa,30
Corso al Castello,-1
Via Monte Corno,30
Via Carlo Casalegno,30
Via Parucco,30
Via Matteo Bartoli,30
Via Sant Antonio,30
Strada San Vincenzo,30
Via Dottor Cavaglià,30
Via Trucchi,30
Via Campobasso,30
Via Carignano,30
Corso Fratelli Cervi,50
Via Raunheim,30
Via Girotto,30
Via Pietro Trucchi,30
Corso Piero Maroncelli,-1
Strada vicinale del Campagnino,30
Via Mario Farina,30
Via Francesco Cilea,30
Viale Bruno Radich,30
Piazza Pietro Francesco Guala,30
Via Vespucci,30
Via Amedeo Boglione,-1
Via Giovanni Lupo,-1
Via Spoleto,30
Via Courmayeur,-1
Strada Andezeno,-1
Via Santa Lucia,30
Via Giacomo Dina,30
Via Silvio Pellico,30
via Giaveno,30
Strada Mulino del Pascolo,30
Via Camillo Cavour,50
Via Alessandro Pernati di Momo,-1
Via Scali,30
Via Enrico D'Ovidio,-1
Vicolo Lucinicco,30
Via Orbassano,30
Via I° Maggio,30
Via Lorenzini,30
via Sabotino,30
Via Caraglio,30
Via Spinelli,-1
Via Bussolette,-1
Via Alfonso Varano,30
GTC,-1
Via Don Gilardi,30
Via Parenzo,-1
Via San Dalmazzo,30
Via delle Primule,30
Via Sibilla Aleramo,30
Via Masso Gastaldi,30
Via Maria Sospegno,30
Viale Kennedy,30
Piazza Guglielmo Marconi,30
Via Mont Cervet,30
Via Defendente de Ferrari,30
Diagonale lama lunga,-1
Via Silvio Allason,-1
Via san Giacomo,30
Via Calabria,30
Via Maddalene,30
Strada Rivamare,30
Via Ricaldone,-1
Via delle Rose,30
Corso Molise,50
Via Ettore Miglietti,30
Via Monte Cimone,30
Strada Cassano,30
Via Arrigo Boito,30
Via Luigi Caccia,30
Strada della Creusa,-1
Via Bellezia,-1
Vicolo Colombaro,30
Via Giovanni Bovetti,30
Via Pirano,-1
Via Manzoni,30
Corso Novara,30
Via Lazio,30
Via Berta,30
Via Amedeo Ugolini,30
Via Brofferio,30
Via Berti,30
Via Tito Speri,30
Via Don Minzoni,30
74,-1
73,-1
Corso rosselli 115,30
Corso Luigi D'Albertis,-1
Via Carlo del Prete,30
Via Giovanni Guareschi,30
Via Moglia,30
Corso 4 Novembre,30
Via Vezzolano,30
Via Lagnasco,30
Via Lavagna,-1
Via Campiglia,-1
Via E Fermi,30
Via venaria,30
Via delle Genziane,30
Via Sant'Andrea,30
Piazzale Valdo Fusi,-1
Via Virle,30
Via Arturo Ambrosio,-1
Strada della Cortassa,-1
Via del Campo Sportivo,-1
Via Gradisca,30
Via Bernardino Luini,30
Corso Torino Int.8,30
Via Padre Colombo,30
Via Giorgio Amendola,30
Via Mario Leoni,30
Via Benvenuto Cellini,30
Strada dal Ponte Isabella a San Vito,30
Settimo torinese ovest,-1
via dei Mille,30
Binario 2 Pessione,-1
Via Andorno,30
Via Boston,30
Via Francesco Giuseppe Guicciardini,30
Vicolo Sacra di San Michele,-1
Via beato Sebastiano Valfré,-1
Via Cherubini,30
Via Gamalero,30
Viale Lidice,-1
Via Roppolo,-1
Via Giacinto Carena,30
Via Veglia,30
Via Prabernasca,30
Via Bengasi,30
Via Palmero,-1
Corso Sebastopoli 294,-1
Via Amerio,30
Via Carlo Marochetti,-1
Via della Brocca,30
Via Verdina,30
Via Cardezza,-1
Via delle Robinie,30
Via Fratelli Marconetto,30
Via Paganini,30
Via Carlo Grandi,30
Via Norberto Bobbio,30
via Pasubio,30
Piazza Falcone e Borsellino,30
Corso Francesco Ferrucci,50
Via Alesssandro Manzoni,30
Via Chiomonte,-1
Via Romolo Tessarin,30
Via Luigi Damiano,-1
Via Modigliani,30
Via Andrea Massena,30
Piazza Camosso,-1
Via Fossata,-1
Via Schio,-1
Piazzale Cornelio Tacito,30
Corso Lecce,70
Via Alessandro Lamarmora,30
Via Emilia,30
Via Cognetti De Martiis,-1
Via Davide Bertolotti,-1
Via Rivalta,30
Strada Vignotto,30
Corso Primo Levi,30
Via Lorenzo Vittone,30
Via Tetti Notari,-1
Via dei Ciclamini,30
Via Buronzo,-1
Via Duchessa Jolanda,30
Via Francesco Raimondo,-1
Via Aquila,-1
Via Pier Luigi da Palestrina,-1
Via Rivera,50
Strà 'd Mes,-1
Vicolo Canale dei Molassi,-1
Via Vignale,30
Via Mollieres,-1
Strada dell'Uno,-1
Via Fortunato Postiglione,50
Corso Montello,30
Variante di Alpignano e Pianezza,70
Via Mentana,30
Via Vallarsa,30
Via Guastalla,30
Via Bussone,30
Piazza Andrea Aimerito,-1
Via privata Nasi,30
via Guido Gozzano,30
Via Pietro Nenni,30
Piazza Cavour,30
Piazzetta Luciano Jona,30
Viale ai Caduti,30
Passerella Maratona,-1
Strada Dodicesima,-1
Via XXVII Marzo,30
Via Ambrosoli,30
Viale dei Parchi,30
Via Bassano,-1
Via Montegranero,30
Via Cavalieri Di Vittorio Veneto,-1
Corso Martin Luther King,50
Via Alessandro Scarlatti,30
Via Carlo Bianco,-1
Viale Paolo Emilio Buridani,30
Via Ragusa,-1
Via Anselmo Montù,30
Via Pollenzo,-1
Via Carlo Forlanini,-1
Via Ellero,30
Strada della Luigina,-1
Piazza Vittorio Alfieri,30
Viale Piemonte,30
Viale Rombon,-1
Via Gaspare Gozzi,30
Via Costa,-1
Strada ai Tetti Rocco,30
Via Palermo,30
Largo Cardinale Massaia,-1
Via Calabria 33,30
Via Berardi,-1
Via Vallo,30
Via Brindisi,-1
Via Tommaseo,30
Piazza Marmolada,50
Via Mazzè,-1
Via Villa,-1
Via Brunelleschi,30
Via alla Chiesa,-1
Via Rivarossa,-1
Via Domenico Coggiola,30
Via IV Novembre,30
Via Redipuglia,30
Via Gianfranco Zuretti,-1
Via San Quirico,30
Corso Bramante,30
Via Riccardo Sineo,-1
Piazzale Mafalda di Savoia,-1
Via Demonte,30
Corso Tortona,30
Via Guido Rossa,30
Via Ottavio Assarotti,-1
Via Colombaro,-1
Via Nuoro,30
Corso Palmiro Togliatti,50
Corso Duca d'Aosta,-1
Piazza Sofia,30
Via Andrea Paris,30
Corso Sicilia,50
Via Luigi Mercantini,-1
Via Goletta,-1
Via Pietro Bagetti,30
Via Giovanni Da Verazzano,30
Via Ceresole,30
via Foscolo,-1
Via Gino Lisa,-1
Via delle Betulle,30
Via Dora Riparia,30
Corso Umbria,30
Largo Damiano Chiesa,70
Via Villastellone,30
Via Annibale Caro,30
Via Filippo Acciarini,30
Via Bordighera,30
Via Eusebio Bava,-1
Via Ribordone,30
Risalita meccanica al Castello,-1
Via Antonelli,30
Strada Mario Caudana,50
Strada dei Tetti Bertoglio,30
Via Cafasse,30
Via Giambattista Bodoni,30
Via Antonio Meucci,50
Via San Rocco,50
Via Santa Maria,30
Q8,-1
Via Ascanio Vitozzi,-1
Benvenuto Cellini,30
Via Asuncion,30
4,-1
Via Lurisia,-1
Vicolo Mottarone,30
Strada comunale di Sassi,30
Strada Chieri,-1
Via Fratelli Bandiera,30
Via Cesare Benevello,-1
Corso Luigi Einaudi,-1
Via delle Orfane,30
Corso Tassoni,50
Via Ozenga,-1
Strada dell'Arrivore,30
Piazza Riccardo Cattaneo,-1
Corso Lombardia,50
Strada Fornace,30
Strada del Bellardo,30
via Marchetti,30
Via Don Sapino,30
Via Amedeo Peyron,30
Via Cherso,30
Corso Caio Plinio,-1
Strada Tetti Canape,-1
Via Guglielmo Reiss Romoli,30
Via Sommacampagna,30
Via Varazze,30
Strada del Fortino,-1
Via Costituente,30
Via Freidour,-1
Via Filadelfia 232, passaggio privato,30
Via Genova,30
Via Don Camillo Ferrero,30
Via Val della Torre,30
Via Luigi Pettinati,-1
via Biagi,30
Via Quincinetto,30
Via Don Luigi Sturzo,30
Via Asmara,-1
Strada Palucco,-1
Via Malta,30
Viale XXV Aprile,30
Via Leon Tron,50
Viale Stazione,-1
Via Sacco e Vanzetti,30
Via San Sebastiano,50
Passaggio Privato Murroni,30
Via Pietro Pomponazzi,30
Via Antonio Fontanesi,30
Via Millaures,-1
Via Teano,-1
Via Monte Sei Busi,30
Via Massa,30
Via Palmiro Togliatti,30
Via Alessandro Riberi,-1
Via Almese,30
Via Francesco Valentino,30
Via Cambiano,30
Via Sommariva,30
Strada della Trinità,30
Via del Parco,-1
Piazza Carlo Emanuele II,30
Via Cervi,30
Piazzale San Gabriele di Gorizia,30
Via Giovanni Migliara,-1
Via Giovanni Cena,30
Via Livorno,50
Strada Salga,30
Viale Diego Balsamo Crivelli,-1
Via Zulian,-1
Via Eleonora d'Arborea,30
Via Tolve,30
Viale Cesare Battisti,30
Via Cav. Giuseppe Bertone,-1
Largo Tirreno,50
Via Michelangelo,30
Corso Allamano,-1
Via Saragat,30
Via Gramsci,30
Via Luigi Chiala,30
Strada Berruto,30
Via Villa della Regina,-1
Via Omegna,-1
Via Giulio Cigolini,30
Percorso 5,-1
Via Benentini,30
Strada Tetti Valfrè,30
Via Pessina,-1
Strada Tamburina,30
Via Aldo Bargiacchi,30
Via Ignazio Collino,30
Strada Comunale di Fenestrelle,30
Via Ingria,-1
Viale Beltramo,30
Via Fellogna,30
Via Ottorino Uffreduzzi,30
Largo Errico Giachino,-1
Via Fratelli Ceirano,-1
Piazza Barile,-1
Via Rossini,30
Via Paolo Borsellino,50
Via Gabriele Bogetto,-1
Via Ventimiglia,30
Strada 9,-1
Via Aldo Moro,30
Via degli Ulivi,30
Strada Scaravaglio,30
Via Gran Paradiso,30
Via Luigi Contratti,30
Via Augusto Nomis Di Cossilla,30
Corso Giuseppe Siccardi,50
Corso Trapani,70
Via Garibaldi,30
Via Maddalena,30
Vicolo Silvio Pellico,-1
Via R. Zandonai,-1
Via Giovanni Palatucci,-1
Via Antonio e Vittorio Scialoja,-1
Viale Europa Unita,50
Via 25 Aprile,30
Via dei Platani,30
Via Pietrino Belli,-1
Via Giovanni Amendola,30
Via Drusacco,30
Corso Vittorio Emanuele II,70
Viale Nilde Iotti,30
Via Tofane,-1
Via Suor Nemesina Valle,30
Via Carlo Della Porta,-1
Via Sassi,30
Piazza del Mercato,30
Via Bollettina,-1
Via Macrino d'Alba,30
Strada Orbassano,50
Via Vecchia di Chieri,-1
Strada del Vaj,30
Strada Caldano,30
Via Angelo Brofferio,30
Via Baltimora,30
Via Aspromonte,-1
Via Giuseppe Griva,-1
Via Goffredo Mameli,30
Corso Terenzio Mamiani,-1
Via Villar Focchiardo,-1
Ponte Umberto I,70
Via Treviso,-1
Via Adelaide Ristori,30
Via Monte Pertica,-1
Strada Malmontea,-1
Via Colle dell'Assietta,30
Via Maiolo,30
Strada del Cascinotto,30
Via Caduti della Grande Guerra,-1
Via San Secondo,30
Via Priocca interno 6,-1
Corso Taranto,30
Corso Dante Alighieri,50
Via Mogadiscio,-1
Via Caramagna,30
Sentiero dei tassi,-1
Piazza Galileo Galilei,-1
Strada Antica di Revigliasco,30
Strada Antica di Collegno 168,30
Strada Turriglie,30
Pista ciclopedonale del Parco dell'Arrivore,-1
Corso Unione Sovietica,30
Via Rulent,30
Via C. Ferrero di Cambiano,30
Via Braia,30
Via G. Mola,30
Piazza XX Settembre,30
via Luigi Mussino,30
Via Domodossola,-1
Via Miraflores,50
Via del Lago,-1
Via Raccone,30
Ponte di San Rocco,-1
Via Salasco,-1
Via dei Campi Sportivi,30
Via Passo Buole,30
Strada Roccacatene,30
Via Maria Ausiliatrice,-1
Strada Santa Lucia,30
Via Savant,30
Via Pier Domenico Olivero,-1
Piazza Primo Maggio,30
Via La Salle,-1
Via Meucci,30
Via Orazio Flacco,30
Riky,-1
Via Fratelli Faà Di Bruno,30
Via Ettore Stampini,-1
Strada vicinale dell'Abbadia di Stura,30
Via Venalzio,-1
Piazza del Borgo,30
Via S Isidoro,-1
Via Bognanco,30
Via Giovanni Chevalley,30
Via Murazzi del Po,-1
Via Front,30
Via Balme,30
Via Regio Parco,50
Via Lombroso,-1
Via Rovereto,30
Via Alfredo Cavicchioli,30
Via Camillo Benso di Cavour,30
Viale dei Partigiani,30
Via Cosmonauti,30
Via Cefalonia,50
Via Brosso,-1
Via Enrico Baudi di Vesme,-1
Via Vincenzo Maria Miglietti,30
Vicolo d'Ala,-1
croce bianca corta,-1
Viale Vittime della Shoah,50
Via Labriola,30
Via Salvo D'acquisto,-1
Via Giusti,30
Via Tunisi,30
Via 4 novembre,30
Strada Moncalieri,30
Via Villar,-1
Corso Giambone,70
Via Martiri per la Libertà,-1
Via D'Azeglio,30
Strada antica dell'Eremo,-1
Via Acquilonia,30
Via Vacca,30
Via Sandro Pertini,30
Strada 6,-1
Strada Comunale del Cartman,30
Via Indipendenza,-1
Via Susa,30
Piazza Giacomo Grosso,30
Via Augusto Corti,30
Via Ceres,30
Via Legnanino,30
Via Giuseppe Luigi Passalacqua,30
Corso Grosseto,30
Vicolo Oropa,-1
Via D. Zoppelli,30
Corso Monte Rotondo,-1
Via Giacomo Medici,-1
Via San Giorgio Canavese,30
Piazza 2 giugno,30
Via Don Giovanni Minzoni,-1
Strada Cesare Meano,30
Via Cimenasco,-1
Asse di penetrazione urbana di Corso Orbassano,130
Via Marchese Visconti,-1
Via Marsala,30
Via Cimabue,30
Piazza Moncenisio,-1
Via Cesare Reduzzi,30
Via Alberto Azuni,30
Via San Leonardo,30
Via Paolo Racagni,-1
Via Ozieri,30
Via della Berlia,-1
Via Gaspare Mussino,30
Via Quirino Mascia,30
Via Monte Cengio,30
Via Edoardo Rubino,-1
Via Norvegia,30
Via Eleonora Duse,-1
Via Tommaso Gulli,-1
Via Varallo,30
Via Carlo Goldoni,30
Corso Puccini,30
Via Giacomo Matteotti,30
Via Gaude,50
Via Raffaele Cadorna,30
Via Vittorio Cuniberti,30
Via Pininfarina,30
Via Ciatalina,-1
Via Adige,30
Via Ugo Berlinguer,30
Via Baltimora 157,-1
Via Macerata,30
Via Alberto Viriglio,-1
Via Serpera,-1
Via Avogadro,30
Via Feletto,30
Via Che Guevara,30
Via Govone,-1
Via Sala,30
Via Maria Cristina,-1
Via Italo Calvino,30
Corso Orbassano,70
Via Domenica Comissetti,30
vicolo San Rocco,30
Strada del Fornas,50
Via Monte Nero,30
Via Santa Maria Mazzarello,30
Via Biscaretti,30
croce bianca,-1
Vicolo Francesco Milio,30
Via Stresa,-1
Largo Bardonecchia,-1
Via Italo Pizzi,30
Via Candelo,30
Via Pietro Maroncelli,30
Piazza Camillo Benso Conte di Cavour,30
Via Domenico e Gerolamo Induno,-1
Via Pont,30
Via Rodolfo Morandi,30
Via Graziadio Ascoli,-1
Largo Odardo Tabacchi,30
via Petrarca,-1
Strada della Faiteria,-1
Via Rapallo,30
Corso Venezia,-1
Via Annalena Tonelli,30
Via Augusto Franzoj,30
Strada Nona,-1
Strada della Serena,30
Via Costantino Nigra,30
Via Bruno Buozzi,30
Via Francesco Gonin,30
Via Buriasco,30
Piazza Conti di Rebaudengo,30
Via delle Scuole,30
Via Oleggio,-1
Via San Francesco d'Assisi,30
Via Trivero,-1
Via Lamberto De Bernardi,30
Via Luigi Burgo,30
Via Pietro Thermignon,-1
Via Louis Pasteur,-1
va Bellane,30
Strada Paverano,-1
via Galileo Galilei,30
Via Montevideo,30
Via Carlo Artuffo,30
Piazza Innocenzo Vigliardi Paravia,-1
Via Sant'Agostino,-1
63,-1
Via Alvaro Chelli,30
Via Buonarotti,30
Via 1 Maggio,30
Via Speranza,30
Via Egeo,-1
Via Franco Bonelli,-1
Via Arezzo,-1
Via Metastasio,30
Via Telemaco Signorini,-1
Accesso al Po,-1
Via Zerboni,30
Via Ponente,30
Via dei Pioppi,30
Piazza Risorgimento,30
Strada Trofarello,-1
Via Giuseppe Giacosa,30
Via Tolmino 57- 59,30
Regione Gonzole,-1
Piazza Pitagora,30
Via Asilera,30
Via Tetti Canonica,30
Salita CAI Torino,-1
Via Marietta Aleina,30
Via Luigi Colla,30
Corso Alcide De Gasperi,-1
Strada del Ravetto,30
Via Anna Frank,30
Via Terracini,30
Via Luigi Colli,30
Via Vincenzo Nazzaro,-1
Via Pio V,30
Via San Felice 120,30
via d'Antona,-1
Strada Genevrea,30
Strada Pecenasco,30
Via Giosuè Carducci,30
Strada vicinale delle Cascinette,-1
via Bastia,30
Strada Basse del Lingotto,30
via Nosetta,-1
Vicolo Rubiana,-1
Via Massimo D'Antona,30
Via Narciso Gambalunga,30
Strada Rotta Palmiero,30
Via Polveriera,30
Strada Rosero,-1
Via Breglio,50
Strada comunale di Mongreno,30
Via Matteotti,30
Via Nazionale,70
Via Duca d'Aosta,30
Via San Pietro in Vincoli,-1
Via G Ferraris,30
Via Ivrea,30
Via Francesco dall'Ongaro,30
Via dei Mille,30
Corso Cuneo,-1
Via Giuseppe Massari,-1
Via Castelgomberto,30
Via Andrea Palladio,30
slargo Malan Frida,-1
Corso Alessandria,50
Via Sergio Allegri,30
Via Pinasca,30
via Alcide de Gasperi,30
Via dell'arco,30
Via Pezzana,30
Via Montesoglio,30
Via Zubiena,-1
Via Rosero,30
Via Giovan Battista Quadrone,-1
Corso Germano Sommeiller,-1
Rampa Ciuchè,-1
Via Gerbole,-1
Via Enrico Martini Mauri,-1
Strada della Commenda,30
Viale Giacomo Curreno,30
Via degli Anterei,30
Via Bligny,30
Lungo Muro,-1
Via Chivasso,70
Via Costituzione,30
Via Giovanni Paisiello,30
Piazza Vittoria,-1
Via Montoso,30
Via Lamarmora,30
Via Gaspara Stampa,30
Via Giuseppe Cottolengo,30
Via Melchiorre Voli,-1
Via Verbania,-1
Via Natale Sandre,30
Via Pietro Cavezzale,-1
Via Ciamarella,30
Via 20 Settembre,50
Via San Giovanni d'arena,30
Via Pastrengo,30
Via C. Beaumont,30
Via Torrazza Piemonte,30
Via Rodolfo Renier,-1
Via Asiago,30
Corso Gaetano Salvemini 18,30
Via Vitaliano Donati,-1
Piazza Chiesa,-1
Via Renato Martorelli,-1
Via Tiepolo,30
Via Severino Doppi,-1
Via Martin Luther King,30
Via Campo Archero,30
Corso Giovanni Lanza,30
Via Sturetta,30
Via Bocca,30
Via Guido Reni 213,30
Via Barletta,30
Via Saluggia,-1
Via Cerano,30
Via Maestri del Lavoro,-1
Via Germanasca,30
12 - Viale Rombon,-1
Via Enrico Petrella,-1
Strada del Durio,30
Via Principe Eugenio,30
Via Venezia,30
Via Camporelle,30
Largo Turati,-1
Via Palazzotto,-1
Piazza Rebaudengo,30
Via Giacinto Avet,30
Via Rivoli,50
Via Bruno Lorenzo,-1
Corso Mediterraneo,30
Via Diaz,30
Strada privata Nasi,30
Via Palazzo di città,30
Piazza Vittorio Emanuele II,-1
Via Don Luigi Orione,30
Via raccone,-1
Via Thures,50
Via Santa Giulia,30
Via Refrancore,30
Via Arona,30
Viale Piave,30
Via Revignano,-1
Viale Aurora,-1
Via Cravera,30
Via don Minzoni,30
Via Musinet,30
Via Lessolo,30
Via Rosmini,30
Rotonda della Margaria,-1
Via Sarre,30
Via Cadorna,-1
Via Modena,30
Piazzetta Madonna degli Angeli,-1
Via Santa Cecilia,30
Strada Valle Pasano,-1
Strada del Righino,30
Via Olmetto,30
Piazza Robilant,50
Via Comoretto,30
Via Tommaso De Cristoforis,-1
Via Fratelli Garrone,30
Via Antonio Genovesi,-1
Corso Guglielmo Marconi,30
Via Mongioie,30
Via Fabbrichetta,50
Via Modane,30
Strada del Luogo,50
Via Cardinale Michele Pellegrino,-1
Via Drosso,30
Via Ferrarese,50
Via Orazio Antinori,-1
Strada dell'Acquedotto,30
Via Respighi,30
Corso Lucio Quinzio Cincinnato,-1
Via Governolo,30
30,-1
Ponte Europa,50
Via Luciano Manara,30
Viale della Stazione,-1
Strada ai Tetti Gariglio,-1
Via Molini,50
Via Gianfrancesco Fiochetto,30
Via Lagrange,-1
Via Francesco Longo,30
Via Molino,30
via Domenica Comissetti,30
Via Giovanni Spadolini,-1
Via Goffredo Casalis,30
Via Ugo Ceresero,30
Via Giovanni Pastrone,-1
Via Raffaele Piria,-1
Corso Cadore,30
Via Busca,30
Via partigiani,30
Via Val Lagarina,30
via Alessandro Manzoni,-1
Via Giuseppe Giulietti,-1
Via Vittorio Avondo,30
Strada Vigne di San Vito,30
Via M. Melano,30
Via Roccaforte,30
Ciclostrada de Chierese,30
Via Pagno,30
via Antonio Cantore Generale,30
Via Po,30
Via Monte Cervino,-1
Via Fratelli Lajolo,-1
Corso Vercelli,30
Via Milazzo,30
Via Giuditta Sidoli,30
Via Lemie,-1
Strada dei Biasonetti,30
Strada Maiole,30
Via Erminio Macario,-1
Strada Revigliasco 37,30
Via Onorato Vigliani,30
Via Giovanni Roveda,30
Via Leone Sinigaglia,30
Via Angelo Nielli,-1
Via S. Mellano,-1
Via Poirino,30
via Dante Alighieri,-1
Via Monfalcone,-1
Via Primo Mazzolari,-1
Via Arnaldo Fusinato,30
Via Jonio,-1
Via Giorgio de Geneys,30
Via Bottione,30
Via San Giuseppe Benedetto Cottolengo,30
cambogia,-1
Via Libero Grassi,30
La Viassa,-1
Via Domenico Cimarosa,30
Via Rainero,30
Piazza Giuseppe Perotti,50
Club Des Miles - Circuito Attilio Mercadante,-1
Via San Gillio,30
Via Giovanni Servais 200,30
Via Cavour,30
Via Ignazio Silone,30
Strada dei Bussi,-1
Via Bistagno,-1
Via Pitagora,30
Corso Ottone Rosai,30
Piazza Eugenio Montale,-1
Strada Ciattalina,-1
Via Giuseppe Parini,30
Via Federico Paolini,-1
Via Giuseppe Vaninetti,30
Via Timavo,30
Via Chieri,70
Via Bardassano,50
Via Isolabella,30
Via Cantù,30
Strada Comunale di Altessano,50
Strada Rigolfo,30
Via Jacopo Foroni,30
Piazza della Fontana,-1
Via Giuseppe Macherione,30
Via Givoletto,30
Via Tiziano Lanza,-1
Via Giovanni Segantini,30
Via Barbania,-1
Via Pisa,30
Via degli Alpini,30
Via Giovanni Plana,30
Via dei Mughetti,30
Via San Marino,30
Via San Francesco,30
Via Alberto Sordi,-1
Via Antonio Vivaldi,30
Viale Alessandro Luzio,-1
Via Trecate,-1
Via Pierdionigi Pinelli,30
Viaa Gaetano Salvemini,30
Strada Revigliasco,50
Pista Prova CRF,-1
Via Mario Neirotti,30
Via Nino Bixio,30
Via San Gregorio Magno,30
Via Palazzetto,-1
Via Bellom Pescarolo,30
Via Martiri 30 aprile,30
Via 8 Marzo,30
Via Generale Cantore,-1
Via Vidone,-1
Via Castelguelfo,-1
Strada Cuorgnè,-1
Via Montanaro,30
Via Pusterla,-1
Via Vanchiglia,-1
Via Caltanissetta,30
Via Salvador Allende,30
Via Don Caranzano,-1
Via Dronero,30
Via Chatillon,-1
Via Ilaria Alpi,30
Via Silva,30
Via Cossila,30
Corso Antony,30
Piazza Maria Ausiliatrice,-1
Via San Uberto,30
Via Monte Santo,30
Via Massimo D'Azeglio,30
Sentiero della calce,-1
Via Giorgio Gaber,30
Via Gioanetti,-1
Via Renzo Gandolfo,-1
Via Chambery,30
Via Don Cafasso,30
Via del Castello,30
Via Capello,30
Via Matteo Pescatore,-1
Via della Cittadella,30
Corso Caduti sul lavoro,-1
Via Tino Richelmy,30
Via Roma,30
Via Levanna,-1
Via Samone,30
Via Michele Ponza,-1
Via Luca Signorelli,30
Ciclostrada del Chierese,30
Strada comunale della funicolare di Superga,30
Vicolo parrocchiale,30
Via Camia,30
Via Ascanio Sobrero,30
Via Gattico,-1
Via Sandigliano,-1
Via Pigafetta,30
Via Braida,-1
Corso Liguria,-1
Via Sant'Anna,30
anello verde,-1
Via Gaglianico,-1
Strada Camiana,30
Via Sospello,30
Via Massimo Montano,30
Via Mongrando,30
Strada Mirabello,30
Via Alexander Fleming,30
Via dei Castagni,30
Via Novi,-1
Vicolo Lodi,30
Via Pordenone,30
Via Condove,30
Via Andrea Doria,30
Via Scarrone,30
tetti Rancoita,-1
Via Guido Reni,30
Strada Brando,30
via dei Campi,30
Via Antonio Colombo,-1
Piazza IV Novembre,30
S32,-1
Viale Umberto Cagni,-1
Piazza Europa,50
Via Umberto Biancamano,-1
Strada Ospedale San Vito,30
Vicolo Duch,30
Via Quarto dei Mille,30
Corso Toscana,-1
Via Gribaudia,30
Via Velasco,-1
Via Martiri della Libertà,70
Via Giuseppe Ungaretti,30
Via Mascagni,30
Via Giuseppe Minocchio,30
Via della Viassa,-1
Via Don Giovanni Cocchi,-1
Via Cocconato,30
Via Vittorio Veneto,30
Piazza del Municipio,-1
Via Paolo Losa,30
Via Pio Foà,30
Via Paolo Gaidano,30
Viale Falchera,30
Via Schifani,30
Via Bistolfi,50
Via della Costituzione,30
Via Kennedy,-1
Via dell'Olmo,30
Strada Comunale di Mirafiori,30
Via Richard Oriente,-1
Piazza Vittorio Allais,-1
Via Pasquale Galluppi,30
Via Canonico Bartolomeo Elia,30
Largo Orbassano,30
Via Accossato,30
Via Saorgio,-1
Via Aglié,-1
Via Borsellino,-1
Via Vittorio Emanuele II,30
Via Olevano,30
Via Tevere,30
Via della Rimembranza,-1
Corso Valdocco,30
Via Giovanni Michele Graneri,30
Via San Vincenzo de Paoli,30
Via Domenico Capellina,-1
Vicolo Monte Santo,30
Via Sant'Ottavio,30
Via San Raffaele,30
Corso Racconigi 180,30
Via Ettore Fico,30
Strada Gavoni,-1
Corso Trapani, 70,30
Via Foresto,-1
via Rivoli,30
Via Vado,-1
Via Arturo Colautti,-1
Via Giorgio la Pira,30
Via Medardo Rosso,-1
Sovrappasso Unità d'Italia,50
Via Torino,70
Via Tibaldi,-1
Via Cavallermaggiore,30
Via Cassinelli,30
Via Principe Amedeo,30
Strada Cerreto,-1
Via Vittorio Scodeggio,-1
Via Gallo,30
Via Valentino Carrera,30
Via Alpi Carniche,30
Via Cordova,-1
Via Sette Comuni,30
Via Sanfront,30
Via D'Ovia,-1
Via Giacinto di Collegno,30
Via Pateri,30
Vicolo Borgis,-1
Strada della Rezza,-1
Corso Galileo Galilei,50
Corso Stati Uniti,50
Via Leo Colombo,30
Strada Guido Volante,-1
Piazza Don Giuseppe Lisa,30
Ponte del Bajno,70
Via Mompellato,-1
Via 25 aprile,30
Via Delleani,30
Via Aldo Picco,-1
Via Cherasco,30
Via Cuba,-1
Via Don Carlo Gnocchi,30
pista di test Iveco,-1
Via Assietta,30
Via Monastir,30
Viale Nuvoli,30
Via Santa Teresa,-1
Viale Settimio Severo,30
Via 2 giugno,30
Via Circonvallazione Esterna,30
Via Parco della Rimembranza,-1
Via Bollino,-1
Via Don Amilcare Merlo,30
Corso Enrico De Nicola,30
Via Francesco Cravero,30
Via Monteverde,30
Via Andrea Mensa,-1
Via Emilio Ghione,30
Via Santa Cristina,50
Via Pio La Torre,30
Via Monti,30
Via Enrico Dandolo,30
Corso Lepanto,-1
Via Arturo Toscanini,30
Via Orsiera,-1
via Nicola Fabrizi,30
Viale Liguria,30
Strada della Vetta,30
Ciclopista Stupinigi-Vallere,-1
Via Amilcare Ponchielli,30
Vicolo Marsala,30
Via Cortina,-1
Piazza Sella,30
Via Magellano,30
Largo Torino,30
Via del Porto,30
Via Muratori,30
Vicolo della Consolata,30
Strada San Michele,-1
Via Fratelli Tampellini,30
Argine sud del Canale Cimena,-1
Piazza Carlo Montanari,30
Via Irlanda,30
Strada Vicinale Canta,-1
Via Giuseppe Peano,-1
Via Alfredo Catalano,30
Via Levanne,-1
Via Ferrante Aporti,-1
Via Isonzo,30
Strada del Canarone,-1
Piazza 66 Martiri,-1
Strada della Contessa,-1
Via Leonardo Sciascia,30
Via Umbria,-1
Piazza Generale Carlo Alberto Dalla Chiesa,-1
Via Sebastiano Caboto,30
Viale Arrigo Maina,30
Via Alpi Cozie,30
Piazza Don Delpiano,-1
Viale Fiume,30
Via Cesare Pavese,30
Strada Valle San Pietro,50
Via Rovereto 70,30
Via Orbetello,30
Piazza Giovanni dalle Bande Nere,30
Via Visca,30
Largo Francesco Cigna,-1
Via della Fornace,30
Via Muriaglio,-1
Via Pierpaolo Pasolini,30
Via Luigi Boccherini,30
Via Fornace,30
Strada Buffa,-1
Strada Comunale Bricco,-1
Strada Tetti Bertoglio,30
Via Duccio Galimberti,30
Via Giovanni Bovio,-1
Via Fornaci,30
Via Cristina Belgioioso,30
Via Turati,30
Viale Maestri del Lavoro,30
Via Marchesini Gobetti,30
via Servais,-1
Via Arduino d'Ivrea,-1
Strada del Salino,30
Via Michele Coppino,30
Piazza Carlo Giacomini,-1
Strada Pralungo,-1
Via Nervi,30
Via Pompeo Colanni,30
Via Matilde Serao,30
Via Feroggio,30
Terza Strada,-1
Strada del Villaretto,30
55,-1
Strada Fantasia,50
Via Erasmo da Rotterdam,30
Passerella Chiaves,-1
Via Principe Tommaso,-1
Via Valsugana,-1
Corso Piemonte,50
Via Casteldelfino,50
Via Defendente Ferrari,30
Via Avvocato Giovanni Agnelli,-1
Strada Gorree,-1
Via Saint Bon,-1
Via IV Marzo,-1
Corso Giuseppe Arimondi,-1
Via Caprera,30
Via Danilo Dolci,30
Via San Matteo,30
Via Elba,30
Vicolo Dellacha,30
Via Barolo,-1
Via Asti,30
Via Don Lorenzo Prinotti,30
Via Maria Fiabane Comune,30
Via Vandalino,30
Via Crea,50
Via Rivarolo,30
Via Donizetti,30
Via Angelo de Gubernatis,-1
Via Forvilla,30
Via dell'Arcivescovado,-1
Via Busnengo,-1
Piazza Santa Rita,-1
Via Edoardo Prato,-1
Lungo Dora Liguria,30
Via Bellini,30
Via Alfredo d'Andrade,30
Piazzale del Tricolore,30
Via Lanzo,30
Via Bogino,30
Via Europa,30
Via del Lazzaretto,-1
Corso Asti,-1
Via Bernardino Ramazzini,-1
Via del Giardino,-1
Sottopasso Repubblica,70
Piazza Zara,-1
Viale Thovez,50
Via Felice Cordero di Pamparato,30
Via Dolomiti,-1
Via Gorizia,30
Corso Dante,50
Strada Roaschia,-1
Via Vittime di Piazza della Loggia,-1
Via Monforte,30
Strada Cenasco,30
Via San Michele,30
Via Stati Uniti,50
Via Fatebenefratelli,30
Via Sant'Anselmo,30
Via Pellice,30
Via Giambattista Bogino,-1
Largo Grande Torino,-1
Via Gaetano Pugnani,30
Via Archimede,30
Vicolo S. Antonio,30
Via Buozzi,30
Corso Roma,30
Via Giorgio Vasari,30
Via Modesto Paroletti,-1
Via Giuseppe Grassi,30
Corso Rosselli 115 interno 8,30
Via Arvier,30
Via Leonilde Jotti,30
Via Giambattista Viotti,30
Via Barbaresco,30
Via Bonadonna,-1
Via Paruzzaro,30
Via Giuseppe Francesco Medail,-1
viale San Giorio,30
Strada Savoia,30
Via Giovanni Falcone,50
Strada Madonna della Scala,50
Corso Potenza,70
via Piero Maroncelli,30
Strade delle Vigne,-1
Via Aquileia,30
Via Carlo Buffa di Perrero,30
Corso Bernardino Telesio Interno 7,-1
Via Fonte Stivolato,30
Via Pertengo,30
della Reggia,-1
Via Lodovico Ariosto,-1
Via La Bruina,-1
Viale Enrico Millo,-1
Via Nino Oxilia,50
Via Giuseppe Moris,-1
Via Carlo Giordana,-1
Via Tetti Giro,-1
Strada Rubbianetta,-1
Via Don Cocchi,30
Strada Belmonte,30
Via Montesilvano,-1
Via Giuseppe Piazzi,30
Via Guglielmo Oberdan,30
Via Tonco,-1
Via Giovenale Ancina,30
Piazza Vittorio Veneto,30
Piazzale Rivass,-1
Via Ponderano,-1
Via Mombarcaro,-1
Via Baldissero,50
Strada Maiole, 251, 256,30
Corso Savona,70
Via Giovanni Boccaccio,30
Strada dai Ronchi ai Cunioli Alti,-1
Via Montecassino,30
Via Cristoforo Colombo,30
Strada Comunale Val Salice,30
Strada Bellavista,-1
Argine nord del canale Cimena,-1
Via Nilde Iotti,30
via Bartolomeo Mana,-1
Via Lorenzo Perosi,30
Via Traforo,70
Via Galileo Ferraris,30
Via Tamagno,30
Via della Rotonda,-1
Via Gian Francesco Bellezia,-1
Via Lomellina,30
Via Cagliari,30
Via Sciolze,30
Via Carlo Del Prete,30
Prima Strada,-1
Via Giuseppe Rigola,-1
Via Benedetto Croce,30
Strada Monviso,50
Strada Serena,30
Vicolo Campassi,30
Strada Ottava,-1
Via Eduardo De Filippo,30
Via Trento,30
Strada Campagnola,-1
Via Sant'Antonio da Padova,30
Via Postumia,-1
Piazza Muzio Scevola,-1
Via Giulio Gianelli,30
Vicolo Andrea Cotta,30
Via Altiero Spinelli,-1
Strada San Silvestro,-1
Via Cebrosa,50
Strada Cascina Nuova,-1
Via Cesare Battisti,30
Via Pawa,-1
Piazza Don Bosco,-1
Vicolo Pianezza,30
Piazza I Maggio,30
Via Barbara Allason,-1
Via Santo Stefano,-1
Via Migliarone,50
Sentiero della tinca,-1
Via Cento Croci,-1
Via Revelli,30
Rondò Rivella,70
Via Revello,30
Via Legnano,30
Via Padre Francesco Denza,-1
Via Cascina Nuova,30
Via Cenischia,-1
Via Mottalciata,30
Via Martiri del Lavoro,30
Via Eugenio Barsanti,30
Via Enrico Berlinguer,30
Strada Provinciale 12,50
Via Leonardo Moreni,-1
Piazzale Grande Torino,30
Via Peui dle pere,30
Via del Pascolo,30
Via San Massimo,50
Via Giuseppe Tartini,30
Via Fratelli Ruffini,30
Piazzale Villa della Regina,-1
Via Orvieto,30
Piazza Piero della Francesca,-1
Via Carlo Pedrotti,30
Via Adamello,30
croce bianca hard,-1
Strada Provinciale 139 di Villafranca,50
Viale Francesco Fasano,-1
Via Sabaudia,50
Via San Fermo,30
Via Grande Torino,30
Via Costi,30
Corso Francia,70
Strada dell'Ormea,30
Via Vincenzo Troya,30
Via Generale Chiapperotti,30
Via Francesco Demargherita,30
Via Cuneo,30
Via Bussoleno,30
Via Michelangelo Rulfi,30
Vicolo Auratori,-1
Via Giovanni Battista Scapacino,30
Sesta Strada,-1
Via Alessandro Fleming,30
Via Gaetano Mosca,-1
Via Giuseppe Gonella,30
Via Carrù,-1
Via Candia,30
Via Bettino Ricasoli,30
Strada Antegnasco,30
Via Moie,30
Via Giuseppe Genè,30
alla frana scendi nel rio,-1
Via Quarone,30
Via Giacomo Balla,30
Via Cremona,30
Via Rosa Luxembourg,-1
Via Pietra del Gallo,-1
Via Copernico,30
Via Carlo Cipolla,30
via Savona,-1
Via Giuseppe Ciotta,30
Via Parini,30
Via Villa Giusti,30
Via Goldoni,-1
Piazza Teresa Confalonieri,30
Piazza G. Perlasca,-1
Via delle Rosine,30
Via Corio,30
Via Giuseppe Camino,30
Via Pasquale Paoli,30
Via Tagliamento,30
Corso Filippo Brunelleschi,50
Via Villa Cristina,50
Via Edoardo Daneo 10,30
Via Romagnano,-1
Strada Vecchia Rivodora,-1
Piazza della Consolata,-1
Via Vivaldi,30
Via Quintino Sella,30
Via Riesi,30
Strada della Serra,30
Via Carlo Promis,-1
Strada San Mauro,30
Via Claudio Monteverdi,-1
Strada San Martino,50
Via Corte d'Appello,-1
Via XXIV Maggio,30
Via San Salvà,30
Via Borriana,30
Via Carlo Casale,30
Via Vincenzo Bellini,30
Via Capra,30
Via Monte Cristallo,30
Corso IV Novembre,30
Via San Martino,30
Piazza Coriolano,30
Corso Luigi Kossuth,30
Via Carlo Michele Buscalioni,30
Via Bocciardina,-1
Via Fratelli Passoni,30
Via Borgaretto,50
Via del Vallo,30
Via Febo,30
int,-1
Via Mattie,-1
Piazza San Secondo,30
Via Teramo,30
Vicolo Crocetta,30
Via San Benedetto,-1
Via Milano,50
Largo delle Alpi,-1
Via Giovanni Carducci,30
Viale Solidarietà,-1
Via P Gobetti,30
Via Parella,-1
Corso Benedetto Croce,30
Via Mezzenile,-1
Via San Cosma e Damiano,30
Sovrapasso Rigola,-1
Via Sangano,30
Strada Settima,-1
Via Plava,30
Via Valerio Lorenzo,30
Viale Giordano Bruno,-1
Strada dei Cunioli Alti,30
Strada Settimo,70
Via dei Tigli,30
Via Gaetano Previati,-1
Via Reno,30
Via della Stazione,30
Strada Pascolo,-1
Corso Papa Giovanni XXIII,50
Via Giuseppe di Rovasenda,-1
Via delle Verbene,30
Via Gerdil,-1
Via Borello,30
Via San Felice,50
via F.lli Bandiera,-1
Via S Massimo,50
Corso Palermo,50
Via Madonna di Celle,30
Rondò della Forca,70
~,-1
Via Belfiore,-1
Via Lauro Rossi,-1
Galleria San Federico,-1
Via Argentera,30
Via Gottardo,30
Via Lame,30
Via Giacomo Bosso,30
Corso Enrico Tazzoli,50
Via Montegrappa,50
Piazza Pietro Paleocapa,-1
Via Valprato,-1
Via Casteggio,30
Piazza Vincenzo Arbarello,-1
Via San Giusto,30
Via Latina,30
Via Pallanza,30
Via Rivara,30
Via Ca Nuova,50
Via Don Lupo Domenico,30
Piazzetta Cerignola,30
Via Alessandro Cruto,30
Via Carisio,-1
Via Amedeo Modigliani,-1
Via Farigliano,30
Via Campiglione,-1
Via Tommaso Salvini,-1
Piazza Trento,30
Via Rio Giapper,30
Via Trofarello,30
Via Francesco Baracca,30
Viale Simonis,-1
Via Tetti Aiassa,30
Via Guido Guinicelli,30
Via Giacomo Ungaretti,30
Via Poliziano,30
Via Pietro Palmieri,30
Via Meina,-1
Via Cometto,-1
Via Giovanni Valetti (interno 76),30
Via Macedonia,30
Piazza Campidoglio,30
Via Achille Loria,-1
Via Andrea Mantegna,30
Strada vicinale di Crose,-1
Strada Villa Stella,30
Corona Verde,-1
Strada Pedaggio Vecchio,-1
Via Isernia,30
Via Unità d'Italia,30
Strada Antica Rivoli Rivalta,-1
ponte Violino,-1
Via Forchino,-1
Via Brenta,30
Via Martiri di Cefalonia,30
Largo Volturno,-1
Via Claudio Luigi Berthollet,-1
Via Romolo Gessi,50
Largo Regio Parco,50
Corso Vercelli 141,-1
Via Cantoira,-1
Via Fratelli Tortone,30
Corso Vercelli 142,-1
Via Francesco Millio,-1
Via Guglielmino,30
via Fossano,-1
Via Prali,-1
Piazza Derna,70
Corso Gaetano Salvemini,30
46,-1
1,-1
Via Michelangelo Buonarroti,30
Via Carlo Matteucci,-1
Via Friedrich Nietzsche,30
Via Paolo Sarpi,30
Via Vittorio Andreis,-1
Via M. Biglia,30
Via Andrea Perrone,30
Corso Sommeiller,50
Viale dei Ciliegi,30
Via Richard d'Oriente,-1
Via Paesana,50
Via Luigi Galvani,30
Via Parisetto,30
Via Giovanni Prati,30
Via alla Parrocchia,30
Via Valdieri,30
Via Giovanni Da Verrazzano,30
Via Raffaello Lambruschini,30
Via Stefano Scoffone,30
Alessandro Manzoni,30
Corso Carlo Piaggia,-1
Via Alessandro Manzoni,30
Corso Sacco e Vanzetti,30
Via Rajiv Ghandi,30
Via Cotta,30
Viale Lombardia,-1
Strada Provinciale di Cuorgnè,-1
Via Silvestro Lega,30
Corso Corsica,30
Via Renzo Cattaneo,30
Via Firminio Lucco Bossù,-1
Via San Giuseppe,30
Via Crissolo,30
Via Giuseppe Bonello,30
Via Bellaria,30
Via San Vincenzo,-1
Piazza Papa Giovanni XXIII,50
Bu,-1
Via Morando,-1
Via Francesca Saveria Cabrini,30
Via Airauda,-1
Via Monte Sabotino,30
Via Cesare Balbo,30
Via alle Scuole,30
Via Eleonora d'Arborea 9,-1
Via Fratelli De Maistre,30
Via Giovanni Arpino,30
Via Cardinal Ferrari,-1
Via C. Casalegno,30
Via Moncenisio,30
Via I Maggio,30
Via Rossana,30
Via Sestriere,30
Saint Bon,-1
Via Flli Aghemo,30
Via Lodovico Muratori,30
Via Pier Giorgio Frassati,30
Via Groscavallo,-1
Via Cognasso,-1
Strada della Marca,-1
Strada comunale Bertolla,30
Viale Cappuccini,-1
Piazza Benefica,-1
Corso Cairoli,30
Corso Moncalieri,30
Piazza Carlo Felice,-1
via Agostino da Montefeltro,-1
Strada Valle Garavaglia,30
Via Pomaretto,30
Via Antonio Sant'Elia,30
Via Podgora,30
Via Beato Sebastiano Valfrè,-1
Strada 13,-1
26 Strada dei Tetti Bertoglio,-1
Strada Ossole,-1
Via Tre Galline,-1
Via Mirande,-1
Via Pietro Cossa,30
Strada del Mainero,30
Lungo Dora Colletta,30
Vicolo San Lorenzo,30
Anello 44,-1
Via Andrea Sansovino,30
Via Rosalba Carriera,-1
Via Ettore Perrone,30
Via Brodolini,-1
Sottopasso Spezia,50
Strada 18,-1
Via Rosolino Pilo,-1
Strada Fiorentino,-1
Via Mogna,-1
Strada Sant'Irene,30
Via Novalesa,30
via Mulino,30
Strada 16,-1
via Candia,30
Via Madama Cristina,50
Via Bioletto,30
Via Rocchette,30
Strada 14,-1
Via Rabellotto,30
Via Antonio Cinzano (già Via Rosero),30
Via Fratelli Masera,30
Strada comunale di Pecetto,30
Vicolo della fontana,30
Via Grange Palmero,50
Via Scursatone,30
Corso Onorio Lisa,-1
Via Carlo Boucheron,-1
Via Domenico Tibone,-1
Via Acqui,50
Via Antonello da Messina,30
Via Rieti,30
Via Michele Kerbaker,30
Strada Sant'Anselmo,30
Strada Bastone,30
Via Sondrio,30
Via Francesco Morosini,30
Via Valle Gola,30
Via Valle Ceppi,-1
Strada antica Val Pattonera,30
Corso John Fitzgerald Kennedy,50
Via Audello,30
Via Felisio,30
via Solferino,-1
Cristoforo Colombo,-1
Piazzetta Giorgio Perlasca,30
Via Antonio Rosmini,30
Via A. Graf,30
Via Guarino Guarini,30
Strada Della Rotta Lunga,-1
Via Taggia,30
Via Torquato Tasso,30
Via Don Giovanni Sapino,-1
Strada delle Finanze,30
Piazza Visconti Venosta,-1
Piazza Emanuele Filiberto,-1
Piazza Giovanni Bottesini,30
Strada della Croce,-1
Strada Antica di Rivoli,-1
Via Luigi Pagliani,-1
Vicolo Almese,30
Via Enrico Gotti,-1
Via Bricco,30
Via Verolengo 29,30
Via Alessandro Volta,30
Via Nicolò Tommaseo,30
Via Giuseppe di Vittorio,-1
Via Candido Viberti,30
Piazza Giacomo Matteotti,-1
Via Einaudi,30
Via Cottolengo,30
Via Tirreno 134,30
Via Odoardo Tabacchi,30
Via Giambattista Balbis,30
Via Edoardo Perroncito,30
Via Canova,-1
Via Giulio Bizzozero,30
Sottovia Delfino,50
via Castagneto,30
Via De Bernocchi,-1
Via Santhià,30
Pista ciclabile di Lungo Po Antonelli,-1
Via Ganna,30
Ponte Balbis,-1
Piazza Bollani,30
Corso Regina Margherita,70
Via Pietro Motrassino,-1
Piazza Ottorino Respighi,30
Lungo Dora Voghera,50
Via Generale Perotti,30
Viale Roma,50
Via Asinari di Bernezzo 119,30
Viale Castelgomberto,-1
Via Messina,30
Via Folis,50
Via Altina,30
Via Tetti Dematteis,-1
Strada Comunale di Mongreno,30
Via Natale Andreis,30
Via Concetto Marchesi,30
Viale Nestore Delù,30
Via Conte Verde,30
Via Maria Musso Ferraris,-1
Via Giuseppe Mazzini,30
Via Bisalta,-1
Via Noasca,30
Strada della Cebrosa,50
Via San Giovanni d'Arena,30
Via Supeja Gallino,-1
Via del Borgo,30
Via Valle Stretta,30
Strada del Drosso,50
Corso Giovanni Agnelli,50
Via Envie,30
Via Camandona,30
Via Francesco De Sanctis,30
Lungo Po Luigi Cadorna,-1
Corso Sebastopoli,50
Via Luigi Capuana,30
Via Cimarosa,-1
Strada Santa Brigida,-1
Via La Thuile,-1
Via San Lorenzo,30
Via Paolo Emilio Buridani,-1
Strada Antica della Venaria,-1
Via America,50
Corso Filippo Turati,-1
Corso Adriatico,30
Via Corneliano d'Alba,30
Via San Michele del Carso,30
Largo Luigi Cibrario,30
Via Luigi Ambrosini,30
Via Umberto Cosmo,-1
Via Ponza,30
Sentiero del picchio,-1
Via Lucio Battisti,50
Via Gioachino Rossini,30
Piazza Sampieri,30
Via Azzi,30
Via Bairo,30
Piazza Sabotino,-1
Via San Pancrazio,30
cava,-1
Via Villa Glori,-1
Via Casimiro Sperino,30
Piazza Bengasi,30
Via Toscanini,-1
Via Monza,30
Via dei Mulini,30
Via Arcangelo Corelli,30
Via Stuardo,30
Via Tommaso Dorè,30
Via Valfenera,30
Viale San Gabriele,-1
Via Giovanni Bertrandi,30
Via Ornavasso,30
cambogia nuova,-1
Via Svincolo Provinciale,-1
Percorso Roppolo,-1
Piazza Luigi Einaudi,-1
Via Luigi Bergera,-1
Piazza Guido Cavalcanti,30
Via Meana,30
Lungo Dora Siena,30
28,29,-1
Via Giacinto Borelli,-1
Piazza Rossi,30
Via Luigi Ughetto,-1
Via Sofia Novellis,30
Via Portula,-1
Via Calabria 26,30
Via Alfieri di Sostegno,30
Strada del Cantello,30
Via Argonne,30
Via Carlo Alfonso Nallino,30
Via Martino Anglesio,30
Via Rueglio,30
S 40,-1
Via Traves,-1
Via San Donato,-1
Svincolo Settimo Torinese,-1
Largo 2 Giugno,50
Strada del Vesio,-1
Via Maria Cordero,30
Via Domenico Guidobono,30
44,-1
Strada Stupinigi,50
Via San Martino della Battaglia,-1
Via Invorio,-1
Via Carlo Pisacane,30
Via Bernardo Vittone,30
Ponte Emanuele Filiberto,-1
Via Sandro Botticelli,30
Via San Grato,30
Via Marconi,30
Via Caduti per la Libertà,30
Via Giovanni Valetti,30
Via Barge,30
Via Umberto Terracini,-1
Largo Giovanni Boccaccio,30
Via Fausto Coppi,-1
Via Don Milanesio,30
via Bruino,30
Viale Medaglie d'Oro,30
Via Monterotondo,30
Via Pasquale Stanislao Mancini,-1
Via Antonio Vagnone,-1
Corso Monte Grappa,50
Via Forno Canavese,30
Via Ferdinando Bocca,-1
Via Amedeo Gioliti,30
Via Pesaro,-1
Via Fabbriche,-1
Via Pietro Auriletto,-1
Via Caboto,30
Via delle Peonie,30
Strada del Naviglio,30
Strada Santa Maria,-1
Via Ferrara,30
Strada Bibiana,-1
Via Alba,30
Via Gaetano Filangieri,-1
Strada Tetti Rosa,30
Via Rinaldo Ormea,30
Via Don Ignazio Burizio,-1
Via Leon Battista Alberti,30
Via Cane,30
Via Vercelli,30
Via Lombardi,30
Via Galimberti,30
Michelangelo Buonarroti,-1
Piazza Madama Cristina,-1
Via Moretta,-1
Via Carlo Denina,30

SS20,50
A55,130
SS10,50
